0 verbose cli C:\Program Files\nodejs\node.exe C:\Users\mathe\AppData\Roaming\npm\node_modules\npm\bin\npm-cli.js
1 info using npm@10.5.2
2 info using node@v24.15.0
3 timing npm:load:whichnode Completed in 1ms
4 timing config:load:defaults Completed in 2ms
5 timing config:load:file:C:\Users\mathe\AppData\Roaming\npm\node_modules\npm\npmrc Completed in 2ms
6 timing config:load:builtin Completed in 2ms
7 timing config:load:cli Completed in 2ms
8 timing config:load:env Completed in 1ms
9 timing config:load:file:D:\programas\Projetos de programação\Afiliados Netbox\Site institucional - Netbox\.npmrc Completed in 1ms
10 timing config:load:project Completed in 3ms
11 timing config:load:file:C:\Users\mathe\.npmrc Completed in 0ms
12 timing config:load:user Completed in 0ms
13 timing config:load:file:C:\Users\mathe\AppData\Roaming\npm\etc\npmrc Completed in 1ms
14 timing config:load:global Completed in 1ms
15 timing config:load:setEnvs Completed in 1ms
16 timing config:load Completed in 12ms
17 timing npm:load:configload Completed in 12ms
18 timing config:load:flatten Completed in 2ms
19 timing npm:load:mkdirpcache Completed in 0ms
20 timing npm:load:mkdirplogs Completed in 1ms
21 verbose title npm install
22 verbose argv "install" "--cache" ".npm-cache"
23 timing npm:load:setTitle Completed in 0ms
24 timing npm:load:display Completed in 1ms
25 verbose logfile logs-max:10 dir:D:\programas\Projetos de programação\Afiliados Netbox\Site institucional - Netbox\.npm-cache\_logs\2026-07-30T18_10_28_280Z-
26 verbose logfile D:\programas\Projetos de programação\Afiliados Netbox\Site institucional - Netbox\.npm-cache\_logs\2026-07-30T18_10_28_280Z-debug-0.log
27 timing npm:load:logFile Completed in 2ms
28 timing npm:load:timers Completed in 0ms
29 timing npm:load:configScope Completed in 0ms
30 timing npm:load Completed in 36ms
31 timing arborist:ctor Completed in 0ms
32 silly logfile done cleaning log files
33 timing idealTree:init Completed in 253ms
34 timing idealTree:userRequests Completed in 0ms
35 silly idealTree buildDeps
36 timing idealTree:#root Completed in 0ms
37 timing idealTree:buildDeps Completed in 2ms
38 timing idealTree:fixDepFlags Completed in 0ms
39 timing idealTree Completed in 261ms
40 verbose shrinkwrap failed to load node_modules/.package-lock.json out of date, updated: node_modules
41 timing reify:loadTrees Completed in 592ms
42 timing reify:diffTrees Completed in 9ms
43 silly reify mark retired [
43 silly reify   'D:\\programas\\Projetos de programação\\Afiliados Netbox\\Site institucional - Netbox\\node_modules\\acorn'
43 silly reify ]
44 silly reify mark retired [
44 silly reify   'D:\\programas\\Projetos de programação\\Afiliados Netbox\\Site institucional - Netbox\\node_modules\\acorn-loose'
44 silly reify ]
45 silly reify mark retired [
45 silly reify   'D:\\programas\\Projetos de programação\\Afiliados Netbox\\Site institucional - Netbox\\node_modules\\acorn-import-phases'
45 silly reify ]
46 silly reify mark retired [
46 silly reify   'D:\\programas\\Projetos de programação\\Afiliados Netbox\\Site institucional - Netbox\\node_modules\\base64-js'
46 silly reify ]
47 silly reify mark retired [
47 silly reify   'D:\\programas\\Projetos de programação\\Afiliados Netbox\\Site institucional - Netbox\\node_modules\\baseline-browser-mapping'
47 silly reify ]
48 silly reify mark retired [
48 silly reify   'D:\\programas\\Projetos de programação\\Afiliados Netbox\\Site institucional - Netbox\\node_modules\\blake3-wasm'
48 silly reify ]
49 silly reify mark retired [
49 silly reify   'D:\\programas\\Projetos de programação\\Afiliados Netbox\\Site institucional - Netbox\\node_modules\\browserslist'
49 silly reify ]
50 silly reify mark retired [
50 silly reify   'D:\\programas\\Projetos de programação\\Afiliados Netbox\\Site institucional - Netbox\\node_modules\\caniuse-lite'
50 silly reify ]
51 silly reify mark retired [
51 silly reify   'D:\\programas\\Projetos de programação\\Afiliados Netbox\\Site institucional - Netbox\\node_modules\\css-background-parser'
51 silly reify ]
52 silly reify mark retired [
52 silly reify   'D:\\programas\\Projetos de programação\\Afiliados Netbox\\Site institucional - Netbox\\node_modules\\css-box-shadow'
52 silly reify ]
53 silly reify mark retired [
53 silly reify   'D:\\programas\\Projetos de programação\\Afiliados Netbox\\Site institucional - Netbox\\node_modules\\css-gradient-parser'
53 silly reify ]
54 silly reify mark retired [
54 silly reify   'D:\\programas\\Projetos de programação\\Afiliados Netbox\\Site institucional - Netbox\\node_modules\\drizzle-orm'
54 silly reify ]
55 silly reify mark retired [
55 silly reify   'D:\\programas\\Projetos de programação\\Afiliados Netbox\\Site institucional - Netbox\\node_modules\\drizzle-kit'
55 silly reify ]
56 silly reify mark retired [
56 silly reify   'D:\\programas\\Projetos de programação\\Afiliados Netbox\\Site institucional - Netbox\\node_modules\\electron-to-chromium'
56 silly reify ]
57 silly reify mark retired [
57 silly reify   'D:\\programas\\Projetos de programação\\Afiliados Netbox\\Site institucional - Netbox\\node_modules\\enhanced-resolve'
57 silly reify ]
58 silly reify mark retired [
58 silly reify   'D:\\programas\\Projetos de programação\\Afiliados Netbox\\Site institucional - Netbox\\node_modules\\emoji-regex-xs'
58 silly reify ]
59 silly reify mark retired [
59 silly reify   'D:\\programas\\Projetos de programação\\Afiliados Netbox\\Site institucional - Netbox\\node_modules\\error-stack-parser-es'
59 silly reify ]
60 silly reify mark retired [
60 silly reify   'D:\\programas\\Projetos de programação\\Afiliados Netbox\\Site institucional - Netbox\\node_modules\\es-module-lexer'
60 silly reify ]
61 silly reify mark retired [
61 silly reify   'D:\\programas\\Projetos de programação\\Afiliados Netbox\\Site institucional - Netbox\\node_modules\\esbuild'
61 silly reify ]
62 silly reify mark retired [
62 silly reify   'D:\\programas\\Projetos de programação\\Afiliados Netbox\\Site institucional - Netbox\\node_modules\\eslint-config-next'
62 silly reify ]
63 silly reify mark retired [
63 silly reify   'D:\\programas\\Projetos de programação\\Afiliados Netbox\\Site institucional - Netbox\\node_modules\\eslint'
63 silly reify ]
64 silly reify mark retired [
64 silly reify   'D:\\programas\\Projetos de programação\\Afiliados Netbox\\Site institucional - Netbox\\node_modules\\estree-walker'
64 silly reify ]
65 silly reify mark retired [
65 silly reify   'D:\\programas\\Projetos de programação\\Afiliados Netbox\\Site institucional - Netbox\\node_modules\\fflate'
65 silly reify ]
66 silly reify mark retired [
66 silly reify   'D:\\programas\\Projetos de programação\\Afiliados Netbox\\Site institucional - Netbox\\node_modules\\fsevents'
66 silly reify ]
67 silly reify mark retired [
67 silly reify   'D:\\programas\\Projetos de programação\\Afiliados Netbox\\Site institucional - Netbox\\node_modules\\globrex'
67 silly reify ]
68 silly reify mark retired [
68 silly reify   'D:\\programas\\Projetos de programação\\Afiliados Netbox\\Site institucional - Netbox\\node_modules\\hex-rgb'
68 silly reify ]
69 silly reify mark retired [
69 silly reify   'D:\\programas\\Projetos de programação\\Afiliados Netbox\\Site institucional - Netbox\\node_modules\\image-size'
69 silly reify ]
70 silly reify mark retired [
70 silly reify   'D:\\programas\\Projetos de programação\\Afiliados Netbox\\Site institucional - Netbox\\node_modules\\ipaddr.js'
70 silly reify ]
71 silly reify mark retired [
71 silly reify   'D:\\programas\\Projetos de programação\\Afiliados Netbox\\Site institucional - Netbox\\node_modules\\jiti'
71 silly reify ]
72 silly reify mark retired [
72 silly reify   'D:\\programas\\Projetos de programação\\Afiliados Netbox\\Site institucional - Netbox\\node_modules\\js-yaml'
72 silly reify ]
73 silly reify mark retired [
73 silly reify   'D:\\programas\\Projetos de programação\\Afiliados Netbox\\Site institucional - Netbox\\node_modules\\jsesc'
73 silly reify ]
74 silly reify mark retired [
74 silly reify   'D:\\programas\\Projetos de programação\\Afiliados Netbox\\Site institucional - Netbox\\node_modules\\json5'
74 silly reify ]
75 silly reify mark retired [
75 silly reify   'D:\\programas\\Projetos de programação\\Afiliados Netbox\\Site institucional - Netbox\\node_modules\\lightningcss'
75 silly reify ]
76 silly reify mark retired [
76 silly reify   'D:\\programas\\Projetos de programação\\Afiliados Netbox\\Site institucional - Netbox\\node_modules\\lightningcss-android-arm64'
76 silly reify ]
77 silly reify mark retired [
77 silly reify   'D:\\programas\\Projetos de programação\\Afiliados Netbox\\Site institucional - Netbox\\node_modules\\lightningcss-darwin-x64'
77 silly reify ]
78 silly reify mark retired [
78 silly reify   'D:\\programas\\Projetos de programação\\Afiliados Netbox\\Site institucional - Netbox\\node_modules\\lightningcss-freebsd-x64'
78 silly reify ]
79 silly reify mark retired [
79 silly reify   'D:\\programas\\Projetos de programação\\Afiliados Netbox\\Site institucional - Netbox\\node_modules\\lightningcss-linux-arm-gnueabihf'
79 silly reify ]
80 silly reify mark retired [
80 silly reify   'D:\\programas\\Projetos de programação\\Afiliados Netbox\\Site institucional - Netbox\\node_modules\\lightningcss-darwin-arm64'
80 silly reify ]
81 silly reify mark retired [
81 silly reify   'D:\\programas\\Projetos de programação\\Afiliados Netbox\\Site institucional - Netbox\\node_modules\\lightningcss-linux-arm64-musl'
81 silly reify ]
82 silly reify mark retired [
82 silly reify   'D:\\programas\\Projetos de programação\\Afiliados Netbox\\Site institucional - Netbox\\node_modules\\lightningcss-linux-arm64-gnu'
82 silly reify ]
83 silly reify mark retired [
83 silly reify   'D:\\programas\\Projetos de programação\\Afiliados Netbox\\Site institucional - Netbox\\node_modules\\lightningcss-win32-arm64-msvc'
83 silly reify ]
84 silly reify mark retired [
84 silly reify   'D:\\programas\\Projetos de programação\\Afiliados Netbox\\Site institucional - Netbox\\node_modules\\lightningcss-linux-x64-gnu'
84 silly reify ]
85 silly reify mark retired [
85 silly reify   'D:\\programas\\Projetos de programação\\Afiliados Netbox\\Site institucional - Netbox\\node_modules\\lightningcss-win32-x64-msvc'
85 silly reify ]
86 silly reify mark retired [
86 silly reify   'D:\\programas\\Projetos de programação\\Afiliados Netbox\\Site institucional - Netbox\\node_modules\\linebreak'
86 silly reify ]
87 silly reify mark retired [
87 silly reify   'D:\\programas\\Projetos de programação\\Afiliados Netbox\\Site institucional - Netbox\\node_modules\\lightningcss-linux-x64-musl'
87 silly reify ]
88 silly reify mark retired [
88 silly reify   'D:\\programas\\Projetos de programação\\Afiliados Netbox\\Site institucional - Netbox\\node_modules\\loader-runner'
88 silly reify ]
89 silly reify mark retired [
89 silly reify   'D:\\programas\\Projetos de programação\\Afiliados Netbox\\Site institucional - Netbox\\node_modules\\loose-envify'
89 silly reify ]
90 silly reify mark retired [
90 silly reify   'D:\\programas\\Projetos de programação\\Afiliados Netbox\\Site institucional - Netbox\\node_modules\\miniflare'
90 silly reify ]
91 silly reify mark retired [
91 silly reify   'D:\\programas\\Projetos de programação\\Afiliados Netbox\\Site institucional - Netbox\\node_modules\\napi-postinstall'
91 silly reify ]
92 silly reify mark retired [
92 silly reify   'D:\\programas\\Projetos de programação\\Afiliados Netbox\\Site institucional - Netbox\\node_modules\\nanoid'
92 silly reify ]
93 silly reify mark retired [
93 silly reify   'D:\\programas\\Projetos de programação\\Afiliados Netbox\\Site institucional - Netbox\\node_modules\\next'
93 silly reify ]
94 silly reify mark retired [
94 silly reify   'D:\\programas\\Projetos de programação\\Afiliados Netbox\\Site institucional - Netbox\\node_modules\\node-releases'
94 silly reify ]
95 silly reify mark retired [
95 silly reify   'D:\\programas\\Projetos de programação\\Afiliados Netbox\\Site institucional - Netbox\\node_modules\\pako'
95 silly reify ]
96 silly reify mark retired [
96 silly reify   'D:\\programas\\Projetos de programação\\Afiliados Netbox\\Site institucional - Netbox\\node_modules\\parse-css-color'
96 silly reify ]
97 silly reify mark retired [
97 silly reify   'D:\\programas\\Projetos de programação\\Afiliados Netbox\\Site institucional - Netbox\\node_modules\\react-server-dom-webpack'
97 silly reify ]
98 silly reify mark retired [
98 silly reify   'D:\\programas\\Projetos de programação\\Afiliados Netbox\\Site institucional - Netbox\\node_modules\\resolve'
98 silly reify ]
99 silly reify mark retired [
99 silly reify   'D:\\programas\\Projetos de programação\\Afiliados Netbox\\Site institucional - Netbox\\node_modules\\rolldown'
99 silly reify ]
100 silly reify mark retired [
100 silly reify   'D:\\programas\\Projetos de programação\\Afiliados Netbox\\Site institucional - Netbox\\node_modules\\satori'
100 silly reify ]
101 silly reify mark retired [
101 silly reify   'D:\\programas\\Projetos de programação\\Afiliados Netbox\\Site institucional - Netbox\\node_modules\\schema-utils'
101 silly reify ]
102 silly reify mark retired [
102 silly reify   'D:\\programas\\Projetos de programação\\Afiliados Netbox\\Site institucional - Netbox\\node_modules\\semver'
102 silly reify ]
103 silly reify mark retired [
103 silly reify   'D:\\programas\\Projetos de programação\\Afiliados Netbox\\Site institucional - Netbox\\node_modules\\srvx'
103 silly reify ]
104 silly reify mark retired [
104 silly reify   'D:\\programas\\Projetos de programação\\Afiliados Netbox\\Site institucional - Netbox\\node_modules\\string.prototype.codepointat'
104 silly reify ]
105 silly reify mark retired [
105 silly reify   'D:\\programas\\Projetos de programação\\Afiliados Netbox\\Site institucional - Netbox\\node_modules\\strip-literal'
105 silly reify ]
106 silly reify mark retired [
106 silly reify   'D:\\programas\\Projetos de programação\\Afiliados Netbox\\Site institucional - Netbox\\node_modules\\tailwindcss'
106 silly reify ]
107 silly reify mark retired [
107 silly reify   'D:\\programas\\Projetos de programação\\Afiliados Netbox\\Site institucional - Netbox\\node_modules\\terser-webpack-plugin'
107 silly reify ]
108 silly reify mark retired [
108 silly reify   'D:\\programas\\Projetos de programação\\Afiliados Netbox\\Site institucional - Netbox\\node_modules\\terser'
108 silly reify ]
109 silly reify mark retired [
109 silly reify   'D:\\programas\\Projetos de programação\\Afiliados Netbox\\Site institucional - Netbox\\node_modules\\tiny-inflate'
109 silly reify ]
110 silly reify mark retired [
110 silly reify   'D:\\programas\\Projetos de programação\\Afiliados Netbox\\Site institucional - Netbox\\node_modules\\tsconfck'
110 silly reify ]
111 silly reify mark retired [
111 silly reify   'D:\\programas\\Projetos de programação\\Afiliados Netbox\\Site institucional - Netbox\\node_modules\\tsx'
111 silly reify ]
112 silly reify mark retired [
112 silly reify   'D:\\programas\\Projetos de programação\\Afiliados Netbox\\Site institucional - Netbox\\node_modules\\turbo-stream'
112 silly reify ]
113 silly reify mark retired [
113 silly reify   'D:\\programas\\Projetos de programação\\Afiliados Netbox\\Site institucional - Netbox\\node_modules\\typescript-eslint'
113 silly reify ]
114 silly reify mark retired [
114 silly reify   'D:\\programas\\Projetos de programação\\Afiliados Netbox\\Site institucional - Netbox\\node_modules\\typescript'
114 silly reify ]
115 silly reify mark retired [
115 silly reify   'D:\\programas\\Projetos de programação\\Afiliados Netbox\\Site institucional - Netbox\\node_modules\\unenv'
115 silly reify ]
116 silly reify mark retired [
116 silly reify   'D:\\programas\\Projetos de programação\\Afiliados Netbox\\Site institucional - Netbox\\node_modules\\undici'
116 silly reify ]
117 silly reify mark retired [
117 silly reify   'D:\\programas\\Projetos de programação\\Afiliados Netbox\\Site institucional - Netbox\\node_modules\\unpic'
117 silly reify ]
118 silly reify mark retired [
118 silly reify   'D:\\programas\\Projetos de programação\\Afiliados Netbox\\Site institucional - Netbox\\node_modules\\unicode-trie'
118 silly reify ]
119 silly reify mark retired [
119 silly reify   'D:\\programas\\Projetos de programação\\Afiliados Netbox\\Site institucional - Netbox\\node_modules\\vinext'
119 silly reify ]
120 silly reify mark retired [
120 silly reify   'D:\\programas\\Projetos de programação\\Afiliados Netbox\\Site institucional - Netbox\\node_modules\\update-browserslist-db'
120 silly reify ]
121 silly reify mark retired [
121 silly reify   'D:\\programas\\Projetos de programação\\Afiliados Netbox\\Site institucional - Netbox\\node_modules\\vite'
121 silly reify ]
122 silly reify mark retired [
122 silly reify   'D:\\programas\\Projetos de programação\\Afiliados Netbox\\Site institucional - Netbox\\node_modules\\vitefu'
122 silly reify ]
123 silly reify mark retired [
123 silly reify   'D:\\programas\\Projetos de programação\\Afiliados Netbox\\Site institucional - Netbox\\node_modules\\vite-plugin-dynamic-import'
123 silly reify ]
124 silly reify mark retired [
124 silly reify   'D:\\programas\\Projetos de programação\\Afiliados Netbox\\Site institucional - Netbox\\node_modules\\vite-plugin-commonjs'
124 silly reify ]
125 silly reify mark retired [
125 silly reify   'D:\\programas\\Projetos de programação\\Afiliados Netbox\\Site institucional - Netbox\\node_modules\\vite-tsconfig-paths'
125 silly reify ]
126 silly reify mark retired [
126 silly reify   'D:\\programas\\Projetos de programação\\Afiliados Netbox\\Site institucional - Netbox\\node_modules\\web-vitals'
126 silly reify ]
127 silly reify mark retired [
127 silly reify   'D:\\programas\\Projetos de programação\\Afiliados Netbox\\Site institucional - Netbox\\node_modules\\watchpack'
127 silly reify ]
128 silly reify mark retired [
128 silly reify   'D:\\programas\\Projetos de programação\\Afiliados Netbox\\Site institucional - Netbox\\node_modules\\webpack-sources'
128 silly reify ]
129 silly reify mark retired [
129 silly reify   'D:\\programas\\Projetos de programação\\Afiliados Netbox\\Site institucional - Netbox\\node_modules\\webpack'
129 silly reify ]
130 silly reify mark retired [
130 silly reify   'D:\\programas\\Projetos de programação\\Afiliados Netbox\\Site institucional - Netbox\\node_modules\\which'
130 silly reify ]
131 silly reify mark retired [
131 silly reify   'D:\\programas\\Projetos de programação\\Afiliados Netbox\\Site institucional - Netbox\\node_modules\\workerd'
131 silly reify ]
132 silly reify mark retired [
132 silly reify   'D:\\programas\\Projetos de programação\\Afiliados Netbox\\Site institucional - Netbox\\node_modules\\ws'
132 silly reify ]
133 silly reify mark retired [
133 silly reify   'D:\\programas\\Projetos de programação\\Afiliados Netbox\\Site institucional - Netbox\\node_modules\\wrangler'
133 silly reify ]
134 silly reify mark retired [
134 silly reify   'D:\\programas\\Projetos de programação\\Afiliados Netbox\\Site institucional - Netbox\\node_modules\\yoga-layout'
134 silly reify ]
135 silly reify mark retired [
135 silly reify   'D:\\programas\\Projetos de programação\\Afiliados Netbox\\Site institucional - Netbox\\node_modules\\youch'
135 silly reify ]
136 silly reify mark retired [
136 silly reify   'D:\\programas\\Projetos de programação\\Afiliados Netbox\\Site institucional - Netbox\\node_modules\\youch-core'
136 silly reify ]
137 silly reify mark retired [
137 silly reify   'D:\\programas\\Projetos de programação\\Afiliados Netbox\\Site institucional - Netbox\\node_modules\\@babel\\parser'
137 silly reify ]
138 silly reify mark retired [
138 silly reify   'D:\\programas\\Projetos de programação\\Afiliados Netbox\\Site institucional - Netbox\\node_modules\\@cloudflare\\unenv-preset'
138 silly reify ]
139 silly reify mark retired [
139 silly reify   'D:\\programas\\Projetos de programação\\Afiliados Netbox\\Site institucional - Netbox\\node_modules\\@cloudflare\\kv-asset-handler'
139 silly reify ]
140 silly reify mark retired [
140 silly reify   'D:\\programas\\Projetos de programação\\Afiliados Netbox\\Site institucional - Netbox\\node_modules\\@cloudflare\\workerd-darwin-arm64'
140 silly reify ]
141 silly reify mark retired [
141 silly reify   'D:\\programas\\Projetos de programação\\Afiliados Netbox\\Site institucional - Netbox\\node_modules\\@cloudflare\\vite-plugin'
141 silly reify ]
142 silly reify mark retired [
142 silly reify   'D:\\programas\\Projetos de programação\\Afiliados Netbox\\Site institucional - Netbox\\node_modules\\@cloudflare\\workerd-darwin-64'
142 silly reify ]
143 silly reify mark retired [
143 silly reify   'D:\\programas\\Projetos de programação\\Afiliados Netbox\\Site institucional - Netbox\\node_modules\\@cloudflare\\workerd-linux-arm64'
143 silly reify ]
144 silly reify mark retired [
144 silly reify   'D:\\programas\\Projetos de programação\\Afiliados Netbox\\Site institucional - Netbox\\node_modules\\@cloudflare\\workerd-windows-64'
144 silly reify ]
145 silly reify mark retired [
145 silly reify   'D:\\programas\\Projetos de programação\\Afiliados Netbox\\Site institucional - Netbox\\node_modules\\@cloudflare\\workerd-linux-64'
145 silly reify ]
146 silly reify mark retired [
146 silly reify   'D:\\programas\\Projetos de programação\\Afiliados Netbox\\Site institucional - Netbox\\node_modules\\@cspotcode\\source-map-support'
146 silly reify ]
147 silly reify mark retired [
147 silly reify   'D:\\programas\\Projetos de programação\\Afiliados Netbox\\Site institucional - Netbox\\node_modules\\@esbuild\\android-arm64'
147 silly reify ]
148 silly reify mark retired [
148 silly reify   'D:\\programas\\Projetos de programação\\Afiliados Netbox\\Site institucional - Netbox\\node_modules\\@esbuild\\aix-ppc64'
148 silly reify ]
149 silly reify mark retired [
149 silly reify   'D:\\programas\\Projetos de programação\\Afiliados Netbox\\Site institucional - Netbox\\node_modules\\@esbuild\\android-x64'
149 silly reify ]
150 silly reify mark retired [
150 silly reify   'D:\\programas\\Projetos de programação\\Afiliados Netbox\\Site institucional - Netbox\\node_modules\\@esbuild\\android-arm'
150 silly reify ]
151 silly reify mark retired [
151 silly reify   'D:\\programas\\Projetos de programação\\Afiliados Netbox\\Site institucional - Netbox\\node_modules\\@esbuild\\darwin-arm64'
151 silly reify ]
152 silly reify mark retired [
152 silly reify   'D:\\programas\\Projetos de programação\\Afiliados Netbox\\Site institucional - Netbox\\node_modules\\@esbuild\\darwin-x64'
152 silly reify ]
153 silly reify mark retired [
153 silly reify   'D:\\programas\\Projetos de programação\\Afiliados Netbox\\Site institucional - Netbox\\node_modules\\@esbuild\\freebsd-x64'
153 silly reify ]
154 silly reify mark retired [
154 silly reify   'D:\\programas\\Projetos de programação\\Afiliados Netbox\\Site institucional - Netbox\\node_modules\\@esbuild\\freebsd-arm64'
154 silly reify ]
155 silly reify mark retired [
155 silly reify   'D:\\programas\\Projetos de programação\\Afiliados Netbox\\Site institucional - Netbox\\node_modules\\@esbuild\\linux-arm'
155 silly reify ]
156 silly reify mark retired [
156 silly reify   'D:\\programas\\Projetos de programação\\Afiliados Netbox\\Site institucional - Netbox\\node_modules\\@esbuild\\linux-arm64'
156 silly reify ]
157 silly reify mark retired [
157 silly reify   'D:\\programas\\Projetos de programação\\Afiliados Netbox\\Site institucional - Netbox\\node_modules\\@esbuild\\linux-ia32'
157 silly reify ]
158 silly reify mark retired [
158 silly reify   'D:\\programas\\Projetos de programação\\Afiliados Netbox\\Site institucional - Netbox\\node_modules\\@esbuild\\linux-loong64'
158 silly reify ]
159 silly reify mark retired [
159 silly reify   'D:\\programas\\Projetos de programação\\Afiliados Netbox\\Site institucional - Netbox\\node_modules\\@esbuild\\linux-ppc64'
159 silly reify ]
160 silly reify mark retired [
160 silly reify   'D:\\programas\\Projetos de programação\\Afiliados Netbox\\Site institucional - Netbox\\node_modules\\@esbuild\\linux-mips64el'
160 silly reify ]
161 silly reify mark retired [
161 silly reify   'D:\\programas\\Projetos de programação\\Afiliados Netbox\\Site institucional - Netbox\\node_modules\\@esbuild\\linux-riscv64'
161 silly reify ]
162 silly reify mark retired [
162 silly reify   'D:\\programas\\Projetos de programação\\Afiliados Netbox\\Site institucional - Netbox\\node_modules\\@esbuild\\linux-x64'
162 silly reify ]
163 silly reify mark retired [
163 silly reify   'D:\\programas\\Projetos de programação\\Afiliados Netbox\\Site institucional - Netbox\\node_modules\\@esbuild\\linux-s390x'
163 silly reify ]
164 silly reify mark retired [
164 silly reify   'D:\\programas\\Projetos de programação\\Afiliados Netbox\\Site institucional - Netbox\\node_modules\\@esbuild\\netbsd-x64'
164 silly reify ]
165 silly reify mark retired [
165 silly reify   'D:\\programas\\Projetos de programação\\Afiliados Netbox\\Site institucional - Netbox\\node_modules\\@esbuild\\netbsd-arm64'
165 silly reify ]
166 silly reify mark retired [
166 silly reify   'D:\\programas\\Projetos de programação\\Afiliados Netbox\\Site institucional - Netbox\\node_modules\\@esbuild\\openbsd-arm64'
166 silly reify ]
167 silly reify mark retired [
167 silly reify   'D:\\programas\\Projetos de programação\\Afiliados Netbox\\Site institucional - Netbox\\node_modules\\@esbuild\\openbsd-x64'
167 silly reify ]
168 silly reify mark retired [
168 silly reify   'D:\\programas\\Projetos de programação\\Afiliados Netbox\\Site institucional - Netbox\\node_modules\\@esbuild\\sunos-x64'
168 silly reify ]
169 silly reify mark retired [
169 silly reify   'D:\\programas\\Projetos de programação\\Afiliados Netbox\\Site institucional - Netbox\\node_modules\\@esbuild\\openharmony-arm64'
169 silly reify ]
170 silly reify mark retired [
170 silly reify   'D:\\programas\\Projetos de programação\\Afiliados Netbox\\Site institucional - Netbox\\node_modules\\@esbuild\\win32-arm64'
170 silly reify ]
171 silly reify mark retired [
171 silly reify   'D:\\programas\\Projetos de programação\\Afiliados Netbox\\Site institucional - Netbox\\node_modules\\@esbuild\\win32-ia32'
171 silly reify ]
172 silly reify mark retired [
172 silly reify   'D:\\programas\\Projetos de programação\\Afiliados Netbox\\Site institucional - Netbox\\node_modules\\@img\\sharp-darwin-arm64'
172 silly reify ]
173 silly reify mark retired [
173 silly reify   'D:\\programas\\Projetos de programação\\Afiliados Netbox\\Site institucional - Netbox\\node_modules\\@img\\sharp-darwin-x64'
173 silly reify ]
174 silly reify mark retired [
174 silly reify   'D:\\programas\\Projetos de programação\\Afiliados Netbox\\Site institucional - Netbox\\node_modules\\@img\\sharp-libvips-darwin-arm64'
174 silly reify ]
175 silly reify mark retired [
175 silly reify   'D:\\programas\\Projetos de programação\\Afiliados Netbox\\Site institucional - Netbox\\node_modules\\@img\\sharp-libvips-darwin-x64'
175 silly reify ]
176 silly reify mark retired [
176 silly reify   'D:\\programas\\Projetos de programação\\Afiliados Netbox\\Site institucional - Netbox\\node_modules\\@img\\sharp-libvips-linux-arm'
176 silly reify ]
177 silly reify mark retired [
177 silly reify   'D:\\programas\\Projetos de programação\\Afiliados Netbox\\Site institucional - Netbox\\node_modules\\@img\\sharp-libvips-linux-ppc64'
177 silly reify ]
178 silly reify mark retired [
178 silly reify   'D:\\programas\\Projetos de programação\\Afiliados Netbox\\Site institucional - Netbox\\node_modules\\@img\\sharp-libvips-linux-s390x'
178 silly reify ]
179 silly reify mark retired [
179 silly reify   'D:\\programas\\Projetos de programação\\Afiliados Netbox\\Site institucional - Netbox\\node_modules\\@img\\sharp-libvips-linux-riscv64'
179 silly reify ]
180 silly reify mark retired [
180 silly reify   'D:\\programas\\Projetos de programação\\Afiliados Netbox\\Site institucional - Netbox\\node_modules\\@img\\sharp-libvips-linux-arm64'
180 silly reify ]
181 silly reify mark retired [
181 silly reify   'D:\\programas\\Projetos de programação\\Afiliados Netbox\\Site institucional - Netbox\\node_modules\\@img\\sharp-libvips-linux-x64'
181 silly reify ]
182 silly reify mark retired [
182 silly reify   'D:\\programas\\Projetos de programação\\Afiliados Netbox\\Site institucional - Netbox\\node_modules\\@img\\sharp-libvips-linuxmusl-arm64'
182 silly reify ]
183 silly reify mark retired [
183 silly reify   'D:\\programas\\Projetos de programação\\Afiliados Netbox\\Site institucional - Netbox\\node_modules\\@img\\sharp-libvips-linuxmusl-x64'
183 silly reify ]
184 silly reify mark retired [
184 silly reify   'D:\\programas\\Projetos de programação\\Afiliados Netbox\\Site institucional - Netbox\\node_modules\\@img\\sharp-linux-riscv64'
184 silly reify ]
185 silly reify mark retired [
185 silly reify   'D:\\programas\\Projetos de programação\\Afiliados Netbox\\Site institucional - Netbox\\node_modules\\@img\\sharp-linux-ppc64'
185 silly reify ]
186 silly reify mark retired [
186 silly reify   'D:\\programas\\Projetos de programação\\Afiliados Netbox\\Site institucional - Netbox\\node_modules\\@img\\sharp-linux-arm'
186 silly reify ]
187 silly reify mark retired [
187 silly reify   'D:\\programas\\Projetos de programação\\Afiliados Netbox\\Site institucional - Netbox\\node_modules\\@img\\sharp-linux-arm64'
187 silly reify ]
188 silly reify mark retired [
188 silly reify   'D:\\programas\\Projetos de programação\\Afiliados Netbox\\Site institucional - Netbox\\node_modules\\@img\\sharp-linuxmusl-arm64'
188 silly reify ]
189 silly reify mark retired [
189 silly reify   'D:\\programas\\Projetos de programação\\Afiliados Netbox\\Site institucional - Netbox\\node_modules\\@img\\sharp-linux-s390x'
189 silly reify ]
190 silly reify mark retired [
190 silly reify   'D:\\programas\\Projetos de programação\\Afiliados Netbox\\Site institucional - Netbox\\node_modules\\@img\\sharp-linux-x64'
190 silly reify ]
191 silly reify mark retired [
191 silly reify   'D:\\programas\\Projetos de programação\\Afiliados Netbox\\Site institucional - Netbox\\node_modules\\@img\\sharp-linuxmusl-x64'
191 silly reify ]
192 silly reify mark retired [
192 silly reify   'D:\\programas\\Projetos de programação\\Afiliados Netbox\\Site institucional - Netbox\\node_modules\\@img\\sharp-wasm32'
192 silly reify ]
193 silly reify mark retired [
193 silly reify   'D:\\programas\\Projetos de programação\\Afiliados Netbox\\Site institucional - Netbox\\node_modules\\@img\\sharp-win32-ia32'
193 silly reify ]
194 silly reify mark retired [
194 silly reify   'D:\\programas\\Projetos de programação\\Afiliados Netbox\\Site institucional - Netbox\\node_modules\\@img\\sharp-win32-arm64'
194 silly reify ]
195 silly reify mark retired [
195 silly reify   'D:\\programas\\Projetos de programação\\Afiliados Netbox\\Site institucional - Netbox\\node_modules\\@next\\env'
195 silly reify ]
196 silly reify mark retired [
196 silly reify   'D:\\programas\\Projetos de programação\\Afiliados Netbox\\Site institucional - Netbox\\node_modules\\@next\\eslint-plugin-next'
196 silly reify ]
197 silly reify mark retired [
197 silly reify   'D:\\programas\\Projetos de programação\\Afiliados Netbox\\Site institucional - Netbox\\node_modules\\@next\\swc-darwin-x64'
197 silly reify ]
198 silly reify mark retired [
198 silly reify   'D:\\programas\\Projetos de programação\\Afiliados Netbox\\Site institucional - Netbox\\node_modules\\@next\\swc-darwin-arm64'
198 silly reify ]
199 silly reify mark retired [
199 silly reify   'D:\\programas\\Projetos de programação\\Afiliados Netbox\\Site institucional - Netbox\\node_modules\\@next\\swc-linux-x64-gnu'
199 silly reify ]
200 silly reify mark retired [
200 silly reify   'D:\\programas\\Projetos de programação\\Afiliados Netbox\\Site institucional - Netbox\\node_modules\\@next\\swc-linux-arm64-gnu'
200 silly reify ]
201 silly reify mark retired [
201 silly reify   'D:\\programas\\Projetos de programação\\Afiliados Netbox\\Site institucional - Netbox\\node_modules\\@next\\swc-linux-x64-musl'
201 silly reify ]
202 silly reify mark retired [
202 silly reify   'D:\\programas\\Projetos de programação\\Afiliados Netbox\\Site institucional - Netbox\\node_modules\\@next\\swc-win32-arm64-msvc'
202 silly reify ]
203 silly reify mark retired [
203 silly reify   'D:\\programas\\Projetos de programação\\Afiliados Netbox\\Site institucional - Netbox\\node_modules\\@next\\swc-win32-x64-msvc'
203 silly reify ]
204 silly reify mark retired [
204 silly reify   'D:\\programas\\Projetos de programação\\Afiliados Netbox\\Site institucional - Netbox\\node_modules\\@next\\swc-linux-arm64-musl'
204 silly reify ]
205 silly reify mark retired [
205 silly reify   'D:\\programas\\Projetos de programação\\Afiliados Netbox\\Site institucional - Netbox\\node_modules\\@oxc-project\\types'
205 silly reify ]
206 silly reify mark retired [
206 silly reify   'D:\\programas\\Projetos de programação\\Afiliados Netbox\\Site institucional - Netbox\\node_modules\\@poppinss\\colors'
206 silly reify ]
207 silly reify mark retired [
207 silly reify   'D:\\programas\\Projetos de programação\\Afiliados Netbox\\Site institucional - Netbox\\node_modules\\@poppinss\\dumper'
207 silly reify ]
208 silly reify mark retired [
208 silly reify   'D:\\programas\\Projetos de programação\\Afiliados Netbox\\Site institucional - Netbox\\node_modules\\@rolldown\\binding-android-arm64'
208 silly reify ]
209 silly reify mark retired [
209 silly reify   'D:\\programas\\Projetos de programação\\Afiliados Netbox\\Site institucional - Netbox\\node_modules\\@poppinss\\exception'
209 silly reify ]
210 silly reify mark retired [
210 silly reify   'D:\\programas\\Projetos de programação\\Afiliados Netbox\\Site institucional - Netbox\\node_modules\\@rolldown\\binding-darwin-arm64'
210 silly reify ]
211 silly reify mark retired [
211 silly reify   'D:\\programas\\Projetos de programação\\Afiliados Netbox\\Site institucional - Netbox\\node_modules\\@rolldown\\binding-darwin-x64'
211 silly reify ]
212 silly reify mark retired [
212 silly reify   'D:\\programas\\Projetos de programação\\Afiliados Netbox\\Site institucional - Netbox\\node_modules\\@rolldown\\binding-freebsd-x64'
212 silly reify ]
213 silly reify mark retired [
213 silly reify   'D:\\programas\\Projetos de programação\\Afiliados Netbox\\Site institucional - Netbox\\node_modules\\@rolldown\\binding-linux-arm-gnueabihf'
213 silly reify ]
214 silly reify mark retired [
214 silly reify   'D:\\programas\\Projetos de programação\\Afiliados Netbox\\Site institucional - Netbox\\node_modules\\@rolldown\\binding-linux-arm64-musl'
214 silly reify ]
215 silly reify mark retired [
215 silly reify   'D:\\programas\\Projetos de programação\\Afiliados Netbox\\Site institucional - Netbox\\node_modules\\@rolldown\\binding-linux-arm64-gnu'
215 silly reify ]
216 silly reify mark retired [
216 silly reify   'D:\\programas\\Projetos de programação\\Afiliados Netbox\\Site institucional - Netbox\\node_modules\\@rolldown\\binding-linux-ppc64-gnu'
216 silly reify ]
217 silly reify mark retired [
217 silly reify   'D:\\programas\\Projetos de programação\\Afiliados Netbox\\Site institucional - Netbox\\node_modules\\@rolldown\\binding-linux-x64-gnu'
217 silly reify ]
218 silly reify mark retired [
218 silly reify   'D:\\programas\\Projetos de programação\\Afiliados Netbox\\Site institucional - Netbox\\node_modules\\@rolldown\\binding-linux-s390x-gnu'
218 silly reify ]
219 silly reify mark retired [
219 silly reify   'D:\\programas\\Projetos de programação\\Afiliados Netbox\\Site institucional - Netbox\\node_modules\\@rolldown\\binding-wasm32-wasi'
219 silly reify ]
220 silly reify mark retired [
220 silly reify   'D:\\programas\\Projetos de programação\\Afiliados Netbox\\Site institucional - Netbox\\node_modules\\@rolldown\\binding-win32-arm64-msvc'
220 silly reify ]
221 silly reify mark retired [
221 silly reify   'D:\\programas\\Projetos de programação\\Afiliados Netbox\\Site institucional - Netbox\\node_modules\\@rolldown\\binding-openharmony-arm64'
221 silly reify ]
222 silly reify mark retired [
222 silly reify   'D:\\programas\\Projetos de programação\\Afiliados Netbox\\Site institucional - Netbox\\node_modules\\@shuding\\opentype.js'
222 silly reify ]
223 silly reify mark retired [
223 silly reify   'D:\\programas\\Projetos de programação\\Afiliados Netbox\\Site institucional - Netbox\\node_modules\\@rolldown\\binding-linux-x64-musl'
223 silly reify ]
224 silly reify mark retired [
224 silly reify   'D:\\programas\\Projetos de programação\\Afiliados Netbox\\Site institucional - Netbox\\node_modules\\@resvg\\resvg-wasm'
224 silly reify ]
225 silly reify mark retired [
225 silly reify   'D:\\programas\\Projetos de programação\\Afiliados Netbox\\Site institucional - Netbox\\node_modules\\@rolldown\\pluginutils'
225 silly reify ]
226 silly reify mark retired [
226 silly reify   'D:\\programas\\Projetos de programação\\Afiliados Netbox\\Site institucional - Netbox\\node_modules\\@rolldown\\binding-win32-x64-msvc'
226 silly reify ]
227 silly reify mark retired [
227 silly reify   'D:\\programas\\Projetos de programação\\Afiliados Netbox\\Site institucional - Netbox\\node_modules\\@sindresorhus\\is'
227 silly reify ]
228 silly reify mark retired [
228 silly reify   'D:\\programas\\Projetos de programação\\Afiliados Netbox\\Site institucional - Netbox\\node_modules\\@speed-highlight\\core'
228 silly reify ]
229 silly reify mark retired [
229 silly reify   'D:\\programas\\Projetos de programação\\Afiliados Netbox\\Site institucional - Netbox\\node_modules\\@tailwindcss\\node'
229 silly reify ]
230 silly reify mark retired [
230 silly reify   'D:\\programas\\Projetos de programação\\Afiliados Netbox\\Site institucional - Netbox\\node_modules\\@tailwindcss\\oxide'
230 silly reify ]
231 silly reify mark retired [
231 silly reify   'D:\\programas\\Projetos de programação\\Afiliados Netbox\\Site institucional - Netbox\\node_modules\\@tailwindcss\\oxide-darwin-arm64'
231 silly reify ]
232 silly reify mark retired [
232 silly reify   'D:\\programas\\Projetos de programação\\Afiliados Netbox\\Site institucional - Netbox\\node_modules\\@tailwindcss\\oxide-darwin-x64'
232 silly reify ]
233 silly reify mark retired [
233 silly reify   'D:\\programas\\Projetos de programação\\Afiliados Netbox\\Site institucional - Netbox\\node_modules\\@tailwindcss\\oxide-android-arm64'
233 silly reify ]
234 silly reify mark retired [
234 silly reify   'D:\\programas\\Projetos de programação\\Afiliados Netbox\\Site institucional - Netbox\\node_modules\\@tailwindcss\\oxide-linux-arm-gnueabihf'
234 silly reify ]
235 silly reify mark retired [
235 silly reify   'D:\\programas\\Projetos de programação\\Afiliados Netbox\\Site institucional - Netbox\\node_modules\\@tailwindcss\\oxide-freebsd-x64'
235 silly reify ]
236 silly reify mark retired [
236 silly reify   'D:\\programas\\Projetos de programação\\Afiliados Netbox\\Site institucional - Netbox\\node_modules\\@tailwindcss\\oxide-linux-arm64-gnu'
236 silly reify ]
237 silly reify mark retired [
237 silly reify   'D:\\programas\\Projetos de programação\\Afiliados Netbox\\Site institucional - Netbox\\node_modules\\@tailwindcss\\oxide-linux-arm64-musl'
237 silly reify ]
238 silly reify mark retired [
238 silly reify   'D:\\programas\\Projetos de programação\\Afiliados Netbox\\Site institucional - Netbox\\node_modules\\@tailwindcss\\oxide-linux-x64-gnu'
238 silly reify ]
239 silly reify mark retired [
239 silly reify   'D:\\programas\\Projetos de programação\\Afiliados Netbox\\Site institucional - Netbox\\node_modules\\@tailwindcss\\oxide-wasm32-wasi'
239 silly reify ]
240 silly reify mark retired [
240 silly reify   'D:\\programas\\Projetos de programação\\Afiliados Netbox\\Site institucional - Netbox\\node_modules\\@tailwindcss\\oxide-linux-x64-musl'
240 silly reify ]
241 silly reify mark retired [
241 silly reify   'D:\\programas\\Projetos de programação\\Afiliados Netbox\\Site institucional - Netbox\\node_modules\\@tailwindcss\\oxide-win32-arm64-msvc'
241 silly reify ]
242 silly reify mark retired [
242 silly reify   'D:\\programas\\Projetos de programação\\Afiliados Netbox\\Site institucional - Netbox\\node_modules\\@tailwindcss\\oxide-win32-x64-msvc'
242 silly reify ]
243 silly reify mark retired [
243 silly reify   'D:\\programas\\Projetos de programação\\Afiliados Netbox\\Site institucional - Netbox\\node_modules\\@tailwindcss\\postcss'
243 silly reify ]
244 silly reify mark retired [
244 silly reify   'D:\\programas\\Projetos de programação\\Afiliados Netbox\\Site institucional - Netbox\\node_modules\\@unpic\\core'
244 silly reify ]
245 silly reify mark retired [
245 silly reify   'D:\\programas\\Projetos de programação\\Afiliados Netbox\\Site institucional - Netbox\\node_modules\\@types\\node'
245 silly reify ]
246 silly reify mark retired [
246 silly reify   'D:\\programas\\Projetos de programação\\Afiliados Netbox\\Site institucional - Netbox\\node_modules\\@unpic\\react'
246 silly reify ]
247 silly reify mark retired [
247 silly reify   'D:\\programas\\Projetos de programação\\Afiliados Netbox\\Site institucional - Netbox\\node_modules\\@typescript-eslint\\eslint-plugin'
247 silly reify ]
248 silly reify mark retired [
248 silly reify   'D:\\programas\\Projetos de programação\\Afiliados Netbox\\Site institucional - Netbox\\node_modules\\@typescript-eslint\\project-service'
248 silly reify ]
249 silly reify mark retired [
249 silly reify   'D:\\programas\\Projetos de programação\\Afiliados Netbox\\Site institucional - Netbox\\node_modules\\@typescript-eslint\\parser'
249 silly reify ]
250 silly reify mark retired [
250 silly reify   'D:\\programas\\Projetos de programação\\Afiliados Netbox\\Site institucional - Netbox\\node_modules\\@typescript-eslint\\tsconfig-utils'
250 silly reify ]
251 silly reify mark retired [
251 silly reify   'D:\\programas\\Projetos de programação\\Afiliados Netbox\\Site institucional - Netbox\\node_modules\\@typescript-eslint\\scope-manager'
251 silly reify ]
252 silly reify mark retired [
252 silly reify   'D:\\programas\\Projetos de programação\\Afiliados Netbox\\Site institucional - Netbox\\node_modules\\@typescript-eslint\\type-utils'
252 silly reify ]
253 silly reify mark retired [
253 silly reify   'D:\\programas\\Projetos de programação\\Afiliados Netbox\\Site institucional - Netbox\\node_modules\\@typescript-eslint\\types'
253 silly reify ]
254 silly reify mark retired [
254 silly reify   'D:\\programas\\Projetos de programação\\Afiliados Netbox\\Site institucional - Netbox\\node_modules\\@typescript-eslint\\visitor-keys'
254 silly reify ]
255 silly reify mark retired [
255 silly reify   'D:\\programas\\Projetos de programação\\Afiliados Netbox\\Site institucional - Netbox\\node_modules\\@typescript-eslint\\typescript-estree'
255 silly reify ]
256 silly reify mark retired [
256 silly reify   'D:\\programas\\Projetos de programação\\Afiliados Netbox\\Site institucional - Netbox\\node_modules\\@typescript-eslint\\utils'
256 silly reify ]
257 silly reify mark retired [
257 silly reify   'D:\\programas\\Projetos de programação\\Afiliados Netbox\\Site institucional - Netbox\\node_modules\\@unrs\\resolver-binding-android-arm64'
257 silly reify ]
258 silly reify mark retired [
258 silly reify   'D:\\programas\\Projetos de programação\\Afiliados Netbox\\Site institucional - Netbox\\node_modules\\@unrs\\resolver-binding-android-arm-eabi'
258 silly reify ]
259 silly reify mark retired [
259 silly reify   'D:\\programas\\Projetos de programação\\Afiliados Netbox\\Site institucional - Netbox\\node_modules\\@unrs\\resolver-binding-darwin-arm64'
259 silly reify ]
260 silly reify mark retired [
260 silly reify   'D:\\programas\\Projetos de programação\\Afiliados Netbox\\Site institucional - Netbox\\node_modules\\@unrs\\resolver-binding-darwin-x64'
260 silly reify ]
261 silly reify mark retired [
261 silly reify   'D:\\programas\\Projetos de programação\\Afiliados Netbox\\Site institucional - Netbox\\node_modules\\@unrs\\resolver-binding-freebsd-x64'
261 silly reify ]
262 silly reify mark retired [
262 silly reify   'D:\\programas\\Projetos de programação\\Afiliados Netbox\\Site institucional - Netbox\\node_modules\\@unrs\\resolver-binding-linux-arm-gnueabihf'
262 silly reify ]
263 silly reify mark retired [
263 silly reify   'D:\\programas\\Projetos de programação\\Afiliados Netbox\\Site institucional - Netbox\\node_modules\\@unrs\\resolver-binding-linux-arm-musleabihf'
263 silly reify ]
264 silly reify mark retired [
264 silly reify   'D:\\programas\\Projetos de programação\\Afiliados Netbox\\Site institucional - Netbox\\node_modules\\@unrs\\resolver-binding-linux-arm64-gnu'
264 silly reify ]
265 silly reify mark retired [
265 silly reify   'D:\\programas\\Projetos de programação\\Afiliados Netbox\\Site institucional - Netbox\\node_modules\\@unrs\\resolver-binding-linux-arm64-musl'
265 silly reify ]
266 silly reify mark retired [
266 silly reify   'D:\\programas\\Projetos de programação\\Afiliados Netbox\\Site institucional - Netbox\\node_modules\\@unrs\\resolver-binding-linux-ppc64-gnu'
266 silly reify ]
267 silly reify mark retired [
267 silly reify   'D:\\programas\\Projetos de programação\\Afiliados Netbox\\Site institucional - Netbox\\node_modules\\@unrs\\resolver-binding-linux-riscv64-gnu'
267 silly reify ]
268 silly reify mark retired [
268 silly reify   'D:\\programas\\Projetos de programação\\Afiliados Netbox\\Site institucional - Netbox\\node_modules\\@unrs\\resolver-binding-linux-riscv64-musl'
268 silly reify ]
269 silly reify mark retired [
269 silly reify   'D:\\programas\\Projetos de programação\\Afiliados Netbox\\Site institucional - Netbox\\node_modules\\@unrs\\resolver-binding-linux-x64-gnu'
269 silly reify ]
270 silly reify mark retired [
270 silly reify   'D:\\programas\\Projetos de programação\\Afiliados Netbox\\Site institucional - Netbox\\node_modules\\@unrs\\resolver-binding-linux-s390x-gnu'
270 silly reify ]
271 silly reify mark retired [
271 silly reify   'D:\\programas\\Projetos de programação\\Afiliados Netbox\\Site institucional - Netbox\\node_modules\\@unrs\\resolver-binding-linux-x64-musl'
271 silly reify ]
272 silly reify mark retired [
272 silly reify   'D:\\programas\\Projetos de programação\\Afiliados Netbox\\Site institucional - Netbox\\node_modules\\@unrs\\resolver-binding-wasm32-wasi'
272 silly reify ]
273 silly reify mark retired [
273 silly reify   'D:\\programas\\Projetos de programação\\Afiliados Netbox\\Site institucional - Netbox\\node_modules\\@unrs\\resolver-binding-win32-arm64-msvc'
273 silly reify ]
274 silly reify mark retired [
274 silly reify   'D:\\programas\\Projetos de programação\\Afiliados Netbox\\Site institucional - Netbox\\node_modules\\@unrs\\resolver-binding-win32-ia32-msvc'
274 silly reify ]
275 silly reify mark retired [
275 silly reify   'D:\\programas\\Projetos de programação\\Afiliados Netbox\\Site institucional - Netbox\\node_modules\\@vercel\\og'
275 silly reify ]
276 silly reify mark retired [
276 silly reify   'D:\\programas\\Projetos de programação\\Afiliados Netbox\\Site institucional - Netbox\\node_modules\\@vitejs\\plugin-react'
276 silly reify ]
277 silly reify mark retired [
277 silly reify   'D:\\programas\\Projetos de programação\\Afiliados Netbox\\Site institucional - Netbox\\node_modules\\@vitejs\\plugin-rsc'
277 silly reify ]
278 silly reify mark retired [
278 silly reify   'D:\\programas\\Projetos de programação\\Afiliados Netbox\\Site institucional - Netbox\\node_modules\\is-bun-module\\node_modules\\semver'
278 silly reify ]
279 silly reify mark retired [
279 silly reify   'D:\\programas\\Projetos de programação\\Afiliados Netbox\\Site institucional - Netbox\\node_modules\\sharp\\node_modules\\semver'
279 silly reify ]
280 silly reify mark retired [
280 silly reify   'D:\\programas\\Projetos de programação\\Afiliados Netbox\\Site institucional - Netbox\\node_modules\\tsconfig-paths\\node_modules\\json5'
280 silly reify ]
281 silly reify mark retired [
281 silly reify   'D:\\programas\\Projetos de programação\\Afiliados Netbox\\Site institucional - Netbox\\node_modules\\@esbuild-kit\\core-utils\\node_modules\\esbuild'
281 silly reify ]
282 silly reify mark retired [
282 silly reify   'D:\\programas\\Projetos de programação\\Afiliados Netbox\\Site institucional - Netbox\\node_modules\\@esbuild-kit\\core-utils\\node_modules\\@esbuild\\android-arm'
282 silly reify ]
283 silly reify mark retired [
283 silly reify   'D:\\programas\\Projetos de programação\\Afiliados Netbox\\Site institucional - Netbox\\node_modules\\@esbuild-kit\\core-utils\\node_modules\\@esbuild\\android-arm64'
283 silly reify ]
284 silly reify mark retired [
284 silly reify   'D:\\programas\\Projetos de programação\\Afiliados Netbox\\Site institucional - Netbox\\node_modules\\@esbuild-kit\\core-utils\\node_modules\\@esbuild\\android-x64'
284 silly reify ]
285 silly reify mark retired [
285 silly reify   'D:\\programas\\Projetos de programação\\Afiliados Netbox\\Site institucional - Netbox\\node_modules\\@esbuild-kit\\core-utils\\node_modules\\@esbuild\\darwin-arm64'
285 silly reify ]
286 silly reify mark retired [
286 silly reify   'D:\\programas\\Projetos de programação\\Afiliados Netbox\\Site institucional - Netbox\\node_modules\\@esbuild-kit\\core-utils\\node_modules\\@esbuild\\freebsd-arm64'
286 silly reify ]
287 silly reify mark retired [
287 silly reify   'D:\\programas\\Projetos de programação\\Afiliados Netbox\\Site institucional - Netbox\\node_modules\\@esbuild-kit\\core-utils\\node_modules\\@esbuild\\freebsd-x64'
287 silly reify ]
288 silly reify mark retired [
288 silly reify   'D:\\programas\\Projetos de programação\\Afiliados Netbox\\Site institucional - Netbox\\node_modules\\@esbuild-kit\\core-utils\\node_modules\\@esbuild\\darwin-x64'
288 silly reify ]
289 silly reify mark retired [
289 silly reify   'D:\\programas\\Projetos de programação\\Afiliados Netbox\\Site institucional - Netbox\\node_modules\\@esbuild-kit\\core-utils\\node_modules\\@esbuild\\linux-ia32'
289 silly reify ]
290 silly reify mark retired [
290 silly reify   'D:\\programas\\Projetos de programação\\Afiliados Netbox\\Site institucional - Netbox\\node_modules\\@esbuild-kit\\core-utils\\node_modules\\@esbuild\\linux-arm'
290 silly reify ]
291 silly reify mark retired [
291 silly reify   'D:\\programas\\Projetos de programação\\Afiliados Netbox\\Site institucional - Netbox\\node_modules\\@esbuild-kit\\core-utils\\node_modules\\@esbuild\\linux-mips64el'
291 silly reify ]
292 silly reify mark retired [
292 silly reify   'D:\\programas\\Projetos de programação\\Afiliados Netbox\\Site institucional - Netbox\\node_modules\\@esbuild-kit\\core-utils\\node_modules\\@esbuild\\linux-arm64'
292 silly reify ]
293 silly reify mark retired [
293 silly reify   'D:\\programas\\Projetos de programação\\Afiliados Netbox\\Site institucional - Netbox\\node_modules\\@esbuild-kit\\core-utils\\node_modules\\@esbuild\\linux-ppc64'
293 silly reify ]
294 silly reify mark retired [
294 silly reify   'D:\\programas\\Projetos de programação\\Afiliados Netbox\\Site institucional - Netbox\\node_modules\\@esbuild-kit\\core-utils\\node_modules\\@esbuild\\linux-loong64'
294 silly reify ]
295 silly reify mark retired [
295 silly reify   'D:\\programas\\Projetos de programação\\Afiliados Netbox\\Site institucional - Netbox\\node_modules\\@esbuild-kit\\core-utils\\node_modules\\@esbuild\\linux-s390x'
295 silly reify ]
296 silly reify mark retired [
296 silly reify   'D:\\programas\\Projetos de programação\\Afiliados Netbox\\Site institucional - Netbox\\node_modules\\@esbuild-kit\\core-utils\\node_modules\\@esbuild\\linux-x64'
296 silly reify ]
297 silly reify mark retired [
297 silly reify   'D:\\programas\\Projetos de programação\\Afiliados Netbox\\Site institucional - Netbox\\node_modules\\@esbuild-kit\\core-utils\\node_modules\\@esbuild\\linux-riscv64'
297 silly reify ]
298 silly reify mark retired [
298 silly reify   'D:\\programas\\Projetos de programação\\Afiliados Netbox\\Site institucional - Netbox\\node_modules\\@esbuild-kit\\core-utils\\node_modules\\@esbuild\\netbsd-x64'
298 silly reify ]
299 silly reify mark retired [
299 silly reify   'D:\\programas\\Projetos de programação\\Afiliados Netbox\\Site institucional - Netbox\\node_modules\\@esbuild-kit\\core-utils\\node_modules\\@esbuild\\openbsd-x64'
299 silly reify ]
300 silly reify mark retired [
300 silly reify   'D:\\programas\\Projetos de programação\\Afiliados Netbox\\Site institucional - Netbox\\node_modules\\@esbuild-kit\\core-utils\\node_modules\\@esbuild\\sunos-x64'
300 silly reify ]
301 silly reify mark retired [
301 silly reify   'D:\\programas\\Projetos de programação\\Afiliados Netbox\\Site institucional - Netbox\\node_modules\\@esbuild-kit\\core-utils\\node_modules\\@esbuild\\win32-arm64'
301 silly reify ]
302 silly reify mark retired [
302 silly reify   'D:\\programas\\Projetos de programação\\Afiliados Netbox\\Site institucional - Netbox\\node_modules\\@esbuild-kit\\core-utils\\node_modules\\@esbuild\\win32-ia32'
302 silly reify ]
303 silly reify moves {
303 silly reify   'D:\\programas\\Projetos de programação\\Afiliados Netbox\\Site institucional - Netbox\\node_modules\\acorn': 'D:\\programas\\Projetos de programação\\Afiliados Netbox\\Site institucional - Netbox\\node_modules\\.acorn-zuJPoiZv',
303 silly reify   'D:\\programas\\Projetos de programação\\Afiliados Netbox\\Site institucional - Netbox\\node_modules\\acorn-loose': 'D:\\programas\\Projetos de programação\\Afiliados Netbox\\Site institucional - Netbox\\node_modules\\.acorn-loose-r9fqz6uP',
303 silly reify   'D:\\programas\\Projetos de programação\\Afiliados Netbox\\Site institucional - Netbox\\node_modules\\acorn-import-phases': 'D:\\programas\\Projetos de programação\\Afiliados Netbox\\Site institucional - Netbox\\node_modules\\.acorn-import-phases-HPNggcUd',
303 silly reify   'D:\\programas\\Projetos de programação\\Afiliados Netbox\\Site institucional - Netbox\\node_modules\\base64-js': 'D:\\programas\\Projetos de programação\\Afiliados Netbox\\Site institucional - Netbox\\node_modules\\.base64-js-b4YP0v54',
303 silly reify   'D:\\programas\\Projetos de programação\\Afiliados Netbox\\Site institucional - Netbox\\node_modules\\baseline-browser-mapping': 'D:\\programas\\Projetos de programação\\Afiliados Netbox\\Site institucional - Netbox\\node_modules\\.baseline-browser-mapping-Wd6BY1Qg',
303 silly reify   'D:\\programas\\Projetos de programação\\Afiliados Netbox\\Site institucional - Netbox\\node_modules\\blake3-wasm': 'D:\\programas\\Projetos de programação\\Afiliados Netbox\\Site institucional - Netbox\\node_modules\\.blake3-wasm-wji22Cja',
303 silly reify   'D:\\programas\\Projetos de programação\\Afiliados Netbox\\Site institucional - Netbox\\node_modules\\browserslist': 'D:\\programas\\Projetos de programação\\Afiliados Netbox\\Site institucional - Netbox\\node_modules\\.browserslist-WeZguXbQ',
303 silly reify   'D:\\programas\\Projetos de programação\\Afiliados Netbox\\Site institucional - Netbox\\node_modules\\caniuse-lite': 'D:\\programas\\Projetos de programação\\Afiliados Netbox\\Site institucional - Netbox\\node_modules\\.caniuse-lite-8OY8fm6j',
303 silly reify   'D:\\programas\\Projetos de programação\\Afiliados Netbox\\Site institucional - Netbox\\node_modules\\css-background-parser': 'D:\\programas\\Projetos de programação\\Afiliados Netbox\\Site institucional - Netbox\\node_modules\\.css-background-parser-9XpgldmJ',
303 silly reify   'D:\\programas\\Projetos de programação\\Afiliados Netbox\\Site institucional - Netbox\\node_modules\\css-box-shadow': 'D:\\programas\\Projetos de programação\\Afiliados Netbox\\Site institucional - Netbox\\node_modules\\.css-box-shadow-YBPNtKih',
303 silly reify   'D:\\programas\\Projetos de programação\\Afiliados Netbox\\Site institucional - Netbox\\node_modules\\css-gradient-parser': 'D:\\programas\\Projetos de programação\\Afiliados Netbox\\Site institucional - Netbox\\node_modules\\.css-gradient-parser-246lxpRb',
303 silly reify   'D:\\programas\\Projetos de programação\\Afiliados Netbox\\Site institucional - Netbox\\node_modules\\drizzle-orm': 'D:\\programas\\Projetos de programação\\Afiliados Netbox\\Site institucional - Netbox\\node_modules\\.drizzle-orm-ePpMzaYN',
303 silly reify   'D:\\programas\\Projetos de programação\\Afiliados Netbox\\Site institucional - Netbox\\node_modules\\drizzle-kit': 'D:\\programas\\Projetos de programação\\Afiliados Netbox\\Site institucional - Netbox\\node_modules\\.drizzle-kit-jYKlTngp',
303 silly reify   'D:\\programas\\Projetos de programação\\Afiliados Netbox\\Site institucional - Netbox\\node_modules\\electron-to-chromium': 'D:\\programas\\Projetos de programação\\Afiliados Netbox\\Site institucional - Netbox\\node_modules\\.electron-to-chromium-na8tMaHI',
303 silly reify   'D:\\programas\\Projetos de programação\\Afiliados Netbox\\Site institucional - Netbox\\node_modules\\enhanced-resolve': 'D:\\programas\\Projetos de programação\\Afiliados Netbox\\Site institucional - Netbox\\node_modules\\.enhanced-resolve-nTLRFDcg',
303 silly reify   'D:\\programas\\Projetos de programação\\Afiliados Netbox\\Site institucional - Netbox\\node_modules\\emoji-regex-xs': 'D:\\programas\\Projetos de programação\\Afiliados Netbox\\Site institucional - Netbox\\node_modules\\.emoji-regex-xs-1tppN6Zo',
303 silly reify   'D:\\programas\\Projetos de programação\\Afiliados Netbox\\Site institucional - Netbox\\node_modules\\error-stack-parser-es': 'D:\\programas\\Projetos de programação\\Afiliados Netbox\\Site institucional - Netbox\\node_modules\\.error-stack-parser-es-NgI2dS2a',
303 silly reify   'D:\\programas\\Projetos de programação\\Afiliados Netbox\\Site institucional - Netbox\\node_modules\\es-module-lexer': 'D:\\programas\\Projetos de programação\\Afiliados Netbox\\Site institucional - Netbox\\node_modules\\.es-module-lexer-bD2pBZyw',
303 silly reify   'D:\\programas\\Projetos de programação\\Afiliados Netbox\\Site institucional - Netbox\\node_modules\\esbuild': 'D:\\programas\\Projetos de programação\\Afiliados Netbox\\Site institucional - Netbox\\node_modules\\.esbuild-7bsu2N8i',
303 silly reify   'D:\\programas\\Projetos de programação\\Afiliados Netbox\\Site institucional - Netbox\\node_modules\\eslint-config-next': 'D:\\programas\\Projetos de programação\\Afiliados Netbox\\Site institucional - Netbox\\node_modules\\.eslint-config-next-11L0nNOx',
303 silly reify   'D:\\programas\\Projetos de programação\\Afiliados Netbox\\Site institucional - Netbox\\node_modules\\eslint': 'D:\\programas\\Projetos de programação\\Afiliados Netbox\\Site institucional - Netbox\\node_modules\\.eslint-tT7KJHF5',
303 silly reify   'D:\\programas\\Projetos de programação\\Afiliados Netbox\\Site institucional - Netbox\\node_modules\\estree-walker': 'D:\\programas\\Projetos de programação\\Afiliados Netbox\\Site institucional - Netbox\\node_modules\\.estree-walker-2Dk1VZTE',
303 silly reify   'D:\\programas\\Projetos de programação\\Afiliados Netbox\\Site institucional - Netbox\\node_modules\\fflate': 'D:\\programas\\Projetos de programação\\Afiliados Netbox\\Site institucional - Netbox\\node_modules\\.fflate-NR1TWuZk',
303 silly reify   'D:\\programas\\Projetos de programação\\Afiliados Netbox\\Site institucional - Netbox\\node_modules\\fsevents': 'D:\\programas\\Projetos de programação\\Afiliados Netbox\\Site institucional - Netbox\\node_modules\\.fsevents-aOVQCNwh',
303 silly reify   'D:\\programas\\Projetos de programação\\Afiliados Netbox\\Site institucional - Netbox\\node_modules\\globrex': 'D:\\programas\\Projetos de programação\\Afiliados Netbox\\Site institucional - Netbox\\node_modules\\.globrex-hei2X0x6',
303 silly reify   'D:\\programas\\Projetos de programação\\Afiliados Netbox\\Site institucional - Netbox\\node_modules\\hex-rgb': 'D:\\programas\\Projetos de programação\\Afiliados Netbox\\Site institucional - Netbox\\node_modules\\.hex-rgb-cTYBLMTU',
303 silly reify   'D:\\programas\\Projetos de programação\\Afiliados Netbox\\Site institucional - Netbox\\node_modules\\image-size': 'D:\\programas\\Projetos de programação\\Afiliados Netbox\\Site institucional - Netbox\\node_modules\\.image-size-i4SdsgWR',
303 silly reify   'D:\\programas\\Projetos de programação\\Afiliados Netbox\\Site institucional - Netbox\\node_modules\\ipaddr.js': 'D:\\programas\\Projetos de programação\\Afiliados Netbox\\Site institucional - Netbox\\node_modules\\.ipaddr.js-pecdW9BD',
303 silly reify   'D:\\programas\\Projetos de programação\\Afiliados Netbox\\Site institucional - Netbox\\node_modules\\jiti': 'D:\\programas\\Projetos de programação\\Afiliados Netbox\\Site institucional - Netbox\\node_modules\\.jiti-uGiUsSak',
303 silly reify   'D:\\programas\\Projetos de programação\\Afiliados Netbox\\Site institucional - Netbox\\node_modules\\js-yaml': 'D:\\programas\\Projetos de programação\\Afiliados Netbox\\Site institucional - Netbox\\node_modules\\.js-yaml-anPyplq4',
303 silly reify   'D:\\programas\\Projetos de programação\\Afiliados Netbox\\Site institucional - Netbox\\node_modules\\jsesc': 'D:\\programas\\Projetos de programação\\Afiliados Netbox\\Site institucional - Netbox\\node_modules\\.jsesc-6I5pHMaI',
303 silly reify   'D:\\programas\\Projetos de programação\\Afiliados Netbox\\Site institucional - Netbox\\node_modules\\json5': 'D:\\programas\\Projetos de programação\\Afiliados Netbox\\Site institucional - Netbox\\node_modules\\.json5-5zxMhTVA',
303 silly reify   'D:\\programas\\Projetos de programação\\Afiliados Netbox\\Site institucional - Netbox\\node_modules\\lightningcss': 'D:\\programas\\Projetos de programação\\Afiliados Netbox\\Site institucional - Netbox\\node_modules\\.lightningcss-fOX5hrgz',
303 silly reify   'D:\\programas\\Projetos de programação\\Afiliados Netbox\\Site institucional - Netbox\\node_modules\\lightningcss-android-arm64': 'D:\\programas\\Projetos de programação\\Afiliados Netbox\\Site institucional - Netbox\\node_modules\\.lightningcss-android-arm64-rtUrR4T8',
303 silly reify   'D:\\programas\\Projetos de programação\\Afiliados Netbox\\Site institucional - Netbox\\node_modules\\lightningcss-darwin-x64': 'D:\\programas\\Projetos de programação\\Afiliados Netbox\\Site institucional - Netbox\\node_modules\\.lightningcss-darwin-x64-w74NBf1V',
303 silly reify   'D:\\programas\\Projetos de programação\\Afiliados Netbox\\Site institucional - Netbox\\node_modules\\lightningcss-freebsd-x64': 'D:\\programas\\Projetos de programação\\Afiliados Netbox\\Site institucional - Netbox\\node_modules\\.lightningcss-freebsd-x64-nj8Mc3tl',
303 silly reify   'D:\\programas\\Projetos de programação\\Afiliados Netbox\\Site institucional - Netbox\\node_modules\\lightningcss-linux-arm-gnueabihf': 'D:\\programas\\Projetos de programação\\Afiliados Netbox\\Site institucional - Netbox\\node_modules\\.lightningcss-linux-arm-gnueabihf-oS7QYGov',
303 silly reify   'D:\\programas\\Projetos de programação\\Afiliados Netbox\\Site institucional - Netbox\\node_modules\\lightningcss-darwin-arm64': 'D:\\programas\\Projetos de programação\\Afiliados Netbox\\Site institucional - Netbox\\node_modules\\.lightningcss-darwin-arm64-GCgqhTLn',
303 silly reify   'D:\\programas\\Projetos de programação\\Afiliados Netbox\\Site institucional - Netbox\\node_modules\\lightningcss-linux-arm64-musl': 'D:\\programas\\Projetos de programação\\Afiliados Netbox\\Site institucional - Netbox\\node_modules\\.lightningcss-linux-arm64-musl-Ms6OwwtM',
303 silly reify   'D:\\programas\\Projetos de programação\\Afiliados Netbox\\Site institucional - Netbox\\node_modules\\lightningcss-linux-arm64-gnu': 'D:\\programas\\Projetos de programação\\Afiliados Netbox\\Site institucional - Netbox\\node_modules\\.lightningcss-linux-arm64-gnu-u9UH7ccn',
303 silly reify   'D:\\programas\\Projetos de programação\\Afiliados Netbox\\Site institucional - Netbox\\node_modules\\lightningcss-win32-arm64-msvc': 'D:\\programas\\Projetos de programação\\Afiliados Netbox\\Site institucional - Netbox\\node_modules\\.lightningcss-win32-arm64-msvc-OvXaBFr5',
303 silly reify   'D:\\programas\\Projetos de programação\\Afiliados Netbox\\Site institucional - Netbox\\node_modules\\lightningcss-linux-x64-gnu': 'D:\\programas\\Projetos de programação\\Afiliados Netbox\\Site institucional - Netbox\\node_modules\\.lightningcss-linux-x64-gnu-QploXXqs',
303 silly reify   'D:\\programas\\Projetos de programação\\Afiliados Netbox\\Site institucional - Netbox\\node_modules\\lightningcss-win32-x64-msvc': 'D:\\programas\\Projetos de programação\\Afiliados Netbox\\Site institucional - Netbox\\node_modules\\.lightningcss-win32-x64-msvc-CRW6TYxs',
303 silly reify   'D:\\programas\\Projetos de programação\\Afiliados Netbox\\Site institucional - Netbox\\node_modules\\linebreak': 'D:\\programas\\Projetos de programação\\Afiliados Netbox\\Site institucional - Netbox\\node_modules\\.linebreak-VlLukWhu',
303 silly reify   'D:\\programas\\Projetos de programação\\Afiliados Netbox\\Site institucional - Netbox\\node_modules\\lightningcss-linux-x64-musl': 'D:\\programas\\Projetos de programação\\Afiliados Netbox\\Site institucional - Netbox\\node_modules\\.lightningcss-linux-x64-musl-8asGFioP',
303 silly reify   'D:\\programas\\Projetos de programação\\Afiliados Netbox\\Site institucional - Netbox\\node_modules\\loader-runner': 'D:\\programas\\Projetos de programação\\Afiliados Netbox\\Site institucional - Netbox\\node_modules\\.loader-runner-u62Jg2qC',
303 silly reify   'D:\\programas\\Projetos de programação\\Afiliados Netbox\\Site institucional - Netbox\\node_modules\\loose-envify': 'D:\\programas\\Projetos de programação\\Afiliados Netbox\\Site institucional - Netbox\\node_modules\\.loose-envify-4RUOFtai',
303 silly reify   'D:\\programas\\Projetos de programação\\Afiliados Netbox\\Site institucional - Netbox\\node_modules\\miniflare': 'D:\\programas\\Projetos de programação\\Afiliados Netbox\\Site institucional - Netbox\\node_modules\\.miniflare-C3vFFC3B',
303 silly reify   'D:\\programas\\Projetos de programação\\Afiliados Netbox\\Site institucional - Netbox\\node_modules\\napi-postinstall': 'D:\\programas\\Projetos de programação\\Afiliados Netbox\\Site institucional - Netbox\\node_modules\\.napi-postinstall-BGyxxkem',
303 silly reify   'D:\\programas\\Projetos de programação\\Afiliados Netbox\\Site institucional - Netbox\\node_modules\\nanoid': 'D:\\programas\\Projetos de programação\\Afiliados Netbox\\Site institucional - Netbox\\node_modules\\.nanoid-sFc8tecT',
303 silly reify   'D:\\programas\\Projetos de programação\\Afiliados Netbox\\Site institucional - Netbox\\node_modules\\next': 'D:\\programas\\Projetos de programação\\Afiliados Netbox\\Site institucional - Netbox\\node_modules\\.next-gcZMseLU',
303 silly reify   'D:\\programas\\Projetos de programação\\Afiliados Netbox\\Site institucional - Netbox\\node_modules\\node-releases': 'D:\\programas\\Projetos de programação\\Afiliados Netbox\\Site institucional - Netbox\\node_modules\\.node-releases-MgGszpn2',
303 silly reify   'D:\\programas\\Projetos de programação\\Afiliados Netbox\\Site institucional - Netbox\\node_modules\\pako': 'D:\\programas\\Projetos de programação\\Afiliados Netbox\\Site institucional - Netbox\\node_modules\\.pako-0nsMVu4u',
303 silly reify   'D:\\programas\\Projetos de programação\\Afiliados Netbox\\Site institucional - Netbox\\node_modules\\parse-css-color': 'D:\\programas\\Projetos de programação\\Afiliados Netbox\\Site institucional - Netbox\\node_modules\\.parse-css-color-3eZA0Nbr',
303 silly reify   'D:\\programas\\Projetos de programação\\Afiliados Netbox\\Site institucional - Netbox\\node_modules\\react-server-dom-webpack': 'D:\\programas\\Projetos de programação\\Afiliados Netbox\\Site institucional - Netbox\\node_modules\\.react-server-dom-webpack-H48cKlGr',
303 silly reify   'D:\\programas\\Projetos de programação\\Afiliados Netbox\\Site institucional - Netbox\\node_modules\\resolve': 'D:\\programas\\Projetos de programação\\Afiliados Netbox\\Site institucional - Netbox\\node_modules\\.resolve-NyR0m7k8',
303 silly reify   'D:\\programas\\Projetos de programação\\Afiliados Netbox\\Site institucional - Netbox\\node_modules\\rolldown': 'D:\\programas\\Projetos de programação\\Afiliados Netbox\\Site institucional - Netbox\\node_modules\\.rolldown-jZ1hkJxT',
303 silly reify   'D:\\programas\\Projetos de programação\\Afiliados Netbox\\Site institucional - Netbox\\node_modules\\satori': 'D:\\programas\\Projetos de programação\\Afiliados Netbox\\Site institucional - Netbox\\node_modules\\.satori-DC4R54lR',
303 silly reify   'D:\\programas\\Projetos de programação\\Afiliados Netbox\\Site institucional - Netbox\\node_modules\\schema-utils': 'D:\\programas\\Projetos de programação\\Afiliados Netbox\\Site institucional - Netbox\\node_modules\\.schema-utils-JqitwJvC',
303 silly reify   'D:\\programas\\Projetos de programação\\Afiliados Netbox\\Site institucional - Netbox\\node_modules\\semver': 'D:\\programas\\Projetos de programação\\Afiliados Netbox\\Site institucional - Netbox\\node_modules\\.semver-2EmoxZgI',
303 silly reify   'D:\\programas\\Projetos de programação\\Afiliados Netbox\\Site institucional - Netbox\\node_modules\\srvx': 'D:\\programas\\Projetos de programação\\Afiliados Netbox\\Site institucional - Netbox\\node_modules\\.srvx-ERqBjYLO',
303 silly reify   'D:\\programas\\Projetos de programação\\Afiliados Netbox\\Site institucional - Netbox\\node_modules\\string.prototype.codepointat': 'D:\\programas\\Projetos de programação\\Afiliados Netbox\\Site institucional - Netbox\\node_modules\\.string.prototype.codepointat-OCqy6VPT',
303 silly reify   'D:\\programas\\Projetos de programação\\Afiliados Netbox\\Site institucional - Netbox\\node_modules\\strip-literal': 'D:\\programas\\Projetos de programação\\Afiliados Netbox\\Site institucional - Netbox\\node_modules\\.strip-literal-N6I9Rafy',
303 silly reify   'D:\\programas\\Projetos de programação\\Afiliados Netbox\\Site institucional - Netbox\\node_modules\\tailwindcss': 'D:\\programas\\Projetos de programação\\Afiliados Netbox\\Site institucional - Netbox\\node_modules\\.tailwindcss-jEjrbEPH',
303 silly reify   'D:\\programas\\Projetos de programação\\Afiliados Netbox\\Site institucional - Netbox\\node_modules\\terser-webpack-plugin': 'D:\\programas\\Projetos de programação\\Afiliados Netbox\\Site institucional - Netbox\\node_modules\\.terser-webpack-plugin-hKNpvbJ5',
303 silly reify   'D:\\programas\\Projetos de programação\\Afiliados Netbox\\Site institucional - Netbox\\node_modules\\terser': 'D:\\programas\\Projetos de programação\\Afiliados Netbox\\Site institucional - Netbox\\node_modules\\.terser-rMsmBllI',
303 silly reify   'D:\\programas\\Projetos de programação\\Afiliados Netbox\\Site institucional - Netbox\\node_modules\\tiny-inflate': 'D:\\programas\\Projetos de programação\\Afiliados Netbox\\Site institucional - Netbox\\node_modules\\.tiny-inflate-qGq4B2x9',
303 silly reify   'D:\\programas\\Projetos de programação\\Afiliados Netbox\\Site institucional - Netbox\\node_modules\\tsconfck': 'D:\\programas\\Projetos de programação\\Afiliados Netbox\\Site institucional - Netbox\\node_modules\\.tsconfck-16TIjbpp',
303 silly reify   'D:\\programas\\Projetos de programação\\Afiliados Netbox\\Site institucional - Netbox\\node_modules\\tsx': 'D:\\programas\\Projetos de programação\\Afiliados Netbox\\Site institucional - Netbox\\node_modules\\.tsx-mVBI4set',
303 silly reify   'D:\\programas\\Projetos de programação\\Afiliados Netbox\\Site institucional - Netbox\\node_modules\\turbo-stream': 'D:\\programas\\Projetos de programação\\Afiliados Netbox\\Site institucional - Netbox\\node_modules\\.turbo-stream-1Z7kBej9',
303 silly reify   'D:\\programas\\Projetos de programação\\Afiliados Netbox\\Site institucional - Netbox\\node_modules\\typescript-eslint': 'D:\\programas\\Projetos de programação\\Afiliados Netbox\\Site institucional - Netbox\\node_modules\\.typescript-eslint-iMKTznqk',
303 silly reify   'D:\\programas\\Projetos de programação\\Afiliados Netbox\\Site institucional - Netbox\\node_modules\\typescript': 'D:\\programas\\Projetos de programação\\Afiliados Netbox\\Site institucional - Netbox\\node_modules\\.typescript-AxZXrjun',
303 silly reify   'D:\\programas\\Projetos de programação\\Afiliados Netbox\\Site institucional - Netbox\\node_modules\\unenv': 'D:\\programas\\Projetos de programação\\Afiliados Netbox\\Site institucional - Netbox\\node_modules\\.unenv-4v6dH7cZ',
303 silly reify   'D:\\programas\\Projetos de programação\\Afiliados Netbox\\Site institucional - Netbox\\node_modules\\undici': 'D:\\programas\\Projetos de programação\\Afiliados Netbox\\Site institucional - Netbox\\node_modules\\.undici-lATHBReX',
303 silly reify   'D:\\programas\\Projetos de programação\\Afiliados Netbox\\Site institucional - Netbox\\node_modules\\unpic': 'D:\\programas\\Projetos de programação\\Afiliados Netbox\\Site institucional - Netbox\\node_modules\\.unpic-QRywBKTe',
303 silly reify   'D:\\programas\\Projetos de programação\\Afiliados Netbox\\Site institucional - Netbox\\node_modules\\unicode-trie': 'D:\\programas\\Projetos de programação\\Afiliados Netbox\\Site institucional - Netbox\\node_modules\\.unicode-trie-qjESvXht',
303 silly reify   'D:\\programas\\Projetos de programação\\Afiliados Netbox\\Site institucional - Netbox\\node_modules\\vinext': 'D:\\programas\\Projetos de programação\\Afiliados Netbox\\Site institucional - Netbox\\node_modules\\.vinext-VXHF4Xwz',
303 silly reify   'D:\\programas\\Projetos de programação\\Afiliados Netbox\\Site institucional - Netbox\\node_modules\\update-browserslist-db': 'D:\\programas\\Projetos de programação\\Afiliados Netbox\\Site institucional - Netbox\\node_modules\\.update-browserslist-db-9vJNBPMs',
303 silly reify   'D:\\programas\\Projetos de programação\\Afiliados Netbox\\Site institucional - Netbox\\node_modules\\vite': 'D:\\programas\\Projetos de programação\\Afiliados Netbox\\Site institucional - Netbox\\node_modules\\.vite-PS1p6dPK',
303 silly reify   'D:\\programas\\Projetos de programação\\Afiliados Netbox\\Site institucional - Netbox\\node_modules\\vitefu': 'D:\\programas\\Projetos de programação\\Afiliados Netbox\\Site institucional - Netbox\\node_modules\\.vitefu-TJEV03qn',
303 silly reify   'D:\\programas\\Projetos de programação\\Afiliados Netbox\\Site institucional - Netbox\\node_modules\\vite-plugin-dynamic-import': 'D:\\programas\\Projetos de programação\\Afiliados Netbox\\Site institucional - Netbox\\node_modules\\.vite-plugin-dynamic-import-nnBJJ16L',
303 silly reify   'D:\\programas\\Projetos de programação\\Afiliados Netbox\\Site institucional - Netbox\\node_modules\\vite-plugin-commonjs': 'D:\\programas\\Projetos de programação\\Afiliados Netbox\\Site institucional - Netbox\\node_modules\\.vite-plugin-commonjs-7lKCHPMv',
303 silly reify   'D:\\programas\\Projetos de programação\\Afiliados Netbox\\Site institucional - Netbox\\node_modules\\vite-tsconfig-paths': 'D:\\programas\\Projetos de programação\\Afiliados Netbox\\Site institucional - Netbox\\node_modules\\.vite-tsconfig-paths-TO6J9UZV',
303 silly reify   'D:\\programas\\Projetos de programação\\Afiliados Netbox\\Site institucional - Netbox\\node_modules\\web-vitals': 'D:\\programas\\Projetos de programação\\Afiliados Netbox\\Site institucional - Netbox\\node_modules\\.web-vitals-g96Df8Uy',
303 silly reify   'D:\\programas\\Projetos de programação\\Afiliados Netbox\\Site institucional - Netbox\\node_modules\\watchpack': 'D:\\programas\\Projetos de programação\\Afiliados Netbox\\Site institucional - Netbox\\node_modules\\.watchpack-WLIjdxXA',
303 silly reify   'D:\\programas\\Projetos de programação\\Afiliados Netbox\\Site institucional - Netbox\\node_modules\\webpack-sources': 'D:\\programas\\Projetos de programação\\Afiliados Netbox\\Site institucional - Netbox\\node_modules\\.webpack-sources-IwxlVTqZ',
303 silly reify   'D:\\programas\\Projetos de programação\\Afiliados Netbox\\Site institucional - Netbox\\node_modules\\webpack': 'D:\\programas\\Projetos de programação\\Afiliados Netbox\\Site institucional - Netbox\\node_modules\\.webpack-sb8ZJAnQ',
303 silly reify   'D:\\programas\\Projetos de programação\\Afiliados Netbox\\Site institucional - Netbox\\node_modules\\which': 'D:\\programas\\Projetos de programação\\Afiliados Netbox\\Site institucional - Netbox\\node_modules\\.which-lpJxGeaf',
303 silly reify   'D:\\programas\\Projetos de programação\\Afiliados Netbox\\Site institucional - Netbox\\node_modules\\workerd': 'D:\\programas\\Projetos de programação\\Afiliados Netbox\\Site institucional - Netbox\\node_modules\\.workerd-3Kmc5H1B',
303 silly reify   'D:\\programas\\Projetos de programação\\Afiliados Netbox\\Site institucional - Netbox\\node_modules\\ws': 'D:\\programas\\Projetos de programação\\Afiliados Netbox\\Site institucional - Netbox\\node_modules\\.ws-Bx9t9gIH',
303 silly reify   'D:\\programas\\Projetos de programação\\Afiliados Netbox\\Site institucional - Netbox\\node_modules\\wrangler': 'D:\\programas\\Projetos de programação\\Afiliados Netbox\\Site institucional - Netbox\\node_modules\\.wrangler-EbpwEEBs',
303 silly reify   'D:\\programas\\Projetos de programação\\Afiliados Netbox\\Site institucional - Netbox\\node_modules\\yoga-layout': 'D:\\programas\\Projetos de programação\\Afiliados Netbox\\Site institucional - Netbox\\node_modules\\.yoga-layout-kAWd2o1r',
303 silly reify   'D:\\programas\\Projetos de programação\\Afiliados Netbox\\Site institucional - Netbox\\node_modules\\youch': 'D:\\programas\\Projetos de programação\\Afiliados Netbox\\Site institucional - Netbox\\node_modules\\.youch-ZiJqPMKK',
303 silly reify   'D:\\programas\\Projetos de programação\\Afiliados Netbox\\Site institucional - Netbox\\node_modules\\youch-core': 'D:\\programas\\Projetos de programação\\Afiliados Netbox\\Site institucional - Netbox\\node_modules\\.youch-core-fopWFtFw',
303 silly reify   'D:\\programas\\Projetos de programação\\Afiliados Netbox\\Site institucional - Netbox\\node_modules\\@babel\\parser': 'D:\\programas\\Projetos de programação\\Afiliados Netbox\\Site institucional - Netbox\\node_modules\\@babel\\.parser-4VZel9Zx',
303 silly reify   'D:\\programas\\Projetos de programação\\Afiliados Netbox\\Site institucional - Netbox\\node_modules\\@cloudflare\\unenv-preset': 'D:\\programas\\Projetos de programação\\Afiliados Netbox\\Site institucional - Netbox\\node_modules\\@cloudflare\\.unenv-preset-ebcnSp5V',
303 silly reify   'D:\\programas\\Projetos de programação\\Afiliados Netbox\\Site institucional - Netbox\\node_modules\\@cloudflare\\kv-asset-handler': 'D:\\programas\\Projetos de programação\\Afiliados Netbox\\Site institucional - Netbox\\node_modules\\@cloudflare\\.kv-asset-handler-WmQ325K9',
303 silly reify   'D:\\programas\\Projetos de programação\\Afiliados Netbox\\Site institucional - Netbox\\node_modules\\@cloudflare\\workerd-darwin-arm64': 'D:\\programas\\Projetos de programação\\Afiliados Netbox\\Site institucional - Netbox\\node_modules\\@cloudflare\\.workerd-darwin-arm64-CqLqAb7O',
303 silly reify   'D:\\programas\\Projetos de programação\\Afiliados Netbox\\Site institucional - Netbox\\node_modules\\@cloudflare\\vite-plugin': 'D:\\programas\\Projetos de programação\\Afiliados Netbox\\Site institucional - Netbox\\node_modules\\@cloudflare\\.vite-plugin-ojLg4LGD',
303 silly reify   'D:\\programas\\Projetos de programação\\Afiliados Netbox\\Site institucional - Netbox\\node_modules\\@cloudflare\\workerd-darwin-64': 'D:\\programas\\Projetos de programação\\Afiliados Netbox\\Site institucional - Netbox\\node_modules\\@cloudflare\\.workerd-darwin-64-ciE1Ff0X',
303 silly reify   'D:\\programas\\Projetos de programação\\Afiliados Netbox\\Site institucional - Netbox\\node_modules\\@cloudflare\\workerd-linux-arm64': 'D:\\programas\\Projetos de programação\\Afiliados Netbox\\Site institucional - Netbox\\node_modules\\@cloudflare\\.workerd-linux-arm64-7FQGAuhe',
303 silly reify   'D:\\programas\\Projetos de programação\\Afiliados Netbox\\Site institucional - Netbox\\node_modules\\@cloudflare\\workerd-windows-64': 'D:\\programas\\Projetos de programação\\Afiliados Netbox\\Site institucional - Netbox\\node_modules\\@cloudflare\\.workerd-windows-64-Aq4Y6I28',
303 silly reify   'D:\\programas\\Projetos de programação\\Afiliados Netbox\\Site institucional - Netbox\\node_modules\\@cloudflare\\workerd-linux-64': 'D:\\programas\\Projetos de programação\\Afiliados Netbox\\Site institucional - Netbox\\node_modules\\@cloudflare\\.workerd-linux-64-0yjDeLoR',
303 silly reify   'D:\\programas\\Projetos de programação\\Afiliados Netbox\\Site institucional - Netbox\\node_modules\\@cspotcode\\source-map-support': 'D:\\programas\\Projetos de programação\\Afiliados Netbox\\Site institucional - Netbox\\node_modules\\@cspotcode\\.source-map-support-M5YoMPme',
303 silly reify   'D:\\programas\\Projetos de programação\\Afiliados Netbox\\Site institucional - Netbox\\node_modules\\@esbuild\\android-arm64': 'D:\\programas\\Projetos de programação\\Afiliados Netbox\\Site institucional - Netbox\\node_modules\\@esbuild\\.android-arm64-mYa075OL',
303 silly reify   'D:\\programas\\Projetos de programação\\Afiliados Netbox\\Site institucional - Netbox\\node_modules\\@esbuild\\aix-ppc64': 'D:\\programas\\Projetos de programação\\Afiliados Netbox\\Site institucional - Netbox\\node_modules\\@esbuild\\.aix-ppc64-Silt3XEK',
303 silly reify   'D:\\programas\\Projetos de programação\\Afiliados Netbox\\Site institucional - Netbox\\node_modules\\@esbuild\\android-x64': 'D:\\programas\\Projetos de programação\\Afiliados Netbox\\Site institucional - Netbox\\node_modules\\@esbuild\\.android-x64-SZhSxjYG',
303 silly reify   'D:\\programas\\Projetos de programação\\Afiliados Netbox\\Site institucional - Netbox\\node_modules\\@esbuild\\android-arm': 'D:\\programas\\Projetos de programação\\Afiliados Netbox\\Site institucional - Netbox\\node_modules\\@esbuild\\.android-arm-oahx0Af0',
303 silly reify   'D:\\programas\\Projetos de programação\\Afiliados Netbox\\Site institucional - Netbox\\node_modules\\@esbuild\\darwin-arm64': 'D:\\programas\\Projetos de programação\\Afiliados Netbox\\Site institucional - Netbox\\node_modules\\@esbuild\\.darwin-arm64-zNiuhbxA',
303 silly reify   'D:\\programas\\Projetos de programação\\Afiliados Netbox\\Site institucional - Netbox\\node_modules\\@esbuild\\darwin-x64': 'D:\\programas\\Projetos de programação\\Afiliados Netbox\\Site institucional - Netbox\\node_modules\\@esbuild\\.darwin-x64-0LdYcgUD',
303 silly reify   'D:\\programas\\Projetos de programação\\Afiliados Netbox\\Site institucional - Netbox\\node_modules\\@esbuild\\freebsd-x64': 'D:\\programas\\Projetos de programação\\Afiliados Netbox\\Site institucional - Netbox\\node_modules\\@esbuild\\.freebsd-x64-isqLZmXF',
303 silly reify   'D:\\programas\\Projetos de programação\\Afiliados Netbox\\Site institucional - Netbox\\node_modules\\@esbuild\\freebsd-arm64': 'D:\\programas\\Projetos de programação\\Afiliados Netbox\\Site institucional - Netbox\\node_modules\\@esbuild\\.freebsd-arm64-KUO3pTVL',
303 silly reify   'D:\\programas\\Projetos de programação\\Afiliados Netbox\\Site institucional - Netbox\\node_modules\\@esbuild\\linux-arm': 'D:\\programas\\Projetos de programação\\Afiliados Netbox\\Site institucional - Netbox\\node_modules\\@esbuild\\.linux-arm-0SxtWVtT',
303 silly reify   'D:\\programas\\Projetos de programação\\Afiliados Netbox\\Site institucional - Netbox\\node_modules\\@esbuild\\linux-arm64': 'D:\\programas\\Projetos de programação\\Afiliados Netbox\\Site institucional - Netbox\\node_modules\\@esbuild\\.linux-arm64-ACzLiLa0',
303 silly reify   'D:\\programas\\Projetos de programação\\Afiliados Netbox\\Site institucional - Netbox\\node_modules\\@esbuild\\linux-ia32': 'D:\\programas\\Projetos de programação\\Afiliados Netbox\\Site institucional - Netbox\\node_modules\\@esbuild\\.linux-ia32-pVAcFavc',
303 silly reify   'D:\\programas\\Projetos de programação\\Afiliados Netbox\\Site institucional - Netbox\\node_modules\\@esbuild\\linux-loong64': 'D:\\programas\\Projetos de programação\\Afiliados Netbox\\Site institucional - Netbox\\node_modules\\@esbuild\\.linux-loong64-xVmhKmD1',
303 silly reify   'D:\\programas\\Projetos de programação\\Afiliados Netbox\\Site institucional - Netbox\\node_modules\\@esbuild\\linux-ppc64': 'D:\\programas\\Projetos de programação\\Afiliados Netbox\\Site institucional - Netbox\\node_modules\\@esbuild\\.linux-ppc64-Za4wVPVU',
303 silly reify   'D:\\programas\\Projetos de programação\\Afiliados Netbox\\Site institucional - Netbox\\node_modules\\@esbuild\\linux-mips64el': 'D:\\programas\\Projetos de programação\\Afiliados Netbox\\Site institucional - Netbox\\node_modules\\@esbuild\\.linux-mips64el-334hkQQO',
303 silly reify   'D:\\programas\\Projetos de programação\\Afiliados Netbox\\Site institucional - Netbox\\node_modules\\@esbuild\\linux-riscv64': 'D:\\programas\\Projetos de programação\\Afiliados Netbox\\Site institucional - Netbox\\node_modules\\@esbuild\\.linux-riscv64-nPlXFaRR',
303 silly reify   'D:\\programas\\Projetos de programação\\Afiliados Netbox\\Site institucional - Netbox\\node_modules\\@esbuild\\linux-x64': 'D:\\programas\\Projetos de programação\\Afiliados Netbox\\Site institucional - Netbox\\node_modules\\@esbuild\\.linux-x64-qtEnIQmg',
303 silly reify   'D:\\programas\\Projetos de programação\\Afiliados Netbox\\Site institucional - Netbox\\node_modules\\@esbuild\\linux-s390x': 'D:\\programas\\Projetos de programação\\Afiliados Netbox\\Site institucional - Netbox\\node_modules\\@esbuild\\.linux-s390x-uCOHL4J8',
303 silly reify   'D:\\programas\\Projetos de programação\\Afiliados Netbox\\Site institucional - Netbox\\node_modules\\@esbuild\\netbsd-x64': 'D:\\programas\\Projetos de programação\\Afiliados Netbox\\Site institucional - Netbox\\node_modules\\@esbuild\\.netbsd-x64-f1QFtULf',
303 silly reify   'D:\\programas\\Projetos de programação\\Afiliados Netbox\\Site institucional - Netbox\\node_modules\\@esbuild\\netbsd-arm64': 'D:\\programas\\Projetos de programação\\Afiliados Netbox\\Site institucional - Netbox\\node_modules\\@esbuild\\.netbsd-arm64-OIytsEyK',
303 silly reify   'D:\\programas\\Projetos de programação\\Afiliados Netbox\\Site institucional - Netbox\\node_modules\\@esbuild\\openbsd-arm64': 'D:\\programas\\Projetos de programação\\Afiliados Netbox\\Site institucional - Netbox\\node_modules\\@esbuild\\.openbsd-arm64-JjnEa1GK',
303 silly reify   'D:\\programas\\Projetos de programação\\Afiliados Netbox\\Site institucional - Netbox\\node_modules\\@esbuild\\openbsd-x64': 'D:\\programas\\Projetos de programação\\Afiliados Netbox\\Site institucional - Netbox\\node_modules\\@esbuild\\.openbsd-x64-ukfzfuuL',
303 silly reify   'D:\\programas\\Projetos de programação\\Afiliados Netbox\\Site institucional - Netbox\\node_modules\\@esbuild\\sunos-x64': 'D:\\programas\\Projetos de programação\\Afiliados Netbox\\Site institucional - Netbox\\node_modules\\@esbuild\\.sunos-x64-fV7MKd0d',
303 silly reify   'D:\\programas\\Projetos de programação\\Afiliados Netbox\\Site institucional - Netbox\\node_modules\\@esbuild\\openharmony-arm64': 'D:\\programas\\Projetos de programação\\Afiliados Netbox\\Site institucional - Netbox\\node_modules\\@esbuild\\.openharmony-arm64-PdWqiQX0',
303 silly reify   'D:\\programas\\Projetos de programação\\Afiliados Netbox\\Site institucional - Netbox\\node_modules\\@esbuild\\win32-arm64': 'D:\\programas\\Projetos de programação\\Afiliados Netbox\\Site institucional - Netbox\\node_modules\\@esbuild\\.win32-arm64-aG9NKjSd',
303 silly reify   'D:\\programas\\Projetos de programação\\Afiliados Netbox\\Site institucional - Netbox\\node_modules\\@esbuild\\win32-ia32': 'D:\\programas\\Projetos de programação\\Afiliados Netbox\\Site institucional - Netbox\\node_modules\\@esbuild\\.win32-ia32-MaJbJybf',
303 silly reify   'D:\\programas\\Projetos de programação\\Afiliados Netbox\\Site institucional - Netbox\\node_modules\\@img\\sharp-darwin-arm64': 'D:\\programas\\Projetos de programação\\Afiliados Netbox\\Site institucional - Netbox\\node_modules\\@img\\.sharp-darwin-arm64-ak1lTvxe',
303 silly reify   'D:\\programas\\Projetos de programação\\Afiliados Netbox\\Site institucional - Netbox\\node_modules\\@img\\sharp-darwin-x64': 'D:\\programas\\Projetos de programação\\Afiliados Netbox\\Site institucional - Netbox\\node_modules\\@img\\.sharp-darwin-x64-xLph64wu',
303 silly reify   'D:\\programas\\Projetos de programação\\Afiliados Netbox\\Site institucional - Netbox\\node_modules\\@img\\sharp-libvips-darwin-arm64': 'D:\\programas\\Projetos de programação\\Afiliados Netbox\\Site institucional - Netbox\\node_modules\\@img\\.sharp-libvips-darwin-arm64-GJVS6nSQ',
303 silly reify   'D:\\programas\\Projetos de programação\\Afiliados Netbox\\Site institucional - Netbox\\node_modules\\@img\\sharp-libvips-darwin-x64': 'D:\\programas\\Projetos de programação\\Afiliados Netbox\\Site institucional - Netbox\\node_modules\\@img\\.sharp-libvips-darwin-x64-lRXhNuLP',
303 silly reify   'D:\\programas\\Projetos de programação\\Afiliados Netbox\\Site institucional - Netbox\\node_modules\\@img\\sharp-libvips-linux-arm': 'D:\\programas\\Projetos de programação\\Afiliados Netbox\\Site institucional - Netbox\\node_modules\\@img\\.sharp-libvips-linux-arm-g8fcf9WU',
303 silly reify   'D:\\programas\\Projetos de programação\\Afiliados Netbox\\Site institucional - Netbox\\node_modules\\@img\\sharp-libvips-linux-ppc64': 'D:\\programas\\Projetos de programação\\Afiliados Netbox\\Site institucional - Netbox\\node_modules\\@img\\.sharp-libvips-linux-ppc64-gmQ8GHgY',
303 silly reify   'D:\\programas\\Projetos de programação\\Afiliados Netbox\\Site institucional - Netbox\\node_modules\\@img\\sharp-libvips-linux-s390x': 'D:\\programas\\Projetos de programação\\Afiliados Netbox\\Site institucional - Netbox\\node_modules\\@img\\.sharp-libvips-linux-s390x-uYbOfgRb',
303 silly reify   'D:\\programas\\Projetos de programação\\Afiliados Netbox\\Site institucional - Netbox\\node_modules\\@img\\sharp-libvips-linux-riscv64': 'D:\\programas\\Projetos de programação\\Afiliados Netbox\\Site institucional - Netbox\\node_modules\\@img\\.sharp-libvips-linux-riscv64-fAYX0JH3',
303 silly reify   'D:\\programas\\Projetos de programação\\Afiliados Netbox\\Site institucional - Netbox\\node_modules\\@img\\sharp-libvips-linux-arm64': 'D:\\programas\\Projetos de programação\\Afiliados Netbox\\Site institucional - Netbox\\node_modules\\@img\\.sharp-libvips-linux-arm64-X7GlBqgl',
303 silly reify   'D:\\programas\\Projetos de programação\\Afiliados Netbox\\Site institucional - Netbox\\node_modules\\@img\\sharp-libvips-linux-x64': 'D:\\programas\\Projetos de programação\\Afiliados Netbox\\Site institucional - Netbox\\node_modules\\@img\\.sharp-libvips-linux-x64-qtcdB0CC',
303 silly reify   'D:\\programas\\Projetos de programação\\Afiliados Netbox\\Site institucional - Netbox\\node_modules\\@img\\sharp-libvips-linuxmusl-arm64': 'D:\\programas\\Projetos de programação\\Afiliados Netbox\\Site institucional - Netbox\\node_modules\\@img\\.sharp-libvips-linuxmusl-arm64-hYFjT4lr',
303 silly reify   'D:\\programas\\Projetos de programação\\Afiliados Netbox\\Site institucional - Netbox\\node_modules\\@img\\sharp-libvips-linuxmusl-x64': 'D:\\programas\\Projetos de programação\\Afiliados Netbox\\Site institucional - Netbox\\node_modules\\@img\\.sharp-libvips-linuxmusl-x64-ffWe8JY2',
303 silly reify   'D:\\programas\\Projetos de programação\\Afiliados Netbox\\Site institucional - Netbox\\node_modules\\@img\\sharp-linux-riscv64': 'D:\\programas\\Projetos de programação\\Afiliados Netbox\\Site institucional - Netbox\\node_modules\\@img\\.sharp-linux-riscv64-RXWJTuax',
303 silly reify   'D:\\programas\\Projetos de programação\\Afiliados Netbox\\Site institucional - Netbox\\node_modules\\@img\\sharp-linux-ppc64': 'D:\\programas\\Projetos de programação\\Afiliados Netbox\\Site institucional - Netbox\\node_modules\\@img\\.sharp-linux-ppc64-uJk0WlJy',
303 silly reify   'D:\\programas\\Projetos de programação\\Afiliados Netbox\\Site institucional - Netbox\\node_modules\\@img\\sharp-linux-arm': 'D:\\programas\\Projetos de programação\\Afiliados Netbox\\Site institucional - Netbox\\node_modules\\@img\\.sharp-linux-arm-i63qnEjr',
303 silly reify   'D:\\programas\\Projetos de programação\\Afiliados Netbox\\Site institucional - Netbox\\node_modules\\@img\\sharp-linux-arm64': 'D:\\programas\\Projetos de programação\\Afiliados Netbox\\Site institucional - Netbox\\node_modules\\@img\\.sharp-linux-arm64-CBSZImrX',
303 silly reify   'D:\\programas\\Projetos de programação\\Afiliados Netbox\\Site institucional - Netbox\\node_modules\\@img\\sharp-linuxmusl-arm64': 'D:\\programas\\Projetos de programação\\Afiliados Netbox\\Site institucional - Netbox\\node_modules\\@img\\.sharp-linuxmusl-arm64-Ub6OT5VS',
303 silly reify   'D:\\programas\\Projetos de programação\\Afiliados Netbox\\Site institucional - Netbox\\node_modules\\@img\\sharp-linux-s390x': 'D:\\programas\\Projetos de programação\\Afiliados Netbox\\Site institucional - Netbox\\node_modules\\@img\\.sharp-linux-s390x-qqjMPe7C',
303 silly reify   'D:\\programas\\Projetos de programação\\Afiliados Netbox\\Site institucional - Netbox\\node_modules\\@img\\sharp-linux-x64': 'D:\\programas\\Projetos de programação\\Afiliados Netbox\\Site institucional - Netbox\\node_modules\\@img\\.sharp-linux-x64-1DCN7VJt',
303 silly reify   'D:\\programas\\Projetos de programação\\Afiliados Netbox\\Site institucional - Netbox\\node_modules\\@img\\sharp-linuxmusl-x64': 'D:\\programas\\Projetos de programação\\Afiliados Netbox\\Site institucional - Netbox\\node_modules\\@img\\.sharp-linuxmusl-x64-nV4ATkvt',
303 silly reify   'D:\\programas\\Projetos de programação\\Afiliados Netbox\\Site institucional - Netbox\\node_modules\\@img\\sharp-wasm32': 'D:\\programas\\Projetos de programação\\Afiliados Netbox\\Site institucional - Netbox\\node_modules\\@img\\.sharp-wasm32-R0PuTFaA',
303 silly reify   'D:\\programas\\Projetos de programação\\Afiliados Netbox\\Site institucional - Netbox\\node_modules\\@img\\sharp-win32-ia32': 'D:\\programas\\Projetos de programação\\Afiliados Netbox\\Site institucional - Netbox\\node_modules\\@img\\.sharp-win32-ia32-Y0eV5s8E',
303 silly reify   'D:\\programas\\Projetos de programação\\Afiliados Netbox\\Site institucional - Netbox\\node_modules\\@img\\sharp-win32-arm64': 'D:\\programas\\Projetos de programação\\Afiliados Netbox\\Site institucional - Netbox\\node_modules\\@img\\.sharp-win32-arm64-7CK89xxu',
303 silly reify   'D:\\programas\\Projetos de programação\\Afiliados Netbox\\Site institucional - Netbox\\node_modules\\@next\\env': 'D:\\programas\\Projetos de programação\\Afiliados Netbox\\Site institucional - Netbox\\node_modules\\@next\\.env-V6kqYafi',
303 silly reify   'D:\\programas\\Projetos de programação\\Afiliados Netbox\\Site institucional - Netbox\\node_modules\\@next\\eslint-plugin-next': 'D:\\programas\\Projetos de programação\\Afiliados Netbox\\Site institucional - Netbox\\node_modules\\@next\\.eslint-plugin-next-1fQVAJTj',
303 silly reify   'D:\\programas\\Projetos de programação\\Afiliados Netbox\\Site institucional - Netbox\\node_modules\\@next\\swc-darwin-x64': 'D:\\programas\\Projetos de programação\\Afiliados Netbox\\Site institucional - Netbox\\node_modules\\@next\\.swc-darwin-x64-adRKMcfw',
303 silly reify   'D:\\programas\\Projetos de programação\\Afiliados Netbox\\Site institucional - Netbox\\node_modules\\@next\\swc-darwin-arm64': 'D:\\programas\\Projetos de programação\\Afiliados Netbox\\Site institucional - Netbox\\node_modules\\@next\\.swc-darwin-arm64-HMlKjWEK',
303 silly reify   'D:\\programas\\Projetos de programação\\Afiliados Netbox\\Site institucional - Netbox\\node_modules\\@next\\swc-linux-x64-gnu': 'D:\\programas\\Projetos de programação\\Afiliados Netbox\\Site institucional - Netbox\\node_modules\\@next\\.swc-linux-x64-gnu-ibClVkDZ',
303 silly reify   'D:\\programas\\Projetos de programação\\Afiliados Netbox\\Site institucional - Netbox\\node_modules\\@next\\swc-linux-arm64-gnu': 'D:\\programas\\Projetos de programação\\Afiliados Netbox\\Site institucional - Netbox\\node_modules\\@next\\.swc-linux-arm64-gnu-fp6zQ9kj',
303 silly reify   'D:\\programas\\Projetos de programação\\Afiliados Netbox\\Site institucional - Netbox\\node_modules\\@next\\swc-linux-x64-musl': 'D:\\programas\\Projetos de programação\\Afiliados Netbox\\Site institucional - Netbox\\node_modules\\@next\\.swc-linux-x64-musl-YL02sUiE',
303 silly reify   'D:\\programas\\Projetos de programação\\Afiliados Netbox\\Site institucional - Netbox\\node_modules\\@next\\swc-win32-arm64-msvc': 'D:\\programas\\Projetos de programação\\Afiliados Netbox\\Site institucional - Netbox\\node_modules\\@next\\.swc-win32-arm64-msvc-2IPdBYkJ',
303 silly reify   'D:\\programas\\Projetos de programação\\Afiliados Netbox\\Site institucional - Netbox\\node_modules\\@next\\swc-win32-x64-msvc': 'D:\\programas\\Projetos de programação\\Afiliados Netbox\\Site institucional - Netbox\\node_modules\\@next\\.swc-win32-x64-msvc-n8wrYAvZ',
303 silly reify   'D:\\programas\\Projetos de programação\\Afiliados Netbox\\Site institucional - Netbox\\node_modules\\@next\\swc-linux-arm64-musl': 'D:\\programas\\Projetos de programação\\Afiliados Netbox\\Site institucional - Netbox\\node_modules\\@next\\.swc-linux-arm64-musl-23cVMPCa',
303 silly reify   'D:\\programas\\Projetos de programação\\Afiliados Netbox\\Site institucional - Netbox\\node_modules\\@oxc-project\\types': 'D:\\programas\\Projetos de programação\\Afiliados Netbox\\Site institucional - Netbox\\node_modules\\@oxc-project\\.types-Yceu5SG3',
303 silly reify   'D:\\programas\\Projetos de programação\\Afiliados Netbox\\Site institucional - Netbox\\node_modules\\@poppinss\\colors': 'D:\\programas\\Projetos de programação\\Afiliados Netbox\\Site institucional - Netbox\\node_modules\\@poppinss\\.colors-FONZLC4q',
303 silly reify   'D:\\programas\\Projetos de programação\\Afiliados Netbox\\Site institucional - Netbox\\node_modules\\@poppinss\\dumper': 'D:\\programas\\Projetos de programação\\Afiliados Netbox\\Site institucional - Netbox\\node_modules\\@poppinss\\.dumper-IujOrGPh',
303 silly reify   'D:\\programas\\Projetos de programação\\Afiliados Netbox\\Site institucional - Netbox\\node_modules\\@rolldown\\binding-android-arm64': 'D:\\programas\\Projetos de programação\\Afiliados Netbox\\Site institucional - Netbox\\node_modules\\@rolldown\\.binding-android-arm64-8EEp3TO0',
303 silly reify   'D:\\programas\\Projetos de programação\\Afiliados Netbox\\Site institucional - Netbox\\node_modules\\@poppinss\\exception': 'D:\\programas\\Projetos de programação\\Afiliados Netbox\\Site institucional - Netbox\\node_modules\\@poppinss\\.exception-YyZ7afdc',
303 silly reify   'D:\\programas\\Projetos de programação\\Afiliados Netbox\\Site institucional - Netbox\\node_modules\\@rolldown\\binding-darwin-arm64': 'D:\\programas\\Projetos de programação\\Afiliados Netbox\\Site institucional - Netbox\\node_modules\\@rolldown\\.binding-darwin-arm64-nSxB9VIG',
303 silly reify   'D:\\programas\\Projetos de programação\\Afiliados Netbox\\Site institucional - Netbox\\node_modules\\@rolldown\\binding-darwin-x64': 'D:\\programas\\Projetos de programação\\Afiliados Netbox\\Site institucional - Netbox\\node_modules\\@rolldown\\.binding-darwin-x64-IpbucnpO',
303 silly reify   'D:\\programas\\Projetos de programação\\Afiliados Netbox\\Site institucional - Netbox\\node_modules\\@rolldown\\binding-freebsd-x64': 'D:\\programas\\Projetos de programação\\Afiliados Netbox\\Site institucional - Netbox\\node_modules\\@rolldown\\.binding-freebsd-x64-vyVdoXcq',
303 silly reify   'D:\\programas\\Projetos de programação\\Afiliados Netbox\\Site institucional - Netbox\\node_modules\\@rolldown\\binding-linux-arm-gnueabihf': 'D:\\programas\\Projetos de programação\\Afiliados Netbox\\Site institucional - Netbox\\node_modules\\@rolldown\\.binding-linux-arm-gnueabihf-UPTP2Mdn',
303 silly reify   'D:\\programas\\Projetos de programação\\Afiliados Netbox\\Site institucional - Netbox\\node_modules\\@rolldown\\binding-linux-arm64-musl': 'D:\\programas\\Projetos de programação\\Afiliados Netbox\\Site institucional - Netbox\\node_modules\\@rolldown\\.binding-linux-arm64-musl-MHaFwVhS',
303 silly reify   'D:\\programas\\Projetos de programação\\Afiliados Netbox\\Site institucional - Netbox\\node_modules\\@rolldown\\binding-linux-arm64-gnu': 'D:\\programas\\Projetos de programação\\Afiliados Netbox\\Site institucional - Netbox\\node_modules\\@rolldown\\.binding-linux-arm64-gnu-5s7rEQxX',
303 silly reify   'D:\\programas\\Projetos de programação\\Afiliados Netbox\\Site institucional - Netbox\\node_modules\\@rolldown\\binding-linux-ppc64-gnu': 'D:\\programas\\Projetos de programação\\Afiliados Netbox\\Site institucional - Netbox\\node_modules\\@rolldown\\.binding-linux-ppc64-gnu-EuAlXZZp',
303 silly reify   'D:\\programas\\Projetos de programação\\Afiliados Netbox\\Site institucional - Netbox\\node_modules\\@rolldown\\binding-linux-x64-gnu': 'D:\\programas\\Projetos de programação\\Afiliados Netbox\\Site institucional - Netbox\\node_modules\\@rolldown\\.binding-linux-x64-gnu-7BPkOi3L',
303 silly reify   'D:\\programas\\Projetos de programação\\Afiliados Netbox\\Site institucional - Netbox\\node_modules\\@rolldown\\binding-linux-s390x-gnu': 'D:\\programas\\Projetos de programação\\Afiliados Netbox\\Site institucional - Netbox\\node_modules\\@rolldown\\.binding-linux-s390x-gnu-238exX9c',
303 silly reify   'D:\\programas\\Projetos de programação\\Afiliados Netbox\\Site institucional - Netbox\\node_modules\\@rolldown\\binding-wasm32-wasi': 'D:\\programas\\Projetos de programação\\Afiliados Netbox\\Site institucional - Netbox\\node_modules\\@rolldown\\.binding-wasm32-wasi-kvhEX1LX',
303 silly reify   'D:\\programas\\Projetos de programação\\Afiliados Netbox\\Site institucional - Netbox\\node_modules\\@rolldown\\binding-win32-arm64-msvc': 'D:\\programas\\Projetos de programação\\Afiliados Netbox\\Site institucional - Netbox\\node_modules\\@rolldown\\.binding-win32-arm64-msvc-wZm8tHg4',
303 silly reify   'D:\\programas\\Projetos de programação\\Afiliados Netbox\\Site institucional - Netbox\\node_modules\\@rolldown\\binding-openharmony-arm64': 'D:\\programas\\Projetos de programação\\Afiliados Netbox\\Site institucional - Netbox\\node_modules\\@rolldown\\.binding-openharmony-arm64-SlXzan30',
303 silly reify   'D:\\programas\\Projetos de programação\\Afiliados Netbox\\Site institucional - Netbox\\node_modules\\@shuding\\opentype.js': 'D:\\programas\\Projetos de programação\\Afiliados Netbox\\Site institucional - Netbox\\node_modules\\@shuding\\.opentype.js-ek4nSmII',
303 silly reify   'D:\\programas\\Projetos de programação\\Afiliados Netbox\\Site institucional - Netbox\\node_modules\\@rolldown\\binding-linux-x64-musl': 'D:\\programas\\Projetos de programação\\Afiliados Netbox\\Site institucional - Netbox\\node_modules\\@rolldown\\.binding-linux-x64-musl-14EBoLWL',
303 silly reify   'D:\\programas\\Projetos de programação\\Afiliados Netbox\\Site institucional - Netbox\\node_modules\\@resvg\\resvg-wasm': 'D:\\programas\\Projetos de programação\\Afiliados Netbox\\Site institucional - Netbox\\node_modules\\@resvg\\.resvg-wasm-hM3nEBlL',
303 silly reify   'D:\\programas\\Projetos de programação\\Afiliados Netbox\\Site institucional - Netbox\\node_modules\\@rolldown\\pluginutils': 'D:\\programas\\Projetos de programação\\Afiliados Netbox\\Site institucional - Netbox\\node_modules\\@rolldown\\.pluginutils-TqYlx1Jh',
303 silly reify   'D:\\programas\\Projetos de programação\\Afiliados Netbox\\Site institucional - Netbox\\node_modules\\@rolldown\\binding-win32-x64-msvc': 'D:\\programas\\Projetos de programação\\Afiliados Netbox\\Site institucional - Netbox\\node_modules\\@rolldown\\.binding-win32-x64-msvc-p3wizw5m',
303 silly reify   'D:\\programas\\Projetos de programação\\Afiliados Netbox\\Site institucional - Netbox\\node_modules\\@sindresorhus\\is': 'D:\\programas\\Projetos de programação\\Afiliados Netbox\\Site institucional - Netbox\\node_modules\\@sindresorhus\\.is-vzIMDqsw',
303 silly reify   'D:\\programas\\Projetos de programação\\Afiliados Netbox\\Site institucional - Netbox\\node_modules\\@speed-highlight\\core': 'D:\\programas\\Projetos de programação\\Afiliados Netbox\\Site institucional - Netbox\\node_modules\\@speed-highlight\\.core-4qTXQtn7',
303 silly reify   'D:\\programas\\Projetos de programação\\Afiliados Netbox\\Site institucional - Netbox\\node_modules\\@tailwindcss\\node': 'D:\\programas\\Projetos de programação\\Afiliados Netbox\\Site institucional - Netbox\\node_modules\\@tailwindcss\\.node-HnJ7UnHS',
303 silly reify   'D:\\programas\\Projetos de programação\\Afiliados Netbox\\Site institucional - Netbox\\node_modules\\@tailwindcss\\oxide': 'D:\\programas\\Projetos de programação\\Afiliados Netbox\\Site institucional - Netbox\\node_modules\\@tailwindcss\\.oxide-RiyYytqx',
303 silly reify   'D:\\programas\\Projetos de programação\\Afiliados Netbox\\Site institucional - Netbox\\node_modules\\@tailwindcss\\oxide-darwin-arm64': 'D:\\programas\\Projetos de programação\\Afiliados Netbox\\Site institucional - Netbox\\node_modules\\@tailwindcss\\.oxide-darwin-arm64-OCMblxoU',
303 silly reify   'D:\\programas\\Projetos de programação\\Afiliados Netbox\\Site institucional - Netbox\\node_modules\\@tailwindcss\\oxide-darwin-x64': 'D:\\programas\\Projetos de programação\\Afiliados Netbox\\Site institucional - Netbox\\node_modules\\@tailwindcss\\.oxide-darwin-x64-HkYkKWHb',
303 silly reify   'D:\\programas\\Projetos de programação\\Afiliados Netbox\\Site institucional - Netbox\\node_modules\\@tailwindcss\\oxide-android-arm64': 'D:\\programas\\Projetos de programação\\Afiliados Netbox\\Site institucional - Netbox\\node_modules\\@tailwindcss\\.oxide-android-arm64-5CmlGI2i',
303 silly reify   'D:\\programas\\Projetos de programação\\Afiliados Netbox\\Site institucional - Netbox\\node_modules\\@tailwindcss\\oxide-linux-arm-gnueabihf': 'D:\\programas\\Projetos de programação\\Afiliados Netbox\\Site institucional - Netbox\\node_modules\\@tailwindcss\\.oxide-linux-arm-gnueabihf-oMn79iC5',
303 silly reify   'D:\\programas\\Projetos de programação\\Afiliados Netbox\\Site institucional - Netbox\\node_modules\\@tailwindcss\\oxide-freebsd-x64': 'D:\\programas\\Projetos de programação\\Afiliados Netbox\\Site institucional - Netbox\\node_modules\\@tailwindcss\\.oxide-freebsd-x64-nTHbN7x7',
303 silly reify   'D:\\programas\\Projetos de programação\\Afiliados Netbox\\Site institucional - Netbox\\node_modules\\@tailwindcss\\oxide-linux-arm64-gnu': 'D:\\programas\\Projetos de programação\\Afiliados Netbox\\Site institucional - Netbox\\node_modules\\@tailwindcss\\.oxide-linux-arm64-gnu-wXOYEKMx',
303 silly reify   'D:\\programas\\Projetos de programação\\Afiliados Netbox\\Site institucional - Netbox\\node_modules\\@tailwindcss\\oxide-linux-arm64-musl': 'D:\\programas\\Projetos de programação\\Afiliados Netbox\\Site institucional - Netbox\\node_modules\\@tailwindcss\\.oxide-linux-arm64-musl-RwYS1WSN',
303 silly reify   'D:\\programas\\Projetos de programação\\Afiliados Netbox\\Site institucional - Netbox\\node_modules\\@tailwindcss\\oxide-linux-x64-gnu': 'D:\\programas\\Projetos de programação\\Afiliados Netbox\\Site institucional - Netbox\\node_modules\\@tailwindcss\\.oxide-linux-x64-gnu-4duzLuuq',
303 silly reify   'D:\\programas\\Projetos de programação\\Afiliados Netbox\\Site institucional - Netbox\\node_modules\\@tailwindcss\\oxide-wasm32-wasi': 'D:\\programas\\Projetos de programação\\Afiliados Netbox\\Site institucional - Netbox\\node_modules\\@tailwindcss\\.oxide-wasm32-wasi-OTaiFhZQ',
303 silly reify   'D:\\programas\\Projetos de programação\\Afiliados Netbox\\Site institucional - Netbox\\node_modules\\@tailwindcss\\oxide-linux-x64-musl': 'D:\\programas\\Projetos de programação\\Afiliados Netbox\\Site institucional - Netbox\\node_modules\\@tailwindcss\\.oxide-linux-x64-musl-ee0He6HC',
303 silly reify   'D:\\programas\\Projetos de programação\\Afiliados Netbox\\Site institucional - Netbox\\node_modules\\@tailwindcss\\oxide-win32-arm64-msvc': 'D:\\programas\\Projetos de programação\\Afiliados Netbox\\Site institucional - Netbox\\node_modules\\@tailwindcss\\.oxide-win32-arm64-msvc-BvaOug26',
303 silly reify   'D:\\programas\\Projetos de programação\\Afiliados Netbox\\Site institucional - Netbox\\node_modules\\@tailwindcss\\oxide-win32-x64-msvc': 'D:\\programas\\Projetos de programação\\Afiliados Netbox\\Site institucional - Netbox\\node_modules\\@tailwindcss\\.oxide-win32-x64-msvc-XfP4OBip',
303 silly reify   'D:\\programas\\Projetos de programação\\Afiliados Netbox\\Site institucional - Netbox\\node_modules\\@tailwindcss\\postcss': 'D:\\programas\\Projetos de programação\\Afiliados Netbox\\Site institucional - Netbox\\node_modules\\@tailwindcss\\.postcss-MhINp3FS',
303 silly reify   'D:\\programas\\Projetos de programação\\Afiliados Netbox\\Site institucional - Netbox\\node_modules\\@unpic\\core': 'D:\\programas\\Projetos de programação\\Afiliados Netbox\\Site institucional - Netbox\\node_modules\\@unpic\\.core-omgeanzH',
303 silly reify   'D:\\programas\\Projetos de programação\\Afiliados Netbox\\Site institucional - Netbox\\node_modules\\@types\\node': 'D:\\programas\\Projetos de programação\\Afiliados Netbox\\Site institucional - Netbox\\node_modules\\@types\\.node-ulnkWdl0',
303 silly reify   'D:\\programas\\Projetos de programação\\Afiliados Netbox\\Site institucional - Netbox\\node_modules\\@unpic\\react': 'D:\\programas\\Projetos de programação\\Afiliados Netbox\\Site institucional - Netbox\\node_modules\\@unpic\\.react-85wnfQkD',
303 silly reify   'D:\\programas\\Projetos de programação\\Afiliados Netbox\\Site institucional - Netbox\\node_modules\\@typescript-eslint\\eslint-plugin': 'D:\\programas\\Projetos de programação\\Afiliados Netbox\\Site institucional - Netbox\\node_modules\\@typescript-eslint\\.eslint-plugin-3aFvakdV',
303 silly reify   'D:\\programas\\Projetos de programação\\Afiliados Netbox\\Site institucional - Netbox\\node_modules\\@typescript-eslint\\project-service': 'D:\\programas\\Projetos de programação\\Afiliados Netbox\\Site institucional - Netbox\\node_modules\\@typescript-eslint\\.project-service-Cy0P8YPt',
303 silly reify   'D:\\programas\\Projetos de programação\\Afiliados Netbox\\Site institucional - Netbox\\node_modules\\@typescript-eslint\\parser': 'D:\\programas\\Projetos de programação\\Afiliados Netbox\\Site institucional - Netbox\\node_modules\\@typescript-eslint\\.parser-ikLnr0Wd',
303 silly reify   'D:\\programas\\Projetos de programação\\Afiliados Netbox\\Site institucional - Netbox\\node_modules\\@typescript-eslint\\tsconfig-utils': 'D:\\programas\\Projetos de programação\\Afiliados Netbox\\Site institucional - Netbox\\node_modules\\@typescript-eslint\\.tsconfig-utils-j7ztAFv4',
303 silly reify   'D:\\programas\\Projetos de programação\\Afiliados Netbox\\Site institucional - Netbox\\node_modules\\@typescript-eslint\\scope-manager': 'D:\\programas\\Projetos de programação\\Afiliados Netbox\\Site institucional - Netbox\\node_modules\\@typescript-eslint\\.scope-manager-Rg8hGzEu',
303 silly reify   'D:\\programas\\Projetos de programação\\Afiliados Netbox\\Site institucional - Netbox\\node_modules\\@typescript-eslint\\type-utils': 'D:\\programas\\Projetos de programação\\Afiliados Netbox\\Site institucional - Netbox\\node_modules\\@typescript-eslint\\.type-utils-dlIeETyH',
303 silly reify   'D:\\programas\\Projetos de programação\\Afiliados Netbox\\Site institucional - Netbox\\node_modules\\@typescript-eslint\\types': 'D:\\programas\\Projetos de programação\\Afiliados Netbox\\Site institucional - Netbox\\node_modules\\@typescript-eslint\\.types-qMq3ykxm',
303 silly reify   'D:\\programas\\Projetos de programação\\Afiliados Netbox\\Site institucional - Netbox\\node_modules\\@typescript-eslint\\visitor-keys': 'D:\\programas\\Projetos de programação\\Afiliados Netbox\\Site institucional - Netbox\\node_modules\\@typescript-eslint\\.visitor-keys-2C1Oe3h8',
303 silly reify   'D:\\programas\\Projetos de programação\\Afiliados Netbox\\Site institucional - Netbox\\node_modules\\@typescript-eslint\\typescript-estree': 'D:\\programas\\Projetos de programação\\Afiliados Netbox\\Site institucional - Netbox\\node_modules\\@typescript-eslint\\.typescript-estree-wvyiTjlM',
303 silly reify   'D:\\programas\\Projetos de programação\\Afiliados Netbox\\Site institucional - Netbox\\node_modules\\@typescript-eslint\\utils': 'D:\\programas\\Projetos de programação\\Afiliados Netbox\\Site institucional - Netbox\\node_modules\\@typescript-eslint\\.utils-fhyq0JTj',
303 silly reify   'D:\\programas\\Projetos de programação\\Afiliados Netbox\\Site institucional - Netbox\\node_modules\\@unrs\\resolver-binding-android-arm64': 'D:\\programas\\Projetos de programação\\Afiliados Netbox\\Site institucional - Netbox\\node_modules\\@unrs\\.resolver-binding-android-arm64-Z36j68dO',
303 silly reify   'D:\\programas\\Projetos de programação\\Afiliados Netbox\\Site institucional - Netbox\\node_modules\\@unrs\\resolver-binding-android-arm-eabi': 'D:\\programas\\Projetos de programação\\Afiliados Netbox\\Site institucional - Netbox\\node_modules\\@unrs\\.resolver-binding-android-arm-eabi-EhPgIl2n',
303 silly reify   'D:\\programas\\Projetos de programação\\Afiliados Netbox\\Site institucional - Netbox\\node_modules\\@unrs\\resolver-binding-darwin-arm64': 'D:\\programas\\Projetos de programação\\Afiliados Netbox\\Site institucional - Netbox\\node_modules\\@unrs\\.resolver-binding-darwin-arm64-oxZ6urFv',
303 silly reify   'D:\\programas\\Projetos de programação\\Afiliados Netbox\\Site institucional - Netbox\\node_modules\\@unrs\\resolver-binding-darwin-x64': 'D:\\programas\\Projetos de programação\\Afiliados Netbox\\Site institucional - Netbox\\node_modules\\@unrs\\.resolver-binding-darwin-x64-COeMjFU9',
303 silly reify   'D:\\programas\\Projetos de programação\\Afiliados Netbox\\Site institucional - Netbox\\node_modules\\@unrs\\resolver-binding-freebsd-x64': 'D:\\programas\\Projetos de programação\\Afiliados Netbox\\Site institucional - Netbox\\node_modules\\@unrs\\.resolver-binding-freebsd-x64-LdgVeDcL',
303 silly reify   'D:\\programas\\Projetos de programação\\Afiliados Netbox\\Site institucional - Netbox\\node_modules\\@unrs\\resolver-binding-linux-arm-gnueabihf': 'D:\\programas\\Projetos de programação\\Afiliados Netbox\\Site institucional - Netbox\\node_modules\\@unrs\\.resolver-binding-linux-arm-gnueabihf-nhrEEqMr',
303 silly reify   'D:\\programas\\Projetos de programação\\Afiliados Netbox\\Site institucional - Netbox\\node_modules\\@unrs\\resolver-binding-linux-arm-musleabihf': 'D:\\programas\\Projetos de programação\\Afiliados Netbox\\Site institucional - Netbox\\node_modules\\@unrs\\.resolver-binding-linux-arm-musleabihf-TzP98JLo',
303 silly reify   'D:\\programas\\Projetos de programação\\Afiliados Netbox\\Site institucional - Netbox\\node_modules\\@unrs\\resolver-binding-linux-arm64-gnu': 'D:\\programas\\Projetos de programação\\Afiliados Netbox\\Site institucional - Netbox\\node_modules\\@unrs\\.resolver-binding-linux-arm64-gnu-CobQ2ptl',
303 silly reify   'D:\\programas\\Projetos de programação\\Afiliados Netbox\\Site institucional - Netbox\\node_modules\\@unrs\\resolver-binding-linux-arm64-musl': 'D:\\programas\\Projetos de programação\\Afiliados Netbox\\Site institucional - Netbox\\node_modules\\@unrs\\.resolver-binding-linux-arm64-musl-JFRyW7Aj',
303 silly reify   'D:\\programas\\Projetos de programação\\Afiliados Netbox\\Site institucional - Netbox\\node_modules\\@unrs\\resolver-binding-linux-ppc64-gnu': 'D:\\programas\\Projetos de programação\\Afiliados Netbox\\Site institucional - Netbox\\node_modules\\@unrs\\.resolver-binding-linux-ppc64-gnu-dilPHVJn',
303 silly reify   'D:\\programas\\Projetos de programação\\Afiliados Netbox\\Site institucional - Netbox\\node_modules\\@unrs\\resolver-binding-linux-riscv64-gnu': 'D:\\programas\\Projetos de programação\\Afiliados Netbox\\Site institucional - Netbox\\node_modules\\@unrs\\.resolver-binding-linux-riscv64-gnu-r7a2AEGZ',
303 silly reify   'D:\\programas\\Projetos de programação\\Afiliados Netbox\\Site institucional - Netbox\\node_modules\\@unrs\\resolver-binding-linux-riscv64-musl': 'D:\\programas\\Projetos de programação\\Afiliados Netbox\\Site institucional - Netbox\\node_modules\\@unrs\\.resolver-binding-linux-riscv64-musl-GFXW3Ha4',
303 silly reify   'D:\\programas\\Projetos de programação\\Afiliados Netbox\\Site institucional - Netbox\\node_modules\\@unrs\\resolver-binding-linux-x64-gnu': 'D:\\programas\\Projetos de programação\\Afiliados Netbox\\Site institucional - Netbox\\node_modules\\@unrs\\.resolver-binding-linux-x64-gnu-2AOjfM3Z',
303 silly reify   'D:\\programas\\Projetos de programação\\Afiliados Netbox\\Site institucional - Netbox\\node_modules\\@unrs\\resolver-binding-linux-s390x-gnu': 'D:\\programas\\Projetos de programação\\Afiliados Netbox\\Site institucional - Netbox\\node_modules\\@unrs\\.resolver-binding-linux-s390x-gnu-WsjNDDCd',
303 silly reify   'D:\\programas\\Projetos de programação\\Afiliados Netbox\\Site institucional - Netbox\\node_modules\\@unrs\\resolver-binding-linux-x64-musl': 'D:\\programas\\Projetos de programação\\Afiliados Netbox\\Site institucional - Netbox\\node_modules\\@unrs\\.resolver-binding-linux-x64-musl-j5t07Z48',
303 silly reify   'D:\\programas\\Projetos de programação\\Afiliados Netbox\\Site institucional - Netbox\\node_modules\\@unrs\\resolver-binding-wasm32-wasi': 'D:\\programas\\Projetos de programação\\Afiliados Netbox\\Site institucional - Netbox\\node_modules\\@unrs\\.resolver-binding-wasm32-wasi-6mZO8pl0',
303 silly reify   'D:\\programas\\Projetos de programação\\Afiliados Netbox\\Site institucional - Netbox\\node_modules\\@unrs\\resolver-binding-win32-arm64-msvc': 'D:\\programas\\Projetos de programação\\Afiliados Netbox\\Site institucional - Netbox\\node_modules\\@unrs\\.resolver-binding-win32-arm64-msvc-waJ0CdlC',
303 silly reify   'D:\\programas\\Projetos de programação\\Afiliados Netbox\\Site institucional - Netbox\\node_modules\\@unrs\\resolver-binding-win32-ia32-msvc': 'D:\\programas\\Projetos de programação\\Afiliados Netbox\\Site institucional - Netbox\\node_modules\\@unrs\\.resolver-binding-win32-ia32-msvc-yglqr5h5',
303 silly reify   'D:\\programas\\Projetos de programação\\Afiliados Netbox\\Site institucional - Netbox\\node_modules\\@vercel\\og': 'D:\\programas\\Projetos de programação\\Afiliados Netbox\\Site institucional - Netbox\\node_modules\\@vercel\\.og-5wYSBLzi',
303 silly reify   'D:\\programas\\Projetos de programação\\Afiliados Netbox\\Site institucional - Netbox\\node_modules\\@vitejs\\plugin-react': 'D:\\programas\\Projetos de programação\\Afiliados Netbox\\Site institucional - Netbox\\node_modules\\@vitejs\\.plugin-react-Tu6hkZG5',
303 silly reify   'D:\\programas\\Projetos de programação\\Afiliados Netbox\\Site institucional - Netbox\\node_modules\\@vitejs\\plugin-rsc': 'D:\\programas\\Projetos de programação\\Afiliados Netbox\\Site institucional - Netbox\\node_modules\\@vitejs\\.plugin-rsc-pV8n9JSr',
303 silly reify   'D:\\programas\\Projetos de programação\\Afiliados Netbox\\Site institucional - Netbox\\node_modules\\is-bun-module\\node_modules\\semver': 'D:\\programas\\Projetos de programação\\Afiliados Netbox\\Site institucional - Netbox\\node_modules\\is-bun-module\\node_modules\\.semver-RkKkJy1m',
303 silly reify   'D:\\programas\\Projetos de programação\\Afiliados Netbox\\Site institucional - Netbox\\node_modules\\sharp\\node_modules\\semver': 'D:\\programas\\Projetos de programação\\Afiliados Netbox\\Site institucional - Netbox\\node_modules\\sharp\\node_modules\\.semver-XCqqOuzk',
303 silly reify   'D:\\programas\\Projetos de programação\\Afiliados Netbox\\Site institucional - Netbox\\node_modules\\tsconfig-paths\\node_modules\\json5': 'D:\\programas\\Projetos de programação\\Afiliados Netbox\\Site institucional - Netbox\\node_modules\\tsconfig-paths\\node_modules\\.json5-11yBhCoI',
303 silly reify   'D:\\programas\\Projetos de programação\\Afiliados Netbox\\Site institucional - Netbox\\node_modules\\@esbuild-kit\\core-utils\\node_modules\\esbuild': 'D:\\programas\\Projetos de programação\\Afiliados Netbox\\Site institucional - Netbox\\node_modules\\@esbuild-kit\\core-utils\\node_modules\\.esbuild-t9XL9OpZ',
303 silly reify   'D:\\programas\\Projetos de programação\\Afiliados Netbox\\Site institucional - Netbox\\node_modules\\@esbuild-kit\\core-utils\\node_modules\\@esbuild\\android-arm': 'D:\\programas\\Projetos de programação\\Afiliados Netbox\\Site institucional - Netbox\\node_modules\\@esbuild-kit\\core-utils\\node_modules\\@esbuild\\.android-arm-nfdr1770',
303 silly reify   'D:\\programas\\Projetos de programação\\Afiliados Netbox\\Site institucional - Netbox\\node_modules\\@esbuild-kit\\core-utils\\node_modules\\@esbuild\\android-arm64': 'D:\\programas\\Projetos de programação\\Afiliados Netbox\\Site institucional - Netbox\\node_modules\\@esbuild-kit\\core-utils\\node_modules\\@esbuild\\.android-arm64-SaIV6Mi7',
303 silly reify   'D:\\programas\\Projetos de programação\\Afiliados Netbox\\Site institucional - Netbox\\node_modules\\@esbuild-kit\\core-utils\\node_modules\\@esbuild\\android-x64': 'D:\\programas\\Projetos de programação\\Afiliados Netbox\\Site institucional - Netbox\\node_modules\\@esbuild-kit\\core-utils\\node_modules\\@esbuild\\.android-x64-IYUwHiJo',
303 silly reify   'D:\\programas\\Projetos de programação\\Afiliados Netbox\\Site institucional - Netbox\\node_modules\\@esbuild-kit\\core-utils\\node_modules\\@esbuild\\darwin-arm64': 'D:\\programas\\Projetos de programação\\Afiliados Netbox\\Site institucional - Netbox\\node_modules\\@esbuild-kit\\core-utils\\node_modules\\@esbuild\\.darwin-arm64-X9n9MA00',
303 silly reify   'D:\\programas\\Projetos de programação\\Afiliados Netbox\\Site institucional - Netbox\\node_modules\\@esbuild-kit\\core-utils\\node_modules\\@esbuild\\freebsd-arm64': 'D:\\programas\\Projetos de programação\\Afiliados Netbox\\Site institucional - Netbox\\node_modules\\@esbuild-kit\\core-utils\\node_modules\\@esbuild\\.freebsd-arm64-C0LffUwy',
303 silly reify   'D:\\programas\\Projetos de programação\\Afiliados Netbox\\Site institucional - Netbox\\node_modules\\@esbuild-kit\\core-utils\\node_modules\\@esbuild\\freebsd-x64': 'D:\\programas\\Projetos de programação\\Afiliados Netbox\\Site institucional - Netbox\\node_modules\\@esbuild-kit\\core-utils\\node_modules\\@esbuild\\.freebsd-x64-2gYEHGtp',
303 silly reify   'D:\\programas\\Projetos de programação\\Afiliados Netbox\\Site institucional - Netbox\\node_modules\\@esbuild-kit\\core-utils\\node_modules\\@esbuild\\darwin-x64': 'D:\\programas\\Projetos de programação\\Afiliados Netbox\\Site institucional - Netbox\\node_modules\\@esbuild-kit\\core-utils\\node_modules\\@esbuild\\.darwin-x64-dFVtUOez',
303 silly reify   'D:\\programas\\Projetos de programação\\Afiliados Netbox\\Site institucional - Netbox\\node_modules\\@esbuild-kit\\core-utils\\node_modules\\@esbuild\\linux-ia32': 'D:\\programas\\Projetos de programação\\Afiliados Netbox\\Site institucional - Netbox\\node_modules\\@esbuild-kit\\core-utils\\node_modules\\@esbuild\\.linux-ia32-z5f4izIV',
303 silly reify   'D:\\programas\\Projetos de programação\\Afiliados Netbox\\Site institucional - Netbox\\node_modules\\@esbuild-kit\\core-utils\\node_modules\\@esbuild\\linux-arm': 'D:\\programas\\Projetos de programação\\Afiliados Netbox\\Site institucional - Netbox\\node_modules\\@esbuild-kit\\core-utils\\node_modules\\@esbuild\\.linux-arm-4fjCTGne',
303 silly reify   'D:\\programas\\Projetos de programação\\Afiliados Netbox\\Site institucional - Netbox\\node_modules\\@esbuild-kit\\core-utils\\node_modules\\@esbuild\\linux-mips64el': 'D:\\programas\\Projetos de programação\\Afiliados Netbox\\Site institucional - Netbox\\node_modules\\@esbuild-kit\\core-utils\\node_modules\\@esbuild\\.linux-mips64el-lgYA0mv8',
303 silly reify   'D:\\programas\\Projetos de programação\\Afiliados Netbox\\Site institucional - Netbox\\node_modules\\@esbuild-kit\\core-utils\\node_modules\\@esbuild\\linux-arm64': 'D:\\programas\\Projetos de programação\\Afiliados Netbox\\Site institucional - Netbox\\node_modules\\@esbuild-kit\\core-utils\\node_modules\\@esbuild\\.linux-arm64-WqiAX1mj',
303 silly reify   'D:\\programas\\Projetos de programação\\Afiliados Netbox\\Site institucional - Netbox\\node_modules\\@esbuild-kit\\core-utils\\node_modules\\@esbuild\\linux-ppc64': 'D:\\programas\\Projetos de programação\\Afiliados Netbox\\Site institucional - Netbox\\node_modules\\@esbuild-kit\\core-utils\\node_modules\\@esbuild\\.linux-ppc64-KfKvnC0S',
303 silly reify   'D:\\programas\\Projetos de programação\\Afiliados Netbox\\Site institucional - Netbox\\node_modules\\@esbuild-kit\\core-utils\\node_modules\\@esbuild\\linux-loong64': 'D:\\programas\\Projetos de programação\\Afiliados Netbox\\Site institucional - Netbox\\node_modules\\@esbuild-kit\\core-utils\\node_modules\\@esbuild\\.linux-loong64-TDokcqcx',
303 silly reify   'D:\\programas\\Projetos de programação\\Afiliados Netbox\\Site institucional - Netbox\\node_modules\\@esbuild-kit\\core-utils\\node_modules\\@esbuild\\linux-s390x': 'D:\\programas\\Projetos de programação\\Afiliados Netbox\\Site institucional - Netbox\\node_modules\\@esbuild-kit\\core-utils\\node_modules\\@esbuild\\.linux-s390x-APTumpRE',
303 silly reify   'D:\\programas\\Projetos de programação\\Afiliados Netbox\\Site institucional - Netbox\\node_modules\\@esbuild-kit\\core-utils\\node_modules\\@esbuild\\linux-x64': 'D:\\programas\\Projetos de programação\\Afiliados Netbox\\Site institucional - Netbox\\node_modules\\@esbuild-kit\\core-utils\\node_modules\\@esbuild\\.linux-x64-4J4XVrcs',
303 silly reify   'D:\\programas\\Projetos de programação\\Afiliados Netbox\\Site institucional - Netbox\\node_modules\\@esbuild-kit\\core-utils\\node_modules\\@esbuild\\linux-riscv64': 'D:\\programas\\Projetos de programação\\Afiliados Netbox\\Site institucional - Netbox\\node_modules\\@esbuild-kit\\core-utils\\node_modules\\@esbuild\\.linux-riscv64-kpCfSkWR',
303 silly reify   'D:\\programas\\Projetos de programação\\Afiliados Netbox\\Site institucional - Netbox\\node_modules\\@esbuild-kit\\core-utils\\node_modules\\@esbuild\\netbsd-x64': 'D:\\programas\\Projetos de programação\\Afiliados Netbox\\Site institucional - Netbox\\node_modules\\@esbuild-kit\\core-utils\\node_modules\\@esbuild\\.netbsd-x64-TsQmh5BS',
303 silly reify   'D:\\programas\\Projetos de programação\\Afiliados Netbox\\Site institucional - Netbox\\node_modules\\@esbuild-kit\\core-utils\\node_modules\\@esbuild\\openbsd-x64': 'D:\\programas\\Projetos de programação\\Afiliados Netbox\\Site institucional - Netbox\\node_modules\\@esbuild-kit\\core-utils\\node_modules\\@esbuild\\.openbsd-x64-NTE3qH9X',
303 silly reify   'D:\\programas\\Projetos de programação\\Afiliados Netbox\\Site institucional - Netbox\\node_modules\\@esbuild-kit\\core-utils\\node_modules\\@esbuild\\sunos-x64': 'D:\\programas\\Projetos de programação\\Afiliados Netbox\\Site institucional - Netbox\\node_modules\\@esbuild-kit\\core-utils\\node_modules\\@esbuild\\.sunos-x64-kc4thSkn',
303 silly reify   'D:\\programas\\Projetos de programação\\Afiliados Netbox\\Site institucional - Netbox\\node_modules\\@esbuild-kit\\core-utils\\node_modules\\@esbuild\\win32-arm64': 'D:\\programas\\Projetos de programação\\Afiliados Netbox\\Site institucional - Netbox\\node_modules\\@esbuild-kit\\core-utils\\node_modules\\@esbuild\\.win32-arm64-2SOsfOhJ',
303 silly reify   'D:\\programas\\Projetos de programação\\Afiliados Netbox\\Site institucional - Netbox\\node_modules\\@esbuild-kit\\core-utils\\node_modules\\@esbuild\\win32-ia32': 'D:\\programas\\Projetos de programação\\Afiliados Netbox\\Site institucional - Netbox\\node_modules\\@esbuild-kit\\core-utils\\node_modules\\@esbuild\\.win32-ia32-Oa6W8MCe'
303 silly reify }
304 timing reify:retireShallow Completed in 747ms
305 timing reify:createSparse Completed in 148ms
306 verbose reify failed optional dependency D:\programas\Projetos de programação\Afiliados Netbox\Site institucional - Netbox\node_modules\@tailwindcss\oxide-wasm32-wasi
307 silly reify mark deleted [
307 silly reify   'D:\\programas\\Projetos de programação\\Afiliados Netbox\\Site institucional - Netbox\\node_modules\\@tailwindcss\\oxide-wasm32-wasi'
307 silly reify ]
308 verbose reify failed optional dependency D:\programas\Projetos de programação\Afiliados Netbox\Site institucional - Netbox\node_modules\@tailwindcss\oxide-wasm32-wasi\node_modules\@emnapi\core
309 silly reify mark deleted [
309 silly reify   'D:\\programas\\Projetos de programação\\Afiliados Netbox\\Site institucional - Netbox\\node_modules\\@tailwindcss\\oxide-wasm32-wasi\\node_modules\\@emnapi\\core'
309 silly reify ]
310 verbose reify failed optional dependency D:\programas\Projetos de programação\Afiliados Netbox\Site institucional - Netbox\node_modules\@tailwindcss\oxide-wasm32-wasi\node_modules\@emnapi\runtime
311 silly reify mark deleted [
311 silly reify   'D:\\programas\\Projetos de programação\\Afiliados Netbox\\Site institucional - Netbox\\node_modules\\@tailwindcss\\oxide-wasm32-wasi\\node_modules\\@emnapi\\runtime'
311 silly reify ]
312 verbose reify failed optional dependency D:\programas\Projetos de programação\Afiliados Netbox\Site institucional - Netbox\node_modules\@tailwindcss\oxide-wasm32-wasi\node_modules\@emnapi\wasi-threads
313 silly reify mark deleted [
313 silly reify   'D:\\programas\\Projetos de programação\\Afiliados Netbox\\Site institucional - Netbox\\node_modules\\@tailwindcss\\oxide-wasm32-wasi\\node_modules\\@emnapi\\wasi-threads'
313 silly reify ]
314 verbose reify failed optional dependency D:\programas\Projetos de programação\Afiliados Netbox\Site institucional - Netbox\node_modules\@tailwindcss\oxide-wasm32-wasi\node_modules\@napi-rs\wasm-runtime
315 silly reify mark deleted [
315 silly reify   'D:\\programas\\Projetos de programação\\Afiliados Netbox\\Site institucional - Netbox\\node_modules\\@tailwindcss\\oxide-wasm32-wasi\\node_modules\\@napi-rs\\wasm-runtime'
315 silly reify ]
316 verbose reify failed optional dependency D:\programas\Projetos de programação\Afiliados Netbox\Site institucional - Netbox\node_modules\@tailwindcss\oxide-wasm32-wasi\node_modules\@tybys\wasm-util
317 silly reify mark deleted [
317 silly reify   'D:\\programas\\Projetos de programação\\Afiliados Netbox\\Site institucional - Netbox\\node_modules\\@tailwindcss\\oxide-wasm32-wasi\\node_modules\\@tybys\\wasm-util'
317 silly reify ]
318 verbose reify failed optional dependency D:\programas\Projetos de programação\Afiliados Netbox\Site institucional - Netbox\node_modules\@tailwindcss\oxide-wasm32-wasi\node_modules\tslib
319 silly reify mark deleted [
319 silly reify   'D:\\programas\\Projetos de programação\\Afiliados Netbox\\Site institucional - Netbox\\node_modules\\@tailwindcss\\oxide-wasm32-wasi\\node_modules\\tslib'
319 silly reify ]
320 timing reifyNode:node_modules/@tailwindcss/oxide-wasm32-wasi Completed in 2ms
321 timing arborist:ctor Completed in 0ms
322 timing reify:diffTrees Completed in 5ms
323 timing reify:loadBundles Completed in 12ms
324 silly audit bulk request {
324 silly audit   '@alloc/quick-lru': [ '5.2.0' ],
324 silly audit   '@babel/code-frame': [ '7.29.0' ],
324 silly audit   '@babel/compat-data': [ '7.29.3' ],
324 silly audit   '@babel/core': [ '7.29.0' ],
324 silly audit   '@babel/generator': [ '7.29.1' ],
324 silly audit   '@babel/helper-compilation-targets': [ '7.28.6' ],
324 silly audit   '@babel/helper-globals': [ '7.28.0' ],
324 silly audit   '@babel/helper-module-imports': [ '7.28.6' ],
324 silly audit   '@babel/helper-module-transforms': [ '7.28.6' ],
324 silly audit   '@babel/helper-string-parser': [ '7.27.1' ],
324 silly audit   '@babel/helper-validator-identifier': [ '7.28.5' ],
324 silly audit   '@babel/helper-validator-option': [ '7.27.1' ],
324 silly audit   '@babel/helpers': [ '7.29.2' ],
324 silly audit   '@babel/parser': [ '7.29.3' ],
324 silly audit   '@babel/template': [ '7.28.6' ],
324 silly audit   '@babel/traverse': [ '7.29.0' ],
324 silly audit   '@babel/types': [ '7.29.0' ],
324 silly audit   '@cloudflare/kv-asset-handler': [ '0.5.0' ],
324 silly audit   '@cloudflare/unenv-preset': [ '2.16.1' ],
324 silly audit   '@cloudflare/vite-plugin': [ '1.37.1' ],
324 silly audit   '@cloudflare/workerd-darwin-64': [ '1.20260515.1' ],
324 silly audit   '@cloudflare/workerd-darwin-arm64': [ '1.20260515.1' ],
324 silly audit   '@cloudflare/workerd-linux-64': [ '1.20260515.1' ],
324 silly audit   '@cloudflare/workerd-linux-arm64': [ '1.20260515.1' ],
324 silly audit   '@cloudflare/workerd-windows-64': [ '1.20260515.1' ],
324 silly audit   '@cspotcode/source-map-support': [ '0.8.1' ],
324 silly audit   '@jridgewell/trace-mapping': [ '0.3.9', '0.3.31' ],
324 silly audit   '@drizzle-team/brocli': [ '0.10.2' ],
324 silly audit   '@emnapi/core': [ '1.10.0', '1.8.1' ],
324 silly audit   '@emnapi/runtime': [ '1.10.0', '1.8.1' ],
324 silly audit   '@emnapi/wasi-threads': [ '1.2.1', '1.1.0' ],
324 silly audit   '@esbuild-kit/core-utils': [ '3.3.2' ],
324 silly audit   '@esbuild/android-arm': [ '0.18.20', '0.28.0', '0.25.12', '0.27.3' ],
324 silly audit   '@esbuild/android-arm64': [ '0.18.20', '0.28.0', '0.25.12', '0.27.3' ],
324 silly audit   '@esbuild/android-x64': [ '0.18.20', '0.28.0', '0.25.12', '0.27.3' ],
324 silly audit   '@esbuild/darwin-arm64': [ '0.18.20', '0.28.0', '0.25.12', '0.27.3' ],
324 silly audit   '@esbuild/darwin-x64': [ '0.18.20', '0.28.0', '0.25.12', '0.27.3' ],
324 silly audit   '@esbuild/freebsd-arm64': [ '0.18.20', '0.28.0', '0.25.12', '0.27.3' ],
324 silly audit   '@esbuild/freebsd-x64': [ '0.18.20', '0.28.0', '0.25.12', '0.27.3' ],
324 silly audit   '@esbuild/linux-arm': [ '0.18.20', '0.28.0', '0.25.12', '0.27.3' ],
324 silly audit   '@esbuild/linux-arm64': [ '0.18.20', '0.28.0', '0.25.12', '0.27.3' ],
324 silly audit   '@esbuild/linux-ia32': [ '0.18.20', '0.28.0', '0.25.12', '0.27.3' ],
324 silly audit   '@esbuild/linux-loong64': [ '0.18.20', '0.28.0', '0.25.12', '0.27.3' ],
324 silly audit   '@esbuild/linux-mips64el': [ '0.18.20', '0.28.0', '0.25.12', '0.27.3' ],
324 silly audit   '@esbuild/linux-ppc64': [ '0.18.20', '0.28.0', '0.25.12', '0.27.3' ],
324 silly audit   '@esbuild/linux-riscv64': [ '0.18.20', '0.28.0', '0.25.12', '0.27.3' ],
324 silly audit   '@esbuild/linux-s390x': [ '0.18.20', '0.28.0', '0.25.12', '0.27.3' ],
324 silly audit   '@esbuild/linux-x64': [ '0.18.20', '0.28.0', '0.25.12', '0.27.3' ],
324 silly audit   '@esbuild/netbsd-x64': [ '0.18.20', '0.28.0', '0.25.12', '0.27.3' ],
324 silly audit   '@esbuild/openbsd-x64': [ '0.18.20', '0.28.0', '0.25.12', '0.27.3' ],
324 silly audit   '@esbuild/sunos-x64': [ '0.18.20', '0.28.0', '0.25.12', '0.27.3' ],
324 silly audit   '@esbuild/win32-arm64': [ '0.18.20', '0.28.0', '0.25.12', '0.27.3' ],
324 silly audit   '@esbuild/win32-ia32': [ '0.18.20', '0.28.0', '0.25.12', '0.27.3' ],
324 silly audit   '@esbuild/win32-x64': [ '0.18.20', '0.28.0', '0.25.12', '0.27.3' ],
324 silly audit   esbuild: [ '0.18.20', '0.25.12', '0.28.0', '0.27.3' ],
324 silly audit   '@esbuild-kit/esm-loader': [ '2.6.5' ],
324 silly audit   '@esbuild/aix-ppc64': [ '0.28.0', '0.25.12', '0.27.3' ],
324 silly audit   '@esbuild/netbsd-arm64': [ '0.28.0', '0.25.12', '0.27.3' ],
324 silly audit   '@esbuild/openbsd-arm64': [ '0.28.0', '0.25.12', '0.27.3' ],
324 silly audit   '@esbuild/openharmony-arm64': [ '0.28.0', '0.25.12', '0.27.3' ],
324 silly audit   '@eslint-community/eslint-utils': [ '4.9.1' ],
324 silly audit   'eslint-visitor-keys': [ '3.4.3', '5.0.1', '4.2.1' ],
324 silly audit   '@eslint-community/regexpp': [ '4.12.2' ],
324 silly audit   '@eslint/config-array': [ '0.21.2' ],
324 silly audit   '@eslint/config-helpers': [ '0.4.2' ],
324 silly audit   '@eslint/core': [ '0.17.0' ],
324 silly audit   '@eslint/eslintrc': [ '3.3.5' ],
324 silly audit   '@eslint/js': [ '9.39.4' ],
324 silly audit   '@eslint/object-schema': [ '2.1.7' ],
324 silly audit   '@eslint/plugin-kit': [ '0.4.1' ],
324 silly audit   '@humanfs/core': [ '0.19.2' ],
324 silly audit   '@humanfs/node': [ '0.16.8' ],
324 silly audit   '@humanfs/types': [ '0.15.0' ],
324 silly audit   '@humanwhocodes/module-importer': [ '1.0.1' ],
324 silly audit   '@humanwhocodes/retry': [ '0.4.3' ],
324 silly audit   '@img/colour': [ '1.1.0' ],
324 silly audit   '@img/sharp-darwin-arm64': [ '0.34.5' ],
324 silly audit   '@img/sharp-darwin-x64': [ '0.34.5' ],
324 silly audit   '@img/sharp-libvips-darwin-arm64': [ '1.2.4' ],
324 silly audit   '@img/sharp-libvips-darwin-x64': [ '1.2.4' ],
324 silly audit   '@img/sharp-libvips-linux-arm': [ '1.2.4' ],
324 silly audit   '@img/sharp-libvips-linux-arm64': [ '1.2.4' ],
324 silly audit   '@img/sharp-libvips-linux-ppc64': [ '1.2.4' ],
324 silly audit   '@img/sharp-libvips-linux-riscv64': [ '1.2.4' ],
324 silly audit   '@img/sharp-libvips-linux-s390x': [ '1.2.4' ],
324 silly audit   '@img/sharp-libvips-linux-x64': [ '1.2.4' ],
324 silly audit   '@img/sharp-libvips-linuxmusl-arm64': [ '1.2.4' ],
324 silly audit   '@img/sharp-libvips-linuxmusl-x64': [ '1.2.4' ],
324 silly audit   '@img/sharp-linux-arm': [ '0.34.5' ],
324 silly audit   '@img/sharp-linux-arm64': [ '0.34.5' ],
324 silly audit   '@img/sharp-linux-ppc64': [ '0.34.5' ],
324 silly audit   '@img/sharp-linux-riscv64': [ '0.34.5' ],
324 silly audit   '@img/sharp-linux-s390x': [ '0.34.5' ],
324 silly audit   '@img/sharp-linux-x64': [ '0.34.5' ],
324 silly audit   '@img/sharp-linuxmusl-arm64': [ '0.34.5' ],
324 silly audit   '@img/sharp-linuxmusl-x64': [ '0.34.5' ],
324 silly audit   '@img/sharp-wasm32': [ '0.34.5' ],
324 silly audit   '@img/sharp-win32-arm64': [ '0.34.5' ],
324 silly audit   '@img/sharp-win32-ia32': [ '0.34.5' ],
324 silly audit   '@img/sharp-win32-x64': [ '0.34.5' ],
324 silly audit   '@jridgewell/gen-mapping': [ '0.3.13' ],
324 silly audit   '@jridgewell/remapping': [ '2.3.5' ],
324 silly audit   '@jridgewell/resolve-uri': [ '3.1.2' ],
324 silly audit   '@jridgewell/source-map': [ '0.3.11' ],
324 silly audit   '@jridgewell/sourcemap-codec': [ '1.5.5' ],
324 silly audit   '@napi-rs/wasm-runtime': [ '0.2.12', '1.1.4', '1.1.1' ],
324 silly audit   '@next/env': [ '16.2.6' ],
324 silly audit   '@next/eslint-plugin-next': [ '16.2.6' ],
324 silly audit   '@next/swc-darwin-arm64': [ '16.2.6' ],
324 silly audit   '@next/swc-darwin-x64': [ '16.2.6' ],
324 silly audit   '@next/swc-linux-arm64-gnu': [ '16.2.6' ],
324 silly audit   '@next/swc-linux-arm64-musl': [ '16.2.6' ],
324 silly audit   '@next/swc-linux-x64-gnu': [ '16.2.6' ],
324 silly audit   '@next/swc-linux-x64-musl': [ '16.2.6' ],
324 silly audit   '@next/swc-win32-arm64-msvc': [ '16.2.6' ],
324 silly audit   '@next/swc-win32-x64-msvc': [ '16.2.6' ],
324 silly audit   '@nodelib/fs.scandir': [ '2.1.5' ],
324 silly audit   '@nodelib/fs.stat': [ '2.0.5' ],
324 silly audit   '@nodelib/fs.walk': [ '1.2.8' ],
324 silly audit   '@nolyfill/is-core-module': [ '1.0.39' ],
324 silly audit   '@oxc-project/types': [ '0.130.0' ],
324 silly audit   '@poppinss/colors': [ '4.1.6' ],
324 silly audit   '@poppinss/dumper': [ '0.6.5' ],
324 silly audit   'supports-color': [ '10.2.2', '8.1.1', '7.2.0' ],
324 silly audit   '@poppinss/exception': [ '1.2.3' ],
324 silly audit   '@resvg/resvg-wasm': [ '2.4.0' ],
324 silly audit   '@rolldown/binding-android-arm64': [ '1.0.1' ],
324 silly audit   '@rolldown/binding-darwin-arm64': [ '1.0.1' ],
324 silly audit   '@rolldown/binding-darwin-x64': [ '1.0.1' ],
324 silly audit   '@rolldown/binding-freebsd-x64': [ '1.0.1' ],
324 silly audit   '@rolldown/binding-linux-arm-gnueabihf': [ '1.0.1' ],
324 silly audit   '@rolldown/binding-linux-arm64-gnu': [ '1.0.1' ],
324 silly audit   '@rolldown/binding-linux-arm64-musl': [ '1.0.1' ],
324 silly audit   '@rolldown/binding-linux-ppc64-gnu': [ '1.0.1' ],
324 silly audit   '@rolldown/binding-linux-s390x-gnu': [ '1.0.1' ],
324 silly audit   '@rolldown/binding-linux-x64-gnu': [ '1.0.1' ],
324 silly audit   '@rolldown/binding-linux-x64-musl': [ '1.0.1' ],
324 silly audit   '@rolldown/binding-openharmony-arm64': [ '1.0.1' ],
324 silly audit   '@rolldown/binding-wasm32-wasi': [ '1.0.1' ],
324 silly audit   '@rolldown/binding-win32-arm64-msvc': [ '1.0.1' ],
324 silly audit   '@rolldown/binding-win32-x64-msvc': [ '1.0.1' ],
324 silly audit   '@rolldown/pluginutils': [ '1.0.1', '1.0.0-rc.18' ],
324 silly audit   '@rtsao/scc': [ '1.1.0' ],
324 silly audit   '@shuding/opentype.js': [ '1.4.0-beta.0' ],
324 silly audit   '@sindresorhus/is': [ '7.2.0' ],
324 silly audit   '@speed-highlight/core': [ '1.2.15' ],
324 silly audit   '@swc/helpers': [ '0.5.15' ],
324 silly audit   '@tailwindcss/node': [ '4.2.1' ],
324 silly audit   '@tailwindcss/oxide': [ '4.2.1' ],
324 silly audit   '@tailwindcss/oxide-android-arm64': [ '4.2.1' ],
324 silly audit   '@tailwindcss/oxide-darwin-arm64': [ '4.2.1' ],
324 silly audit   '@tailwindcss/oxide-darwin-x64': [ '4.2.1' ],
324 silly audit   '@tailwindcss/oxide-freebsd-x64': [ '4.2.1' ],
324 silly audit   '@tailwindcss/oxide-linux-arm-gnueabihf': [ '4.2.1' ],
324 silly audit   '@tailwindcss/oxide-linux-arm64-gnu': [ '4.2.1' ],
324 silly audit   '@tailwindcss/oxide-linux-arm64-musl': [ '4.2.1' ],
324 silly audit   '@tailwindcss/oxide-linux-x64-gnu': [ '4.2.1' ],
324 silly audit   '@tailwindcss/oxide-linux-x64-musl': [ '4.2.1' ],
324 silly audit   '@tybys/wasm-util': [ '0.10.1', '0.10.2' ],
324 silly audit   tslib: [ '2.8.1' ],
324 silly audit   '@tailwindcss/oxide-win32-arm64-msvc': [ '4.2.1' ],
324 silly audit   '@tailwindcss/oxide-win32-x64-msvc': [ '4.2.1' ],
324 silly audit   '@tailwindcss/postcss': [ '4.2.1' ],
324 silly audit   '@types/eslint': [ '9.6.1' ],
324 silly audit   '@types/eslint-scope': [ '3.7.7' ],
324 silly audit   '@types/estree': [ '1.0.9' ],
324 silly audit   '@types/json-schema': [ '7.0.15' ],
324 silly audit   '@types/json5': [ '0.0.29' ],
324 silly audit   '@types/node': [ '22.19.19' ],
324 silly audit   '@types/react': [ '19.2.14' ],
324 silly audit   '@types/react-dom': [ '19.2.3' ],
324 silly audit   '@typescript-eslint/eslint-plugin': [ '8.59.3' ],
324 silly audit   ignore: [ '7.0.5', '5.3.2' ],
324 silly audit   '@typescript-eslint/parser': [ '8.59.3' ],
324 silly audit   '@typescript-eslint/project-service': [ '8.59.3' ],
324 silly audit   '@typescript-eslint/scope-manager': [ '8.59.3' ],
324 silly audit   '@typescript-eslint/tsconfig-utils': [ '8.59.3' ],
324 silly audit   '@typescript-eslint/type-utils': [ '8.59.3' ],
324 silly audit   '@typescript-eslint/types': [ '8.59.3' ],
324 silly audit   '@typescript-eslint/typescript-estree': [ '8.59.3' ],
324 silly audit   'balanced-match': [ '4.0.4', '1.0.2' ],
324 silly audit   'brace-expansion': [ '5.0.6', '1.1.14' ],
324 silly audit   minimatch: [ '10.2.5', '3.1.5' ],
324 silly audit   semver: [ '7.8.0', '6.3.1' ],
324 silly audit   '@typescript-eslint/utils': [ '8.59.3' ],
324 silly audit   '@typescript-eslint/visitor-keys': [ '8.59.3' ],
324 silly audit   '@unpic/core': [ '1.0.3' ],
324 silly audit   '@unpic/react': [ '1.0.2' ],
324 silly audit   '@unrs/resolver-binding-android-arm-eabi': [ '1.11.1' ],
324 silly audit   '@unrs/resolver-binding-android-arm64': [ '1.11.1' ],
324 silly audit   '@unrs/resolver-binding-darwin-arm64': [ '1.11.1' ],
324 silly audit   '@unrs/resolver-binding-darwin-x64': [ '1.11.1' ],
324 silly audit   '@unrs/resolver-binding-freebsd-x64': [ '1.11.1' ],
324 silly audit   '@unrs/resolver-binding-linux-arm-gnueabihf': [ '1.11.1' ],
324 silly audit   '@unrs/resolver-binding-linux-arm-musleabihf': [ '1.11.1' ],
324 silly audit   '@unrs/resolver-binding-linux-arm64-gnu': [ '1.11.1' ],
324 silly audit   '@unrs/resolver-binding-linux-arm64-musl': [ '1.11.1' ],
324 silly audit   '@unrs/resolver-binding-linux-ppc64-gnu': [ '1.11.1' ],
324 silly audit   '@unrs/resolver-binding-linux-riscv64-gnu': [ '1.11.1' ],
324 silly audit   '@unrs/resolver-binding-linux-riscv64-musl': [ '1.11.1' ],
324 silly audit   '@unrs/resolver-binding-linux-s390x-gnu': [ '1.11.1' ],
324 silly audit   '@unrs/resolver-binding-linux-x64-gnu': [ '1.11.1' ],
324 silly audit   '@unrs/resolver-binding-linux-x64-musl': [ '1.11.1' ],
324 silly audit   '@unrs/resolver-binding-wasm32-wasi': [ '1.11.1' ],
324 silly audit   '@unrs/resolver-binding-win32-arm64-msvc': [ '1.11.1' ],
324 silly audit   '@unrs/resolver-binding-win32-ia32-msvc': [ '1.11.1' ],
324 silly audit   '@unrs/resolver-binding-win32-x64-msvc': [ '1.11.1' ],
324 silly audit   '@vercel/og': [ '0.8.6' ],
324 silly audit   '@vitejs/plugin-react': [ '6.0.2' ],
324 silly audit   '@vitejs/plugin-rsc': [ '0.5.26' ],
324 silly audit   '@webassemblyjs/ast': [ '1.14.1' ],
324 silly audit   '@webassemblyjs/floating-point-hex-parser': [ '1.13.2' ],
324 silly audit   '@webassemblyjs/helper-api-error': [ '1.13.2' ],
324 silly audit   '@webassemblyjs/helper-buffer': [ '1.14.1' ],
324 silly audit   '@webassemblyjs/helper-numbers': [ '1.13.2' ],
324 silly audit   '@webassemblyjs/helper-wasm-bytecode': [ '1.13.2' ],
324 silly audit   '@webassemblyjs/helper-wasm-section': [ '1.14.1' ],
324 silly audit   '@webassemblyjs/ieee754': [ '1.13.2' ],
324 silly audit   '@webassemblyjs/leb128': [ '1.13.2' ],
324 silly audit   '@webassemblyjs/utf8': [ '1.13.2' ],
324 silly audit   '@webassemblyjs/wasm-edit': [ '1.14.1' ],
324 silly audit   '@webassemblyjs/wasm-gen': [ '1.14.1' ],
324 silly audit   '@webassemblyjs/wasm-opt': [ '1.14.1' ],
324 silly audit   '@webassemblyjs/wasm-parser': [ '1.14.1' ],
324 silly audit   '@webassemblyjs/wast-printer': [ '1.14.1' ],
324 silly audit   '@xtuc/ieee754': [ '1.2.0' ],
324 silly audit   '@xtuc/long': [ '4.2.2' ],
324 silly audit   acorn: [ '8.16.0' ],
324 silly audit   'acorn-import-phases': [ '1.0.4' ],
324 silly audit   'acorn-jsx': [ '5.3.2' ],
324 silly audit   'acorn-loose': [ '8.5.2' ],
324 silly audit   ajv: [ '6.15.0', '8.20.0' ],
324 silly audit   'ajv-formats': [ '2.1.1' ],
324 silly audit   'json-schema-traverse': [ '1.0.0', '0.4.1' ],
324 silly audit   'ansi-styles': [ '4.3.0' ],
324 silly audit   argparse: [ '2.0.1' ],
324 silly audit   'aria-query': [ '5.3.2' ],
324 silly audit   'array-buffer-byte-length': [ '1.0.2' ],
324 silly audit   'array-includes': [ '3.1.9' ],
324 silly audit   'array.prototype.findlast': [ '1.2.5' ],
324 silly audit   'array.prototype.findlastindex': [ '1.2.6' ],
324 silly audit   'array.prototype.flat': [ '1.3.3' ],
324 silly audit   'array.prototype.flatmap': [ '1.3.3' ],
324 silly audit   'array.prototype.tosorted': [ '1.1.4' ],
324 silly audit   'arraybuffer.prototype.slice': [ '1.0.4' ],
324 silly audit   'ast-types-flow': [ '0.0.8' ],
324 silly audit   'async-function': [ '1.0.0' ],
324 silly audit   'available-typed-arrays': [ '1.0.7' ],
324 silly audit   'axe-core': [ '4.11.4' ],
324 silly audit   'axobject-query': [ '4.1.0' ],
324 silly audit   'base64-js': [ '0.0.8' ],
324 silly audit   'baseline-browser-mapping': [ '2.10.30' ],
324 silly audit   'blake3-wasm': [ '2.1.5' ],
324 silly audit   braces: [ '3.0.3' ],
324 silly audit   browserslist: [ '4.28.2' ],
324 silly audit   'buffer-from': [ '1.1.2' ],
324 silly audit   'call-bind': [ '1.0.9' ],
324 silly audit   'call-bind-apply-helpers': [ '1.0.2' ],
324 silly audit   'call-bound': [ '1.0.4' ],
324 silly audit   callsites: [ '3.1.0' ],
324 silly audit   camelize: [ '1.0.1' ],
324 silly audit   'caniuse-lite': [ '1.0.30001793' ],
324 silly audit   chalk: [ '4.1.2' ],
324 silly audit   'chrome-trace-event': [ '1.0.4' ],
324 silly audit   'client-only': [ '0.0.1' ],
324 silly audit   'color-convert': [ '2.0.1' ],
324 silly audit   'color-name': [ '1.1.4' ],
324 silly audit   commander: [ '2.20.3' ],
324 silly audit   'concat-map': [ '0.0.1' ],
324 silly audit   'convert-source-map': [ '2.0.0' ],
324 silly audit   cookie: [ '1.1.1' ],
324 silly audit   'cross-spawn': [ '7.0.6' ],
324 silly audit   'css-background-parser': [ '0.1.0' ],
324 silly audit   'css-box-shadow': [ '1.0.0-3' ],
324 silly audit   'css-color-keywords': [ '1.0.0' ],
324 silly audit   'css-gradient-parser': [ '0.0.16' ],
324 silly audit   'css-to-react-native': [ '3.2.0' ],
324 silly audit   csstype: [ '3.2.3' ],
324 silly audit   'damerau-levenshtein': [ '1.0.8' ],
324 silly audit   'data-view-buffer': [ '1.0.2' ],
324 silly audit   'data-view-byte-length': [ '1.0.2' ],
324 silly audit   'data-view-byte-offset': [ '1.0.1' ],
324 silly audit   debug: [ '4.4.3', '3.2.7' ],
324 silly audit   'deep-is': [ '0.1.4' ],
324 silly audit   'define-data-property': [ '1.1.4' ],
324 silly audit   'define-properties': [ '1.2.1' ],
324 silly audit   'detect-libc': [ '2.1.2' ],
324 silly audit   doctrine: [ '2.1.0' ],
324 silly audit   'drizzle-kit': [ '0.31.10' ],
324 silly audit   'drizzle-orm': [ '0.45.2' ],
324 silly audit   'dunder-proto': [ '1.0.1' ],
324 silly audit   'electron-to-chromium': [ '1.5.358' ],
324 silly audit   'emoji-regex': [ '9.2.2' ],
324 silly audit   'emoji-regex-xs': [ '2.0.1' ],
324 silly audit   'enhanced-resolve': [ '5.21.3' ],
324 silly audit   'error-stack-parser-es': [ '1.0.5' ],
324 silly audit   'es-abstract': [ '1.24.2' ],
324 silly audit   'es-define-property': [ '1.0.1' ],
324 silly audit   'es-errors': [ '1.3.0' ],
324 silly audit   'es-iterator-helpers': [ '1.3.2' ],
324 silly audit   'es-module-lexer': [ '2.1.0', '1.7.0' ],
324 silly audit   'es-object-atoms': [ '1.1.1' ],
324 silly audit   'es-set-tostringtag': [ '2.1.0' ],
324 silly audit   'es-shim-unscopables': [ '1.1.0' ],
324 silly audit   'es-to-primitive': [ '1.3.0' ],
324 silly audit   escalade: [ '3.2.0' ],
324 silly audit   'escape-html': [ '1.0.3' ],
324 silly audit   'escape-string-regexp': [ '4.0.0' ],
324 silly audit   eslint: [ '9.39.4' ],
324 silly audit   'eslint-config-next': [ '16.2.6' ],
324 silly audit   globals: [ '16.4.0', '14.0.0' ],
324 silly audit   'eslint-import-resolver-node': [ '0.3.10' ],
324 silly audit   'eslint-import-resolver-typescript': [ '3.10.1' ],
324 silly audit   'eslint-module-utils': [ '2.12.1' ],
324 silly audit   'eslint-plugin-import': [ '2.32.0' ],
324 silly audit   'eslint-plugin-jsx-a11y': [ '6.10.2' ],
324 silly audit   'eslint-plugin-react': [ '7.37.5' ],
324 silly audit   'eslint-plugin-react-hooks': [ '7.1.1' ],
324 silly audit   'eslint-scope': [ '8.4.0', '5.1.1' ],
324 silly audit   espree: [ '10.4.0' ],
324 silly audit   esquery: [ '1.7.0' ],
324 silly audit   esrecurse: [ '4.3.0' ],
324 silly audit   estraverse: [ '5.3.0', '4.3.0' ],
324 silly audit   'estree-walker': [ '3.0.3' ],
324 silly audit   esutils: [ '2.0.3' ],
324 silly audit   events: [ '3.3.0' ],
324 silly audit   'fast-deep-equal': [ '3.1.3' ],
324 silly audit   'fast-glob': [ '3.3.1', '3.3.3' ],
324 silly audit   'glob-parent': [ '5.1.2', '6.0.2' ],
324 silly audit   'fast-json-stable-stringify': [ '2.1.0' ],
324 silly audit   'fast-levenshtein': [ '2.0.6' ],
324 silly audit   'fast-uri': [ '3.1.2' ],
324 silly audit   fastq: [ '1.20.1' ],
324 silly audit   fflate: [ '0.7.4' ],
324 silly audit   'file-entry-cache': [ '8.0.0' ],
324 silly audit   'fill-range': [ '7.1.1' ],
324 silly audit   'find-up': [ '5.0.0' ],
324 silly audit   'flat-cache': [ '4.0.1' ],
324 silly audit   flatted: [ '3.4.2' ],
324 silly audit   'for-each': [ '0.3.5' ],
324 silly audit   fsevents: [ '2.3.3' ],
324 silly audit   'function-bind': [ '1.1.2' ],
324 silly audit   'function.prototype.name': [ '1.1.8' ],
324 silly audit   'functions-have-names': [ '1.2.3' ],
324 silly audit   'generator-function': [ '2.0.1' ],
324 silly audit   gensync: [ '1.0.0-beta.2' ],
324 silly audit   'get-intrinsic': [ '1.3.0' ],
324 silly audit   'get-proto': [ '1.0.1' ],
324 silly audit   'get-symbol-description': [ '1.1.0' ],
324 silly audit   'get-tsconfig': [ '4.14.0' ],
324 silly audit   'glob-to-regexp': [ '0.4.1' ],
324 silly audit   globalthis: [ '1.0.4' ],
324 silly audit   globrex: [ '0.1.2' ],
324 silly audit   gopd: [ '1.2.0' ],
324 silly audit   'graceful-fs': [ '4.2.11' ],
324 silly audit   'has-bigints': [ '1.1.0' ],
324 silly audit   'has-flag': [ '4.0.0' ],
324 silly audit   'has-property-descriptors': [ '1.0.2' ],
324 silly audit   'has-proto': [ '1.2.0' ],
324 silly audit   'has-symbols': [ '1.1.0' ],
324 silly audit   'has-tostringtag': [ '1.0.2' ],
324 silly audit   hasown: [ '2.0.3' ],
324 silly audit   'hermes-estree': [ '0.25.1' ],
324 silly audit   'hermes-parser': [ '0.25.1' ],
324 silly audit   'hex-rgb': [ '4.3.0' ],
324 silly audit   'image-size': [ '2.0.2' ],
324 silly audit   'import-fresh': [ '3.3.1' ],
324 silly audit   imurmurhash: [ '0.1.4' ],
324 silly audit   'internal-slot': [ '1.1.0' ],
324 silly audit   'ipaddr.js': [ '2.4.0' ],
324 silly audit   'is-array-buffer': [ '3.0.5' ],
324 silly audit   'is-async-function': [ '2.1.1' ],
324 silly audit   'is-bigint': [ '1.1.0' ],
324 silly audit   'is-boolean-object': [ '1.2.2' ],
324 silly audit   'is-bun-module': [ '2.0.0' ],
324 silly audit   'is-callable': [ '1.2.7' ],
324 silly audit   'is-core-module': [ '2.16.2' ],
324 silly audit   'is-data-view': [ '1.0.2' ],
324 silly audit   'is-date-object': [ '1.1.0' ],
324 silly audit   'is-extglob': [ '2.1.1' ],
324 silly audit   'is-finalizationregistry': [ '1.1.1' ],
324 silly audit   'is-generator-function': [ '1.1.2' ],
324 silly audit   'is-glob': [ '4.0.3' ],
324 silly audit   'is-map': [ '2.0.3' ],
324 silly audit   'is-negative-zero': [ '2.0.3' ],
324 silly audit   'is-number': [ '7.0.0' ],
324 silly audit   'is-number-object': [ '1.1.1' ],
324 silly audit   'is-regex': [ '1.2.1' ],
324 silly audit   'is-set': [ '2.0.3' ],
324 silly audit   'is-shared-array-buffer': [ '1.0.4' ],
324 silly audit   'is-string': [ '1.1.1' ],
324 silly audit   'is-symbol': [ '1.1.1' ],
324 silly audit   'is-typed-array': [ '1.1.15' ],
324 silly audit   'is-weakmap': [ '2.0.2' ],
324 silly audit   'is-weakref': [ '1.1.1' ],
324 silly audit   'is-weakset': [ '2.0.4' ],
324 silly audit   isarray: [ '2.0.5' ],
324 silly audit   isexe: [ '2.0.0' ],
324 silly audit   'iterator.prototype': [ '1.1.5' ],
324 silly audit   'jest-worker': [ '27.5.1' ],
324 silly audit   jiti: [ '2.7.0' ],
324 silly audit   'js-tokens': [ '4.0.0', '9.0.1' ],
324 silly audit   'js-yaml': [ '4.1.1' ],
324 silly audit   jsesc: [ '3.1.0' ],
324 silly audit   'json-buffer': [ '3.0.1' ],
324 silly audit   'json-stable-stringify-without-jsonify': [ '1.0.1' ],
324 silly audit   json5: [ '2.2.3', '1.0.2' ],
324 silly audit   'jsx-ast-utils': [ '3.3.5' ],
324 silly audit   keyv: [ '4.5.4' ],
324 silly audit   kleur: [ '4.1.5' ],
324 silly audit   'language-subtag-registry': [ '0.3.23' ],
324 silly audit   'language-tags': [ '1.0.9' ],
324 silly audit   levn: [ '0.4.1' ],
324 silly audit   lightningcss: [ '1.31.1', '1.32.0' ],
324 silly audit   'lightningcss-android-arm64': [ '1.31.1', '1.32.0' ],
324 silly audit   'lightningcss-darwin-arm64': [ '1.31.1', '1.32.0' ],
324 silly audit   'lightningcss-darwin-x64': [ '1.31.1', '1.32.0' ],
324 silly audit   'lightningcss-freebsd-x64': [ '1.31.1', '1.32.0' ],
324 silly audit   'lightningcss-linux-arm-gnueabihf': [ '1.31.1', '1.32.0' ],
324 silly audit   'lightningcss-linux-arm64-gnu': [ '1.31.1', '1.32.0' ],
324 silly audit   'lightningcss-linux-arm64-musl': [ '1.31.1', '1.32.0' ],
324 silly audit   'lightningcss-linux-x64-gnu': [ '1.31.1', '1.32.0' ],
324 silly audit   'lightningcss-linux-x64-musl': [ '1.31.1', '1.32.0' ],
324 silly audit   'lightningcss-win32-arm64-msvc': [ '1.31.1', '1.32.0' ],
324 silly audit   'lightningcss-win32-x64-msvc': [ '1.31.1', '1.32.0' ],
324 silly audit   linebreak: [ '1.1.0' ],
324 silly audit   'loader-runner': [ '4.3.2' ],
324 silly audit   'locate-path': [ '6.0.0' ],
324 silly audit   'lodash.merge': [ '4.6.2' ],
324 silly audit   'loose-envify': [ '1.4.0' ],
324 silly audit   'lru-cache': [ '5.1.1' ],
324 silly audit   'magic-string': [ '0.30.21' ],
324 silly audit   'math-intrinsics': [ '1.1.0' ],
324 silly audit   'merge-stream': [ '2.0.0' ],
324 silly audit   merge2: [ '1.4.1' ],
324 silly audit   micromatch: [ '4.0.8' ],
324 silly audit   'mime-db': [ '1.54.0' ],
324 silly audit   miniflare: [ '4.20260515.0' ],
324 silly audit   minimist: [ '1.2.8' ],
324 silly audit   ms: [ '2.1.3' ],
324 silly audit   nanoid: [ '3.3.12' ],
324 silly audit   'napi-postinstall': [ '0.3.4' ],
324 silly audit   'natural-compare': [ '1.4.0' ],
324 silly audit   'neo-async': [ '2.6.2' ],
324 silly audit   next: [ '16.2.6' ],
324 silly audit   postcss: [ '8.4.31', '8.5.14' ],
324 silly audit   'node-exports-info': [ '1.6.0' ],
324 silly audit   'node-releases': [ '2.0.44' ],
324 silly audit   'object-assign': [ '4.1.1' ],
324 silly audit   'object-inspect': [ '1.13.4' ],
324 silly audit   'object-keys': [ '1.1.1' ],
324 silly audit   'object.assign': [ '4.1.7' ],
324 silly audit   'object.entries': [ '1.1.9' ],
324 silly audit   'object.fromentries': [ '2.0.8' ],
324 silly audit   'object.groupby': [ '1.0.3' ],
324 silly audit   'object.values': [ '1.2.1' ],
324 silly audit   optionator: [ '0.9.4' ],
324 silly audit   'own-keys': [ '1.0.1' ],
324 silly audit   'p-limit': [ '3.1.0' ],
324 silly audit   'p-locate': [ '5.0.0' ],
324 silly audit   pako: [ '0.2.9' ],
324 silly audit   'parent-module': [ '1.0.1' ],
324 silly audit   'parse-css-color': [ '0.2.1' ],
324 silly audit   'path-exists': [ '4.0.0' ],
324 silly audit   'path-key': [ '3.1.1' ],
324 silly audit   'path-parse': [ '1.0.7' ],
324 silly audit   'path-to-regexp': [ '6.3.0' ],
324 silly audit   pathe: [ '2.0.3' ],
324 silly audit   picocolors: [ '1.1.1' ],
324 silly audit   picomatch: [ '2.3.2', '4.0.4' ],
324 silly audit   'possible-typed-array-names': [ '1.1.0' ],
324 silly audit   'postcss-value-parser': [ '4.2.0' ],
324 silly audit   'prelude-ls': [ '1.2.1' ],
324 silly audit   'prop-types': [ '15.8.1' ],
324 silly audit   punycode: [ '2.3.1' ],
324 silly audit   'queue-microtask': [ '1.2.3' ],
324 silly audit   react: [ '19.2.6' ],
324 silly audit   'react-dom': [ '19.2.6' ],
324 silly audit   'react-is': [ '16.13.1' ],
324 silly audit   'react-server-dom-webpack': [ '19.2.6' ],
324 silly audit   'reflect.getprototypeof': [ '1.0.10' ],
324 silly audit   'regexp.prototype.flags': [ '1.5.4' ],
324 silly audit   'require-from-string': [ '2.0.2' ],
324 silly audit   resolve: [ '2.0.0-next.7' ],
324 silly audit   'resolve-from': [ '4.0.0' ],
324 silly audit   'resolve-pkg-maps': [ '1.0.0' ],
324 silly audit   reusify: [ '1.1.0' ],
324 silly audit   rolldown: [ '1.0.1' ],
324 silly audit   'run-parallel': [ '1.2.0' ],
324 silly audit   'safe-array-concat': [ '1.1.4' ],
324 silly audit   'safe-push-apply': [ '1.0.0' ],
324 silly audit   'safe-regex-test': [ '1.1.0' ],
324 silly audit   satori: [ '0.16.0' ],
324 silly audit   scheduler: [ '0.27.0' ],
324 silly audit   'schema-utils': [ '4.3.3' ],
324 silly audit   'ajv-keywords': [ '5.1.0' ],
324 silly audit   'set-function-length': [ '1.2.2' ],
324 silly audit   'set-function-name': [ '2.0.2' ],
324 silly audit   'set-proto': [ '1.0.0' ],
324 silly audit   sharp: [ '0.34.5' ],
324 silly audit   'shebang-command': [ '2.0.0' ],
324 silly audit   'shebang-regex': [ '3.0.0' ],
324 silly audit   'side-channel': [ '1.1.0' ],
324 silly audit   'side-channel-list': [ '1.0.1' ],
324 silly audit   'side-channel-map': [ '1.0.1' ],
324 silly audit   'side-channel-weakmap': [ '1.0.2' ],
324 silly audit   'source-map': [ '0.6.1' ],
324 silly audit   'source-map-js': [ '1.2.1' ],
324 silly audit   'source-map-support': [ '0.5.21' ],
324 silly audit   srvx: [ '0.11.15' ],
324 silly audit   'stable-hash': [ '0.0.5' ],
324 silly audit   'stop-iteration-iterator': [ '1.1.0' ],
324 silly audit   'string.prototype.codepointat': [ '0.2.1' ],
324 silly audit   'string.prototype.includes': [ '2.0.1' ],
324 silly audit   'string.prototype.matchall': [ '4.0.12' ],
324 silly audit   'string.prototype.repeat': [ '1.0.0' ],
324 silly audit   'string.prototype.trim': [ '1.2.10' ],
324 silly audit   'string.prototype.trimend': [ '1.0.9' ],
324 silly audit   'string.prototype.trimstart': [ '1.0.8' ],
324 silly audit   'strip-bom': [ '3.0.0' ],
324 silly audit   'strip-json-comments': [ '3.1.1' ],
324 silly audit   'strip-literal': [ '3.1.0' ],
324 silly audit   'styled-jsx': [ '5.1.6' ],
324 silly audit   'supports-preserve-symlinks-flag': [ '1.0.0' ],
324 silly audit   tailwindcss: [ '4.2.1' ],
324 silly audit   tapable: [ '2.3.3' ],
324 silly audit   terser: [ '5.47.1' ],
324 silly audit   'terser-webpack-plugin': [ '5.6.0' ],
324 silly audit   'tiny-inflate': [ '1.0.3' ],
324 silly audit   tinyglobby: [ '0.2.16' ],
324 silly audit   fdir: [ '6.5.0' ],
324 silly audit   'to-regex-range': [ '5.0.1' ],
324 silly audit   'ts-api-utils': [ '2.5.0' ],
324 silly audit   tsconfck: [ '3.1.6' ],
324 silly audit   'tsconfig-paths': [ '3.15.0' ],
324 silly audit   tsx: [ '4.22.1' ],
324 silly audit   'turbo-stream': [ '3.2.0' ],
324 silly audit   'type-check': [ '0.4.0' ],
324 silly audit   'typed-array-buffer': [ '1.0.3' ],
324 silly audit   'typed-array-byte-length': [ '1.0.3' ],
324 silly audit   'typed-array-byte-offset': [ '1.0.4' ],
324 silly audit   'typed-array-length': [ '1.0.7' ],
324 silly audit   typescript: [ '5.9.3' ],
324 silly audit   'typescript-eslint': [ '8.59.3' ],
324 silly audit   'unbox-primitive': [ '1.1.0' ],
324 silly audit   undici: [ '7.24.8' ],
324 silly audit   'undici-types': [ '6.21.0' ],
324 silly audit   unenv: [ '2.0.0-rc.24' ],
324 silly audit   'unicode-trie': [ '2.0.0' ],
324 silly audit   unpic: [ '4.2.2' ],
324 silly audit   'unrs-resolver': [ '1.11.1' ],
324 silly audit   'update-browserslist-db': [ '1.2.3' ],
324 silly audit   'uri-js': [ '4.4.1' ],
324 silly audit   vinext: [ '0.0.50' ],
324 silly audit   vite: [ '8.0.13' ],
324 silly audit   'vite-plugin-commonjs': [ '0.10.4' ],
324 silly audit   'vite-plugin-dynamic-import': [ '1.6.0' ],
324 silly audit   'vite-tsconfig-paths': [ '6.1.1' ],
324 silly audit   vitefu: [ '1.1.3' ],
324 silly audit   watchpack: [ '2.5.1' ],
324 silly audit   'web-vitals': [ '4.2.4' ],
324 silly audit   webpack: [ '5.106.2' ],
324 silly audit   'webpack-sources': [ '3.4.1' ],
324 silly audit   which: [ '2.0.2' ],
324 silly audit   'which-boxed-primitive': [ '1.1.1' ],
324 silly audit   'which-builtin-type': [ '1.2.1' ],
324 silly audit   'which-collection': [ '1.0.2' ],
324 silly audit   'which-typed-array': [ '1.1.20' ],
324 silly audit   'word-wrap': [ '1.2.5' ],
324 silly audit   workerd: [ '1.20260515.1' ],
324 silly audit   wrangler: [ '4.92.0' ],
324 silly audit   ws: [ '8.18.0' ],
324 silly audit   yallist: [ '3.1.1' ],
324 silly audit   'yocto-queue': [ '0.1.0' ],
324 silly audit   'yoga-layout': [ '3.2.1' ],
324 silly audit   youch: [ '4.1.0-beta.10' ],
324 silly audit   'youch-core': [ '0.3.3' ],
324 silly audit   zod: [ '4.4.3' ],
324 silly audit   'zod-validation-error': [ '4.0.2' ],
324 silly audit   '@tailwindcss/oxide-wasm32-wasi': [ '4.2.1' ]
324 silly audit }
325 verbose reify failed optional dependency D:\programas\Projetos de programação\Afiliados Netbox\Site institucional - Netbox\node_modules\@esbuild-kit\core-utils\node_modules\@esbuild\win32-ia32
326 silly reify mark deleted [
326 silly reify   'D:\\programas\\Projetos de programação\\Afiliados Netbox\\Site institucional - Netbox\\node_modules\\@esbuild-kit\\core-utils\\node_modules\\@esbuild\\win32-ia32'
326 silly reify ]
327 verbose reify failed optional dependency D:\programas\Projetos de programação\Afiliados Netbox\Site institucional - Netbox\node_modules\@esbuild-kit\core-utils\node_modules\@esbuild\win32-arm64
328 silly reify mark deleted [
328 silly reify   'D:\\programas\\Projetos de programação\\Afiliados Netbox\\Site institucional - Netbox\\node_modules\\@esbuild-kit\\core-utils\\node_modules\\@esbuild\\win32-arm64'
328 silly reify ]
329 verbose reify failed optional dependency D:\programas\Projetos de programação\Afiliados Netbox\Site institucional - Netbox\node_modules\@esbuild-kit\core-utils\node_modules\@esbuild\sunos-x64
330 silly reify mark deleted [
330 silly reify   'D:\\programas\\Projetos de programação\\Afiliados Netbox\\Site institucional - Netbox\\node_modules\\@esbuild-kit\\core-utils\\node_modules\\@esbuild\\sunos-x64'
330 silly reify ]
331 verbose reify failed optional dependency D:\programas\Projetos de programação\Afiliados Netbox\Site institucional - Netbox\node_modules\@esbuild-kit\core-utils\node_modules\@esbuild\openbsd-x64
332 silly reify mark deleted [
332 silly reify   'D:\\programas\\Projetos de programação\\Afiliados Netbox\\Site institucional - Netbox\\node_modules\\@esbuild-kit\\core-utils\\node_modules\\@esbuild\\openbsd-x64'
332 silly reify ]
333 verbose reify failed optional dependency D:\programas\Projetos de programação\Afiliados Netbox\Site institucional - Netbox\node_modules\@esbuild-kit\core-utils\node_modules\@esbuild\netbsd-x64
334 silly reify mark deleted [
334 silly reify   'D:\\programas\\Projetos de programação\\Afiliados Netbox\\Site institucional - Netbox\\node_modules\\@esbuild-kit\\core-utils\\node_modules\\@esbuild\\netbsd-x64'
334 silly reify ]
335 verbose reify failed optional dependency D:\programas\Projetos de programação\Afiliados Netbox\Site institucional - Netbox\node_modules\@esbuild-kit\core-utils\node_modules\@esbuild\linux-riscv64
336 silly reify mark deleted [
336 silly reify   'D:\\programas\\Projetos de programação\\Afiliados Netbox\\Site institucional - Netbox\\node_modules\\@esbuild-kit\\core-utils\\node_modules\\@esbuild\\linux-riscv64'
336 silly reify ]
337 verbose reify failed optional dependency D:\programas\Projetos de programação\Afiliados Netbox\Site institucional - Netbox\node_modules\@esbuild-kit\core-utils\node_modules\@esbuild\linux-x64
338 silly reify mark deleted [
338 silly reify   'D:\\programas\\Projetos de programação\\Afiliados Netbox\\Site institucional - Netbox\\node_modules\\@esbuild-kit\\core-utils\\node_modules\\@esbuild\\linux-x64'
338 silly reify ]
339 verbose reify failed optional dependency D:\programas\Projetos de programação\Afiliados Netbox\Site institucional - Netbox\node_modules\@esbuild-kit\core-utils\node_modules\@esbuild\linux-s390x
340 silly reify mark deleted [
340 silly reify   'D:\\programas\\Projetos de programação\\Afiliados Netbox\\Site institucional - Netbox\\node_modules\\@esbuild-kit\\core-utils\\node_modules\\@esbuild\\linux-s390x'
340 silly reify ]
341 verbose reify failed optional dependency D:\programas\Projetos de programação\Afiliados Netbox\Site institucional - Netbox\node_modules\@esbuild-kit\core-utils\node_modules\@esbuild\linux-loong64
342 silly reify mark deleted [
342 silly reify   'D:\\programas\\Projetos de programação\\Afiliados Netbox\\Site institucional - Netbox\\node_modules\\@esbuild-kit\\core-utils\\node_modules\\@esbuild\\linux-loong64'
342 silly reify ]
343 verbose reify failed optional dependency D:\programas\Projetos de programação\Afiliados Netbox\Site institucional - Netbox\node_modules\@esbuild-kit\core-utils\node_modules\@esbuild\linux-ppc64
344 silly reify mark deleted [
344 silly reify   'D:\\programas\\Projetos de programação\\Afiliados Netbox\\Site institucional - Netbox\\node_modules\\@esbuild-kit\\core-utils\\node_modules\\@esbuild\\linux-ppc64'
344 silly reify ]
345 verbose reify failed optional dependency D:\programas\Projetos de programação\Afiliados Netbox\Site institucional - Netbox\node_modules\@esbuild-kit\core-utils\node_modules\@esbuild\linux-arm64
346 silly reify mark deleted [
346 silly reify   'D:\\programas\\Projetos de programação\\Afiliados Netbox\\Site institucional - Netbox\\node_modules\\@esbuild-kit\\core-utils\\node_modules\\@esbuild\\linux-arm64'
346 silly reify ]
347 verbose reify failed optional dependency D:\programas\Projetos de programação\Afiliados Netbox\Site institucional - Netbox\node_modules\@esbuild-kit\core-utils\node_modules\@esbuild\linux-mips64el
348 silly reify mark deleted [
348 silly reify   'D:\\programas\\Projetos de programação\\Afiliados Netbox\\Site institucional - Netbox\\node_modules\\@esbuild-kit\\core-utils\\node_modules\\@esbuild\\linux-mips64el'
348 silly reify ]
349 verbose reify failed optional dependency D:\programas\Projetos de programação\Afiliados Netbox\Site institucional - Netbox\node_modules\@esbuild-kit\core-utils\node_modules\@esbuild\linux-arm
350 silly reify mark deleted [
350 silly reify   'D:\\programas\\Projetos de programação\\Afiliados Netbox\\Site institucional - Netbox\\node_modules\\@esbuild-kit\\core-utils\\node_modules\\@esbuild\\linux-arm'
350 silly reify ]
351 verbose reify failed optional dependency D:\programas\Projetos de programação\Afiliados Netbox\Site institucional - Netbox\node_modules\@esbuild-kit\core-utils\node_modules\@esbuild\linux-ia32
352 silly reify mark deleted [
352 silly reify   'D:\\programas\\Projetos de programação\\Afiliados Netbox\\Site institucional - Netbox\\node_modules\\@esbuild-kit\\core-utils\\node_modules\\@esbuild\\linux-ia32'
352 silly reify ]
353 verbose reify failed optional dependency D:\programas\Projetos de programação\Afiliados Netbox\Site institucional - Netbox\node_modules\@esbuild-kit\core-utils\node_modules\@esbuild\darwin-x64
354 silly reify mark deleted [
354 silly reify   'D:\\programas\\Projetos de programação\\Afiliados Netbox\\Site institucional - Netbox\\node_modules\\@esbuild-kit\\core-utils\\node_modules\\@esbuild\\darwin-x64'
354 silly reify ]
355 verbose reify failed optional dependency D:\programas\Projetos de programação\Afiliados Netbox\Site institucional - Netbox\node_modules\@esbuild-kit\core-utils\node_modules\@esbuild\freebsd-x64
356 silly reify mark deleted [
356 silly reify   'D:\\programas\\Projetos de programação\\Afiliados Netbox\\Site institucional - Netbox\\node_modules\\@esbuild-kit\\core-utils\\node_modules\\@esbuild\\freebsd-x64'
356 silly reify ]
357 verbose reify failed optional dependency D:\programas\Projetos de programação\Afiliados Netbox\Site institucional - Netbox\node_modules\@esbuild-kit\core-utils\node_modules\@esbuild\freebsd-arm64
358 silly reify mark deleted [
358 silly reify   'D:\\programas\\Projetos de programação\\Afiliados Netbox\\Site institucional - Netbox\\node_modules\\@esbuild-kit\\core-utils\\node_modules\\@esbuild\\freebsd-arm64'
358 silly reify ]
359 verbose reify failed optional dependency D:\programas\Projetos de programação\Afiliados Netbox\Site institucional - Netbox\node_modules\@esbuild-kit\core-utils\node_modules\@esbuild\darwin-arm64
360 silly reify mark deleted [
360 silly reify   'D:\\programas\\Projetos de programação\\Afiliados Netbox\\Site institucional - Netbox\\node_modules\\@esbuild-kit\\core-utils\\node_modules\\@esbuild\\darwin-arm64'
360 silly reify ]
361 verbose reify failed optional dependency D:\programas\Projetos de programação\Afiliados Netbox\Site institucional - Netbox\node_modules\@esbuild-kit\core-utils\node_modules\@esbuild\android-x64
362 silly reify mark deleted [
362 silly reify   'D:\\programas\\Projetos de programação\\Afiliados Netbox\\Site institucional - Netbox\\node_modules\\@esbuild-kit\\core-utils\\node_modules\\@esbuild\\android-x64'
362 silly reify ]
363 verbose reify failed optional dependency D:\programas\Projetos de programação\Afiliados Netbox\Site institucional - Netbox\node_modules\@esbuild-kit\core-utils\node_modules\@esbuild\android-arm64
364 silly reify mark deleted [
364 silly reify   'D:\\programas\\Projetos de programação\\Afiliados Netbox\\Site institucional - Netbox\\node_modules\\@esbuild-kit\\core-utils\\node_modules\\@esbuild\\android-arm64'
364 silly reify ]
365 verbose reify failed optional dependency D:\programas\Projetos de programação\Afiliados Netbox\Site institucional - Netbox\node_modules\@esbuild-kit\core-utils\node_modules\@esbuild\android-arm
366 silly reify mark deleted [
366 silly reify   'D:\\programas\\Projetos de programação\\Afiliados Netbox\\Site institucional - Netbox\\node_modules\\@esbuild-kit\\core-utils\\node_modules\\@esbuild\\android-arm'
366 silly reify ]
367 verbose reify failed optional dependency D:\programas\Projetos de programação\Afiliados Netbox\Site institucional - Netbox\node_modules\@unrs\resolver-binding-win32-ia32-msvc
368 silly reify mark deleted [
368 silly reify   'D:\\programas\\Projetos de programação\\Afiliados Netbox\\Site institucional - Netbox\\node_modules\\@unrs\\resolver-binding-win32-ia32-msvc'
368 silly reify ]
369 verbose reify failed optional dependency D:\programas\Projetos de programação\Afiliados Netbox\Site institucional - Netbox\node_modules\@unrs\resolver-binding-win32-arm64-msvc
370 silly reify mark deleted [
370 silly reify   'D:\\programas\\Projetos de programação\\Afiliados Netbox\\Site institucional - Netbox\\node_modules\\@unrs\\resolver-binding-win32-arm64-msvc'
370 silly reify ]
371 verbose reify failed optional dependency D:\programas\Projetos de programação\Afiliados Netbox\Site institucional - Netbox\node_modules\@unrs\resolver-binding-wasm32-wasi
372 silly reify mark deleted [
372 silly reify   'D:\\programas\\Projetos de programação\\Afiliados Netbox\\Site institucional - Netbox\\node_modules\\@unrs\\resolver-binding-wasm32-wasi'
372 silly reify ]
373 verbose reify failed optional dependency D:\programas\Projetos de programação\Afiliados Netbox\Site institucional - Netbox\node_modules\@napi-rs\wasm-runtime
374 silly reify mark deleted [
374 silly reify   'D:\\programas\\Projetos de programação\\Afiliados Netbox\\Site institucional - Netbox\\node_modules\\@napi-rs\\wasm-runtime'
374 silly reify ]
375 verbose reify failed optional dependency D:\programas\Projetos de programação\Afiliados Netbox\Site institucional - Netbox\node_modules\@unrs\resolver-binding-linux-x64-musl
376 silly reify mark deleted [
376 silly reify   'D:\\programas\\Projetos de programação\\Afiliados Netbox\\Site institucional - Netbox\\node_modules\\@unrs\\resolver-binding-linux-x64-musl'
376 silly reify ]
377 verbose reify failed optional dependency D:\programas\Projetos de programação\Afiliados Netbox\Site institucional - Netbox\node_modules\@unrs\resolver-binding-linux-s390x-gnu
378 silly reify mark deleted [
378 silly reify   'D:\\programas\\Projetos de programação\\Afiliados Netbox\\Site institucional - Netbox\\node_modules\\@unrs\\resolver-binding-linux-s390x-gnu'
378 silly reify ]
379 verbose reify failed optional dependency D:\programas\Projetos de programação\Afiliados Netbox\Site institucional - Netbox\node_modules\@unrs\resolver-binding-linux-x64-gnu
380 silly reify mark deleted [
380 silly reify   'D:\\programas\\Projetos de programação\\Afiliados Netbox\\Site institucional - Netbox\\node_modules\\@unrs\\resolver-binding-linux-x64-gnu'
380 silly reify ]
381 verbose reify failed optional dependency D:\programas\Projetos de programação\Afiliados Netbox\Site institucional - Netbox\node_modules\@unrs\resolver-binding-linux-riscv64-musl
382 silly reify mark deleted [
382 silly reify   'D:\\programas\\Projetos de programação\\Afiliados Netbox\\Site institucional - Netbox\\node_modules\\@unrs\\resolver-binding-linux-riscv64-musl'
382 silly reify ]
383 verbose reify failed optional dependency D:\programas\Projetos de programação\Afiliados Netbox\Site institucional - Netbox\node_modules\@unrs\resolver-binding-linux-riscv64-gnu
384 silly reify mark deleted [
384 silly reify   'D:\\programas\\Projetos de programação\\Afiliados Netbox\\Site institucional - Netbox\\node_modules\\@unrs\\resolver-binding-linux-riscv64-gnu'
384 silly reify ]
385 verbose reify failed optional dependency D:\programas\Projetos de programação\Afiliados Netbox\Site institucional - Netbox\node_modules\@unrs\resolver-binding-linux-ppc64-gnu
386 silly reify mark deleted [
386 silly reify   'D:\\programas\\Projetos de programação\\Afiliados Netbox\\Site institucional - Netbox\\node_modules\\@unrs\\resolver-binding-linux-ppc64-gnu'
386 silly reify ]
387 verbose reify failed optional dependency D:\programas\Projetos de programação\Afiliados Netbox\Site institucional - Netbox\node_modules\@unrs\resolver-binding-linux-arm64-musl
388 silly reify mark deleted [
388 silly reify   'D:\\programas\\Projetos de programação\\Afiliados Netbox\\Site institucional - Netbox\\node_modules\\@unrs\\resolver-binding-linux-arm64-musl'
388 silly reify ]
389 verbose reify failed optional dependency D:\programas\Projetos de programação\Afiliados Netbox\Site institucional - Netbox\node_modules\@unrs\resolver-binding-linux-arm64-gnu
390 silly reify mark deleted [
390 silly reify   'D:\\programas\\Projetos de programação\\Afiliados Netbox\\Site institucional - Netbox\\node_modules\\@unrs\\resolver-binding-linux-arm64-gnu'
390 silly reify ]
391 verbose reify failed optional dependency D:\programas\Projetos de programação\Afiliados Netbox\Site institucional - Netbox\node_modules\@unrs\resolver-binding-linux-arm-musleabihf
392 silly reify mark deleted [
392 silly reify   'D:\\programas\\Projetos de programação\\Afiliados Netbox\\Site institucional - Netbox\\node_modules\\@unrs\\resolver-binding-linux-arm-musleabihf'
392 silly reify ]
393 verbose reify failed optional dependency D:\programas\Projetos de programação\Afiliados Netbox\Site institucional - Netbox\node_modules\@unrs\resolver-binding-linux-arm-gnueabihf
394 silly reify mark deleted [
394 silly reify   'D:\\programas\\Projetos de programação\\Afiliados Netbox\\Site institucional - Netbox\\node_modules\\@unrs\\resolver-binding-linux-arm-gnueabihf'
394 silly reify ]
395 verbose reify failed optional dependency D:\programas\Projetos de programação\Afiliados Netbox\Site institucional - Netbox\node_modules\@unrs\resolver-binding-freebsd-x64
396 silly reify mark deleted [
396 silly reify   'D:\\programas\\Projetos de programação\\Afiliados Netbox\\Site institucional - Netbox\\node_modules\\@unrs\\resolver-binding-freebsd-x64'
396 silly reify ]
397 verbose reify failed optional dependency D:\programas\Projetos de programação\Afiliados Netbox\Site institucional - Netbox\node_modules\@unrs\resolver-binding-darwin-x64
398 silly reify mark deleted [
398 silly reify   'D:\\programas\\Projetos de programação\\Afiliados Netbox\\Site institucional - Netbox\\node_modules\\@unrs\\resolver-binding-darwin-x64'
398 silly reify ]
399 verbose reify failed optional dependency D:\programas\Projetos de programação\Afiliados Netbox\Site institucional - Netbox\node_modules\@unrs\resolver-binding-darwin-arm64
400 silly reify mark deleted [
400 silly reify   'D:\\programas\\Projetos de programação\\Afiliados Netbox\\Site institucional - Netbox\\node_modules\\@unrs\\resolver-binding-darwin-arm64'
400 silly reify ]
401 verbose reify failed optional dependency D:\programas\Projetos de programação\Afiliados Netbox\Site institucional - Netbox\node_modules\@unrs\resolver-binding-android-arm-eabi
402 silly reify mark deleted [
402 silly reify   'D:\\programas\\Projetos de programação\\Afiliados Netbox\\Site institucional - Netbox\\node_modules\\@unrs\\resolver-binding-android-arm-eabi'
402 silly reify ]
403 verbose reify failed optional dependency D:\programas\Projetos de programação\Afiliados Netbox\Site institucional - Netbox\node_modules\@unrs\resolver-binding-android-arm64
404 silly reify mark deleted [
404 silly reify   'D:\\programas\\Projetos de programação\\Afiliados Netbox\\Site institucional - Netbox\\node_modules\\@unrs\\resolver-binding-android-arm64'
404 silly reify ]
405 verbose reify failed optional dependency D:\programas\Projetos de programação\Afiliados Netbox\Site institucional - Netbox\node_modules\@tailwindcss\oxide-win32-arm64-msvc
406 silly reify mark deleted [
406 silly reify   'D:\\programas\\Projetos de programação\\Afiliados Netbox\\Site institucional - Netbox\\node_modules\\@tailwindcss\\oxide-win32-arm64-msvc'
406 silly reify ]
407 verbose reify failed optional dependency D:\programas\Projetos de programação\Afiliados Netbox\Site institucional - Netbox\node_modules\@tailwindcss\oxide-linux-x64-musl
408 silly reify mark deleted [
408 silly reify   'D:\\programas\\Projetos de programação\\Afiliados Netbox\\Site institucional - Netbox\\node_modules\\@tailwindcss\\oxide-linux-x64-musl'
408 silly reify ]
409 verbose reify failed optional dependency D:\programas\Projetos de programação\Afiliados Netbox\Site institucional - Netbox\node_modules\@tailwindcss\oxide-linux-x64-gnu
410 silly reify mark deleted [
410 silly reify   'D:\\programas\\Projetos de programação\\Afiliados Netbox\\Site institucional - Netbox\\node_modules\\@tailwindcss\\oxide-linux-x64-gnu'
410 silly reify ]
411 verbose reify failed optional dependency D:\programas\Projetos de programação\Afiliados Netbox\Site institucional - Netbox\node_modules\@tailwindcss\oxide-linux-arm64-musl
412 silly reify mark deleted [
412 silly reify   'D:\\programas\\Projetos de programação\\Afiliados Netbox\\Site institucional - Netbox\\node_modules\\@tailwindcss\\oxide-linux-arm64-musl'
412 silly reify ]
413 verbose reify failed optional dependency D:\programas\Projetos de programação\Afiliados Netbox\Site institucional - Netbox\node_modules\@tailwindcss\oxide-linux-arm64-gnu
414 silly reify mark deleted [
414 silly reify   'D:\\programas\\Projetos de programação\\Afiliados Netbox\\Site institucional - Netbox\\node_modules\\@tailwindcss\\oxide-linux-arm64-gnu'
414 silly reify ]
415 verbose reify failed optional dependency D:\programas\Projetos de programação\Afiliados Netbox\Site institucional - Netbox\node_modules\@tailwindcss\oxide-freebsd-x64
416 silly reify mark deleted [
416 silly reify   'D:\\programas\\Projetos de programação\\Afiliados Netbox\\Site institucional - Netbox\\node_modules\\@tailwindcss\\oxide-freebsd-x64'
416 silly reify ]
417 verbose reify failed optional dependency D:\programas\Projetos de programação\Afiliados Netbox\Site institucional - Netbox\node_modules\@tailwindcss\oxide-linux-arm-gnueabihf
418 silly reify mark deleted [
418 silly reify   'D:\\programas\\Projetos de programação\\Afiliados Netbox\\Site institucional - Netbox\\node_modules\\@tailwindcss\\oxide-linux-arm-gnueabihf'
418 silly reify ]
419 verbose reify failed optional dependency D:\programas\Projetos de programação\Afiliados Netbox\Site institucional - Netbox\node_modules\@tailwindcss\oxide-android-arm64
420 silly reify mark deleted [
420 silly reify   'D:\\programas\\Projetos de programação\\Afiliados Netbox\\Site institucional - Netbox\\node_modules\\@tailwindcss\\oxide-android-arm64'
420 silly reify ]
421 verbose reify failed optional dependency D:\programas\Projetos de programação\Afiliados Netbox\Site institucional - Netbox\node_modules\@tailwindcss\oxide-darwin-x64
422 silly reify mark deleted [
422 silly reify   'D:\\programas\\Projetos de programação\\Afiliados Netbox\\Site institucional - Netbox\\node_modules\\@tailwindcss\\oxide-darwin-x64'
422 silly reify ]
423 verbose reify failed optional dependency D:\programas\Projetos de programação\Afiliados Netbox\Site institucional - Netbox\node_modules\@tailwindcss\oxide-darwin-arm64
424 silly reify mark deleted [
424 silly reify   'D:\\programas\\Projetos de programação\\Afiliados Netbox\\Site institucional - Netbox\\node_modules\\@tailwindcss\\oxide-darwin-arm64'
424 silly reify ]
425 verbose reify failed optional dependency D:\programas\Projetos de programação\Afiliados Netbox\Site institucional - Netbox\node_modules\@rolldown\binding-linux-x64-musl
426 silly reify mark deleted [
426 silly reify   'D:\\programas\\Projetos de programação\\Afiliados Netbox\\Site institucional - Netbox\\node_modules\\@rolldown\\binding-linux-x64-musl'
426 silly reify ]
427 verbose reify failed optional dependency D:\programas\Projetos de programação\Afiliados Netbox\Site institucional - Netbox\node_modules\@rolldown\binding-openharmony-arm64
428 silly reify mark deleted [
428 silly reify   'D:\\programas\\Projetos de programação\\Afiliados Netbox\\Site institucional - Netbox\\node_modules\\@rolldown\\binding-openharmony-arm64'
428 silly reify ]
429 verbose reify failed optional dependency D:\programas\Projetos de programação\Afiliados Netbox\Site institucional - Netbox\node_modules\@rolldown\binding-win32-arm64-msvc
430 silly reify mark deleted [
430 silly reify   'D:\\programas\\Projetos de programação\\Afiliados Netbox\\Site institucional - Netbox\\node_modules\\@rolldown\\binding-win32-arm64-msvc'
430 silly reify ]
431 verbose reify failed optional dependency D:\programas\Projetos de programação\Afiliados Netbox\Site institucional - Netbox\node_modules\@rolldown\binding-wasm32-wasi
432 silly reify mark deleted [
432 silly reify   'D:\\programas\\Projetos de programação\\Afiliados Netbox\\Site institucional - Netbox\\node_modules\\@rolldown\\binding-wasm32-wasi'
432 silly reify ]
433 verbose reify failed optional dependency D:\programas\Projetos de programação\Afiliados Netbox\Site institucional - Netbox\node_modules\@rolldown\binding-wasm32-wasi\node_modules\@napi-rs\wasm-runtime
434 silly reify mark deleted [
434 silly reify   'D:\\programas\\Projetos de programação\\Afiliados Netbox\\Site institucional - Netbox\\node_modules\\@rolldown\\binding-wasm32-wasi\\node_modules\\@napi-rs\\wasm-runtime'
434 silly reify ]
435 verbose reify failed optional dependency D:\programas\Projetos de programação\Afiliados Netbox\Site institucional - Netbox\node_modules\@rolldown\binding-linux-s390x-gnu
436 silly reify mark deleted [
436 silly reify   'D:\\programas\\Projetos de programação\\Afiliados Netbox\\Site institucional - Netbox\\node_modules\\@rolldown\\binding-linux-s390x-gnu'
436 silly reify ]
437 verbose reify failed optional dependency D:\programas\Projetos de programação\Afiliados Netbox\Site institucional - Netbox\node_modules\@rolldown\binding-linux-x64-gnu
438 silly reify mark deleted [
438 silly reify   'D:\\programas\\Projetos de programação\\Afiliados Netbox\\Site institucional - Netbox\\node_modules\\@rolldown\\binding-linux-x64-gnu'
438 silly reify ]
439 verbose reify failed optional dependency D:\programas\Projetos de programação\Afiliados Netbox\Site institucional - Netbox\node_modules\@rolldown\binding-linux-ppc64-gnu
440 silly reify mark deleted [
440 silly reify   'D:\\programas\\Projetos de programação\\Afiliados Netbox\\Site institucional - Netbox\\node_modules\\@rolldown\\binding-linux-ppc64-gnu'
440 silly reify ]
441 verbose reify failed optional dependency D:\programas\Projetos de programação\Afiliados Netbox\Site institucional - Netbox\node_modules\@rolldown\binding-linux-arm64-gnu
442 silly reify mark deleted [
442 silly reify   'D:\\programas\\Projetos de programação\\Afiliados Netbox\\Site institucional - Netbox\\node_modules\\@rolldown\\binding-linux-arm64-gnu'
442 silly reify ]
443 verbose reify failed optional dependency D:\programas\Projetos de programação\Afiliados Netbox\Site institucional - Netbox\node_modules\@rolldown\binding-linux-arm64-musl
444 silly reify mark deleted [
444 silly reify   'D:\\programas\\Projetos de programação\\Afiliados Netbox\\Site institucional - Netbox\\node_modules\\@rolldown\\binding-linux-arm64-musl'
444 silly reify ]
445 verbose reify failed optional dependency D:\programas\Projetos de programação\Afiliados Netbox\Site institucional - Netbox\node_modules\@rolldown\binding-linux-arm-gnueabihf
446 silly reify mark deleted [
446 silly reify   'D:\\programas\\Projetos de programação\\Afiliados Netbox\\Site institucional - Netbox\\node_modules\\@rolldown\\binding-linux-arm-gnueabihf'
446 silly reify ]
447 verbose reify failed optional dependency D:\programas\Projetos de programação\Afiliados Netbox\Site institucional - Netbox\node_modules\@rolldown\binding-freebsd-x64
448 silly reify mark deleted [
448 silly reify   'D:\\programas\\Projetos de programação\\Afiliados Netbox\\Site institucional - Netbox\\node_modules\\@rolldown\\binding-freebsd-x64'
448 silly reify ]
449 verbose reify failed optional dependency D:\programas\Projetos de programação\Afiliados Netbox\Site institucional - Netbox\node_modules\@rolldown\binding-darwin-x64
450 silly reify mark deleted [
450 silly reify   'D:\\programas\\Projetos de programação\\Afiliados Netbox\\Site institucional - Netbox\\node_modules\\@rolldown\\binding-darwin-x64'
450 silly reify ]
451 verbose reify failed optional dependency D:\programas\Projetos de programação\Afiliados Netbox\Site institucional - Netbox\node_modules\@rolldown\binding-darwin-arm64
452 silly reify mark deleted [
452 silly reify   'D:\\programas\\Projetos de programação\\Afiliados Netbox\\Site institucional - Netbox\\node_modules\\@rolldown\\binding-darwin-arm64'
452 silly reify ]
453 verbose reify failed optional dependency D:\programas\Projetos de programação\Afiliados Netbox\Site institucional - Netbox\node_modules\@rolldown\binding-android-arm64
454 silly reify mark deleted [
454 silly reify   'D:\\programas\\Projetos de programação\\Afiliados Netbox\\Site institucional - Netbox\\node_modules\\@rolldown\\binding-android-arm64'
454 silly reify ]
455 verbose reify failed optional dependency D:\programas\Projetos de programação\Afiliados Netbox\Site institucional - Netbox\node_modules\@next\swc-linux-arm64-musl
456 silly reify mark deleted [
456 silly reify   'D:\\programas\\Projetos de programação\\Afiliados Netbox\\Site institucional - Netbox\\node_modules\\@next\\swc-linux-arm64-musl'
456 silly reify ]
457 verbose reify failed optional dependency D:\programas\Projetos de programação\Afiliados Netbox\Site institucional - Netbox\node_modules\@next\swc-win32-arm64-msvc
458 silly reify mark deleted [
458 silly reify   'D:\\programas\\Projetos de programação\\Afiliados Netbox\\Site institucional - Netbox\\node_modules\\@next\\swc-win32-arm64-msvc'
458 silly reify ]
459 verbose reify failed optional dependency D:\programas\Projetos de programação\Afiliados Netbox\Site institucional - Netbox\node_modules\@next\swc-linux-x64-musl
460 silly reify mark deleted [
460 silly reify   'D:\\programas\\Projetos de programação\\Afiliados Netbox\\Site institucional - Netbox\\node_modules\\@next\\swc-linux-x64-musl'
460 silly reify ]
461 verbose reify failed optional dependency D:\programas\Projetos de programação\Afiliados Netbox\Site institucional - Netbox\node_modules\@next\swc-linux-arm64-gnu
462 silly reify mark deleted [
462 silly reify   'D:\\programas\\Projetos de programação\\Afiliados Netbox\\Site institucional - Netbox\\node_modules\\@next\\swc-linux-arm64-gnu'
462 silly reify ]
463 verbose reify failed optional dependency D:\programas\Projetos de programação\Afiliados Netbox\Site institucional - Netbox\node_modules\@next\swc-linux-x64-gnu
464 silly reify mark deleted [
464 silly reify   'D:\\programas\\Projetos de programação\\Afiliados Netbox\\Site institucional - Netbox\\node_modules\\@next\\swc-linux-x64-gnu'
464 silly reify ]
465 verbose reify failed optional dependency D:\programas\Projetos de programação\Afiliados Netbox\Site institucional - Netbox\node_modules\@next\swc-darwin-arm64
466 silly reify mark deleted [
466 silly reify   'D:\\programas\\Projetos de programação\\Afiliados Netbox\\Site institucional - Netbox\\node_modules\\@next\\swc-darwin-arm64'
466 silly reify ]
467 verbose reify failed optional dependency D:\programas\Projetos de programação\Afiliados Netbox\Site institucional - Netbox\node_modules\@next\swc-darwin-x64
468 silly reify mark deleted [
468 silly reify   'D:\\programas\\Projetos de programação\\Afiliados Netbox\\Site institucional - Netbox\\node_modules\\@next\\swc-darwin-x64'
468 silly reify ]
469 verbose reify failed optional dependency D:\programas\Projetos de programação\Afiliados Netbox\Site institucional - Netbox\node_modules\@img\sharp-win32-arm64
470 silly reify mark deleted [
470 silly reify   'D:\\programas\\Projetos de programação\\Afiliados Netbox\\Site institucional - Netbox\\node_modules\\@img\\sharp-win32-arm64'
470 silly reify ]
471 verbose reify failed optional dependency D:\programas\Projetos de programação\Afiliados Netbox\Site institucional - Netbox\node_modules\@img\sharp-win32-ia32
472 silly reify mark deleted [
472 silly reify   'D:\\programas\\Projetos de programação\\Afiliados Netbox\\Site institucional - Netbox\\node_modules\\@img\\sharp-win32-ia32'
472 silly reify ]
473 verbose reify failed optional dependency D:\programas\Projetos de programação\Afiliados Netbox\Site institucional - Netbox\node_modules\@img\sharp-wasm32
474 silly reify mark deleted [
474 silly reify   'D:\\programas\\Projetos de programação\\Afiliados Netbox\\Site institucional - Netbox\\node_modules\\@img\\sharp-wasm32'
474 silly reify ]
475 verbose reify failed optional dependency D:\programas\Projetos de programação\Afiliados Netbox\Site institucional - Netbox\node_modules\@img\sharp-linuxmusl-x64
476 silly reify mark deleted [
476 silly reify   'D:\\programas\\Projetos de programação\\Afiliados Netbox\\Site institucional - Netbox\\node_modules\\@img\\sharp-linuxmusl-x64'
476 silly reify ]
477 verbose reify failed optional dependency D:\programas\Projetos de programação\Afiliados Netbox\Site institucional - Netbox\node_modules\@img\sharp-linux-x64
478 silly reify mark deleted [
478 silly reify   'D:\\programas\\Projetos de programação\\Afiliados Netbox\\Site institucional - Netbox\\node_modules\\@img\\sharp-linux-x64'
478 silly reify ]
479 verbose reify failed optional dependency D:\programas\Projetos de programação\Afiliados Netbox\Site institucional - Netbox\node_modules\@img\sharp-linux-s390x
480 silly reify mark deleted [
480 silly reify   'D:\\programas\\Projetos de programação\\Afiliados Netbox\\Site institucional - Netbox\\node_modules\\@img\\sharp-linux-s390x'
480 silly reify ]
481 verbose reify failed optional dependency D:\programas\Projetos de programação\Afiliados Netbox\Site institucional - Netbox\node_modules\@img\sharp-linuxmusl-arm64
482 silly reify mark deleted [
482 silly reify   'D:\\programas\\Projetos de programação\\Afiliados Netbox\\Site institucional - Netbox\\node_modules\\@img\\sharp-linuxmusl-arm64'
482 silly reify ]
483 verbose reify failed optional dependency D:\programas\Projetos de programação\Afiliados Netbox\Site institucional - Netbox\node_modules\@img\sharp-linux-arm64
484 silly reify mark deleted [
484 silly reify   'D:\\programas\\Projetos de programação\\Afiliados Netbox\\Site institucional - Netbox\\node_modules\\@img\\sharp-linux-arm64'
484 silly reify ]
485 verbose reify failed optional dependency D:\programas\Projetos de programação\Afiliados Netbox\Site institucional - Netbox\node_modules\@img\sharp-linux-arm
486 silly reify mark deleted [
486 silly reify   'D:\\programas\\Projetos de programação\\Afiliados Netbox\\Site institucional - Netbox\\node_modules\\@img\\sharp-linux-arm'
486 silly reify ]
487 verbose reify failed optional dependency D:\programas\Projetos de programação\Afiliados Netbox\Site institucional - Netbox\node_modules\@img\sharp-linux-ppc64
488 silly reify mark deleted [
488 silly reify   'D:\\programas\\Projetos de programação\\Afiliados Netbox\\Site institucional - Netbox\\node_modules\\@img\\sharp-linux-ppc64'
488 silly reify ]
489 verbose reify failed optional dependency D:\programas\Projetos de programação\Afiliados Netbox\Site institucional - Netbox\node_modules\@img\sharp-linux-riscv64
490 silly reify mark deleted [
490 silly reify   'D:\\programas\\Projetos de programação\\Afiliados Netbox\\Site institucional - Netbox\\node_modules\\@img\\sharp-linux-riscv64'
490 silly reify ]
491 verbose reify failed optional dependency D:\programas\Projetos de programação\Afiliados Netbox\Site institucional - Netbox\node_modules\@img\sharp-libvips-linuxmusl-x64
492 silly reify mark deleted [
492 silly reify   'D:\\programas\\Projetos de programação\\Afiliados Netbox\\Site institucional - Netbox\\node_modules\\@img\\sharp-libvips-linuxmusl-x64'
492 silly reify ]
493 verbose reify failed optional dependency D:\programas\Projetos de programação\Afiliados Netbox\Site institucional - Netbox\node_modules\@img\sharp-libvips-linuxmusl-arm64
494 silly reify mark deleted [
494 silly reify   'D:\\programas\\Projetos de programação\\Afiliados Netbox\\Site institucional - Netbox\\node_modules\\@img\\sharp-libvips-linuxmusl-arm64'
494 silly reify ]
495 verbose reify failed optional dependency D:\programas\Projetos de programação\Afiliados Netbox\Site institucional - Netbox\node_modules\@img\sharp-libvips-linux-x64
496 silly reify mark deleted [
496 silly reify   'D:\\programas\\Projetos de programação\\Afiliados Netbox\\Site institucional - Netbox\\node_modules\\@img\\sharp-libvips-linux-x64'
496 silly reify ]
497 verbose reify failed optional dependency D:\programas\Projetos de programação\Afiliados Netbox\Site institucional - Netbox\node_modules\@img\sharp-libvips-linux-arm64
498 silly reify mark deleted [
498 silly reify   'D:\\programas\\Projetos de programação\\Afiliados Netbox\\Site institucional - Netbox\\node_modules\\@img\\sharp-libvips-linux-arm64'
498 silly reify ]
499 verbose reify failed optional dependency D:\programas\Projetos de programação\Afiliados Netbox\Site institucional - Netbox\node_modules\@img\sharp-libvips-linux-riscv64
500 silly reify mark deleted [
500 silly reify   'D:\\programas\\Projetos de programação\\Afiliados Netbox\\Site institucional - Netbox\\node_modules\\@img\\sharp-libvips-linux-riscv64'
500 silly reify ]
501 verbose reify failed optional dependency D:\programas\Projetos de programação\Afiliados Netbox\Site institucional - Netbox\node_modules\@img\sharp-libvips-linux-s390x
502 silly reify mark deleted [
502 silly reify   'D:\\programas\\Projetos de programação\\Afiliados Netbox\\Site institucional - Netbox\\node_modules\\@img\\sharp-libvips-linux-s390x'
502 silly reify ]
503 verbose reify failed optional dependency D:\programas\Projetos de programação\Afiliados Netbox\Site institucional - Netbox\node_modules\@img\sharp-libvips-linux-ppc64
504 silly reify mark deleted [
504 silly reify   'D:\\programas\\Projetos de programação\\Afiliados Netbox\\Site institucional - Netbox\\node_modules\\@img\\sharp-libvips-linux-ppc64'
504 silly reify ]
505 verbose reify failed optional dependency D:\programas\Projetos de programação\Afiliados Netbox\Site institucional - Netbox\node_modules\@img\sharp-libvips-linux-arm
506 silly reify mark deleted [
506 silly reify   'D:\\programas\\Projetos de programação\\Afiliados Netbox\\Site institucional - Netbox\\node_modules\\@img\\sharp-libvips-linux-arm'
506 silly reify ]
507 verbose reify failed optional dependency D:\programas\Projetos de programação\Afiliados Netbox\Site institucional - Netbox\node_modules\@img\sharp-libvips-darwin-x64
508 silly reify mark deleted [
508 silly reify   'D:\\programas\\Projetos de programação\\Afiliados Netbox\\Site institucional - Netbox\\node_modules\\@img\\sharp-libvips-darwin-x64'
508 silly reify ]
509 verbose reify failed optional dependency D:\programas\Projetos de programação\Afiliados Netbox\Site institucional - Netbox\node_modules\@img\sharp-libvips-darwin-arm64
510 silly reify mark deleted [
510 silly reify   'D:\\programas\\Projetos de programação\\Afiliados Netbox\\Site institucional - Netbox\\node_modules\\@img\\sharp-libvips-darwin-arm64'
510 silly reify ]
511 verbose reify failed optional dependency D:\programas\Projetos de programação\Afiliados Netbox\Site institucional - Netbox\node_modules\@img\sharp-darwin-x64
512 silly reify mark deleted [
512 silly reify   'D:\\programas\\Projetos de programação\\Afiliados Netbox\\Site institucional - Netbox\\node_modules\\@img\\sharp-darwin-x64'
512 silly reify ]
513 verbose reify failed optional dependency D:\programas\Projetos de programação\Afiliados Netbox\Site institucional - Netbox\node_modules\@img\sharp-darwin-arm64
514 silly reify mark deleted [
514 silly reify   'D:\\programas\\Projetos de programação\\Afiliados Netbox\\Site institucional - Netbox\\node_modules\\@img\\sharp-darwin-arm64'
514 silly reify ]
515 verbose reify failed optional dependency D:\programas\Projetos de programação\Afiliados Netbox\Site institucional - Netbox\node_modules\@esbuild\win32-ia32
516 silly reify mark deleted [
516 silly reify   'D:\\programas\\Projetos de programação\\Afiliados Netbox\\Site institucional - Netbox\\node_modules\\@esbuild\\win32-ia32'
516 silly reify ]
517 verbose reify failed optional dependency D:\programas\Projetos de programação\Afiliados Netbox\Site institucional - Netbox\node_modules\@esbuild\win32-arm64
518 silly reify mark deleted [
518 silly reify   'D:\\programas\\Projetos de programação\\Afiliados Netbox\\Site institucional - Netbox\\node_modules\\@esbuild\\win32-arm64'
518 silly reify ]
519 verbose reify failed optional dependency D:\programas\Projetos de programação\Afiliados Netbox\Site institucional - Netbox\node_modules\@esbuild\openharmony-arm64
520 silly reify mark deleted [
520 silly reify   'D:\\programas\\Projetos de programação\\Afiliados Netbox\\Site institucional - Netbox\\node_modules\\@esbuild\\openharmony-arm64'
520 silly reify ]
521 verbose reify failed optional dependency D:\programas\Projetos de programação\Afiliados Netbox\Site institucional - Netbox\node_modules\@esbuild\sunos-x64
522 silly reify mark deleted [
522 silly reify   'D:\\programas\\Projetos de programação\\Afiliados Netbox\\Site institucional - Netbox\\node_modules\\@esbuild\\sunos-x64'
522 silly reify ]
523 verbose reify failed optional dependency D:\programas\Projetos de programação\Afiliados Netbox\Site institucional - Netbox\node_modules\@esbuild\openbsd-x64
524 silly reify mark deleted [
524 silly reify   'D:\\programas\\Projetos de programação\\Afiliados Netbox\\Site institucional - Netbox\\node_modules\\@esbuild\\openbsd-x64'
524 silly reify ]
525 verbose reify failed optional dependency D:\programas\Projetos de programação\Afiliados Netbox\Site institucional - Netbox\node_modules\@esbuild\openbsd-arm64
526 silly reify mark deleted [
526 silly reify   'D:\\programas\\Projetos de programação\\Afiliados Netbox\\Site institucional - Netbox\\node_modules\\@esbuild\\openbsd-arm64'
526 silly reify ]
527 verbose reify failed optional dependency D:\programas\Projetos de programação\Afiliados Netbox\Site institucional - Netbox\node_modules\@esbuild\netbsd-arm64
528 silly reify mark deleted [
528 silly reify   'D:\\programas\\Projetos de programação\\Afiliados Netbox\\Site institucional - Netbox\\node_modules\\@esbuild\\netbsd-arm64'
528 silly reify ]
529 verbose reify failed optional dependency D:\programas\Projetos de programação\Afiliados Netbox\Site institucional - Netbox\node_modules\@esbuild\netbsd-x64
530 silly reify mark deleted [
530 silly reify   'D:\\programas\\Projetos de programação\\Afiliados Netbox\\Site institucional - Netbox\\node_modules\\@esbuild\\netbsd-x64'
530 silly reify ]
531 verbose reify failed optional dependency D:\programas\Projetos de programação\Afiliados Netbox\Site institucional - Netbox\node_modules\@esbuild\linux-s390x
532 silly reify mark deleted [
532 silly reify   'D:\\programas\\Projetos de programação\\Afiliados Netbox\\Site institucional - Netbox\\node_modules\\@esbuild\\linux-s390x'
532 silly reify ]
533 verbose reify failed optional dependency D:\programas\Projetos de programação\Afiliados Netbox\Site institucional - Netbox\node_modules\@esbuild\linux-x64
534 silly reify mark deleted [
534 silly reify   'D:\\programas\\Projetos de programação\\Afiliados Netbox\\Site institucional - Netbox\\node_modules\\@esbuild\\linux-x64'
534 silly reify ]
535 verbose reify failed optional dependency D:\programas\Projetos de programação\Afiliados Netbox\Site institucional - Netbox\node_modules\@esbuild\linux-riscv64
536 silly reify mark deleted [
536 silly reify   'D:\\programas\\Projetos de programação\\Afiliados Netbox\\Site institucional - Netbox\\node_modules\\@esbuild\\linux-riscv64'
536 silly reify ]
537 verbose reify failed optional dependency D:\programas\Projetos de programação\Afiliados Netbox\Site institucional - Netbox\node_modules\@esbuild\linux-mips64el
538 silly reify mark deleted [
538 silly reify   'D:\\programas\\Projetos de programação\\Afiliados Netbox\\Site institucional - Netbox\\node_modules\\@esbuild\\linux-mips64el'
538 silly reify ]
539 verbose reify failed optional dependency D:\programas\Projetos de programação\Afiliados Netbox\Site institucional - Netbox\node_modules\@esbuild\linux-ppc64
540 silly reify mark deleted [
540 silly reify   'D:\\programas\\Projetos de programação\\Afiliados Netbox\\Site institucional - Netbox\\node_modules\\@esbuild\\linux-ppc64'
540 silly reify ]
541 verbose reify failed optional dependency D:\programas\Projetos de programação\Afiliados Netbox\Site institucional - Netbox\node_modules\@esbuild\linux-loong64
542 silly reify mark deleted [
542 silly reify   'D:\\programas\\Projetos de programação\\Afiliados Netbox\\Site institucional - Netbox\\node_modules\\@esbuild\\linux-loong64'
542 silly reify ]
543 verbose reify failed optional dependency D:\programas\Projetos de programação\Afiliados Netbox\Site institucional - Netbox\node_modules\@esbuild\linux-ia32
544 silly reify mark deleted [
544 silly reify   'D:\\programas\\Projetos de programação\\Afiliados Netbox\\Site institucional - Netbox\\node_modules\\@esbuild\\linux-ia32'
544 silly reify ]
545 verbose reify failed optional dependency D:\programas\Projetos de programação\Afiliados Netbox\Site institucional - Netbox\node_modules\@esbuild\linux-arm64
546 silly reify mark deleted [
546 silly reify   'D:\\programas\\Projetos de programação\\Afiliados Netbox\\Site institucional - Netbox\\node_modules\\@esbuild\\linux-arm64'
546 silly reify ]
547 verbose reify failed optional dependency D:\programas\Projetos de programação\Afiliados Netbox\Site institucional - Netbox\node_modules\@esbuild\linux-arm
548 silly reify mark deleted [
548 silly reify   'D:\\programas\\Projetos de programação\\Afiliados Netbox\\Site institucional - Netbox\\node_modules\\@esbuild\\linux-arm'
548 silly reify ]
549 verbose reify failed optional dependency D:\programas\Projetos de programação\Afiliados Netbox\Site institucional - Netbox\node_modules\@esbuild\freebsd-arm64
550 silly reify mark deleted [
550 silly reify   'D:\\programas\\Projetos de programação\\Afiliados Netbox\\Site institucional - Netbox\\node_modules\\@esbuild\\freebsd-arm64'
550 silly reify ]
551 verbose reify failed optional dependency D:\programas\Projetos de programação\Afiliados Netbox\Site institucional - Netbox\node_modules\@esbuild\freebsd-x64
552 silly reify mark deleted [
552 silly reify   'D:\\programas\\Projetos de programação\\Afiliados Netbox\\Site institucional - Netbox\\node_modules\\@esbuild\\freebsd-x64'
552 silly reify ]
553 verbose reify failed optional dependency D:\programas\Projetos de programação\Afiliados Netbox\Site institucional - Netbox\node_modules\@esbuild\darwin-x64
554 silly reify mark deleted [
554 silly reify   'D:\\programas\\Projetos de programação\\Afiliados Netbox\\Site institucional - Netbox\\node_modules\\@esbuild\\darwin-x64'
554 silly reify ]
555 verbose reify failed optional dependency D:\programas\Projetos de programação\Afiliados Netbox\Site institucional - Netbox\node_modules\@esbuild\darwin-arm64
556 silly reify mark deleted [
556 silly reify   'D:\\programas\\Projetos de programação\\Afiliados Netbox\\Site institucional - Netbox\\node_modules\\@esbuild\\darwin-arm64'
556 silly reify ]
557 verbose reify failed optional dependency D:\programas\Projetos de programação\Afiliados Netbox\Site institucional - Netbox\node_modules\@esbuild\android-arm
558 silly reify mark deleted [
558 silly reify   'D:\\programas\\Projetos de programação\\Afiliados Netbox\\Site institucional - Netbox\\node_modules\\@esbuild\\android-arm'
558 silly reify ]
559 verbose reify failed optional dependency D:\programas\Projetos de programação\Afiliados Netbox\Site institucional - Netbox\node_modules\@esbuild\android-x64
560 silly reify mark deleted [
560 silly reify   'D:\\programas\\Projetos de programação\\Afiliados Netbox\\Site institucional - Netbox\\node_modules\\@esbuild\\android-x64'
560 silly reify ]
561 verbose reify failed optional dependency D:\programas\Projetos de programação\Afiliados Netbox\Site institucional - Netbox\node_modules\@esbuild\aix-ppc64
562 silly reify mark deleted [
562 silly reify   'D:\\programas\\Projetos de programação\\Afiliados Netbox\\Site institucional - Netbox\\node_modules\\@esbuild\\aix-ppc64'
562 silly reify ]
563 verbose reify failed optional dependency D:\programas\Projetos de programação\Afiliados Netbox\Site institucional - Netbox\node_modules\@esbuild\android-arm64
564 silly reify mark deleted [
564 silly reify   'D:\\programas\\Projetos de programação\\Afiliados Netbox\\Site institucional - Netbox\\node_modules\\@esbuild\\android-arm64'
564 silly reify ]
565 verbose reify failed optional dependency D:\programas\Projetos de programação\Afiliados Netbox\Site institucional - Netbox\node_modules\@cloudflare\workerd-linux-64
566 silly reify mark deleted [
566 silly reify   'D:\\programas\\Projetos de programação\\Afiliados Netbox\\Site institucional - Netbox\\node_modules\\@cloudflare\\workerd-linux-64'
566 silly reify ]
567 verbose reify failed optional dependency D:\programas\Projetos de programação\Afiliados Netbox\Site institucional - Netbox\node_modules\@cloudflare\workerd-linux-arm64
568 silly reify mark deleted [
568 silly reify   'D:\\programas\\Projetos de programação\\Afiliados Netbox\\Site institucional - Netbox\\node_modules\\@cloudflare\\workerd-linux-arm64'
568 silly reify ]
569 verbose reify failed optional dependency D:\programas\Projetos de programação\Afiliados Netbox\Site institucional - Netbox\node_modules\@cloudflare\workerd-darwin-64
570 silly reify mark deleted [
570 silly reify   'D:\\programas\\Projetos de programação\\Afiliados Netbox\\Site institucional - Netbox\\node_modules\\@cloudflare\\workerd-darwin-64'
570 silly reify ]
571 verbose reify failed optional dependency D:\programas\Projetos de programação\Afiliados Netbox\Site institucional - Netbox\node_modules\@cloudflare\workerd-darwin-arm64
572 silly reify mark deleted [
572 silly reify   'D:\\programas\\Projetos de programação\\Afiliados Netbox\\Site institucional - Netbox\\node_modules\\@cloudflare\\workerd-darwin-arm64'
572 silly reify ]
573 verbose reify failed optional dependency D:\programas\Projetos de programação\Afiliados Netbox\Site institucional - Netbox\node_modules\wrangler\node_modules\@esbuild\win32-ia32
574 silly reify mark deleted [
574 silly reify   'D:\\programas\\Projetos de programação\\Afiliados Netbox\\Site institucional - Netbox\\node_modules\\wrangler\\node_modules\\@esbuild\\win32-ia32'
574 silly reify ]
575 verbose reify failed optional dependency D:\programas\Projetos de programação\Afiliados Netbox\Site institucional - Netbox\node_modules\wrangler\node_modules\@esbuild\win32-arm64
576 silly reify mark deleted [
576 silly reify   'D:\\programas\\Projetos de programação\\Afiliados Netbox\\Site institucional - Netbox\\node_modules\\wrangler\\node_modules\\@esbuild\\win32-arm64'
576 silly reify ]
577 verbose reify failed optional dependency D:\programas\Projetos de programação\Afiliados Netbox\Site institucional - Netbox\node_modules\wrangler\node_modules\@esbuild\sunos-x64
578 silly reify mark deleted [
578 silly reify   'D:\\programas\\Projetos de programação\\Afiliados Netbox\\Site institucional - Netbox\\node_modules\\wrangler\\node_modules\\@esbuild\\sunos-x64'
578 silly reify ]
579 verbose reify failed optional dependency D:\programas\Projetos de programação\Afiliados Netbox\Site institucional - Netbox\node_modules\wrangler\node_modules\@esbuild\openbsd-arm64
580 silly reify mark deleted [
580 silly reify   'D:\\programas\\Projetos de programação\\Afiliados Netbox\\Site institucional - Netbox\\node_modules\\wrangler\\node_modules\\@esbuild\\openbsd-arm64'
580 silly reify ]
581 verbose reify failed optional dependency D:\programas\Projetos de programação\Afiliados Netbox\Site institucional - Netbox\node_modules\wrangler\node_modules\@esbuild\openharmony-arm64
582 silly reify mark deleted [
582 silly reify   'D:\\programas\\Projetos de programação\\Afiliados Netbox\\Site institucional - Netbox\\node_modules\\wrangler\\node_modules\\@esbuild\\openharmony-arm64'
582 silly reify ]
583 verbose reify failed optional dependency D:\programas\Projetos de programação\Afiliados Netbox\Site institucional - Netbox\node_modules\wrangler\node_modules\@esbuild\openbsd-x64
584 silly reify mark deleted [
584 silly reify   'D:\\programas\\Projetos de programação\\Afiliados Netbox\\Site institucional - Netbox\\node_modules\\wrangler\\node_modules\\@esbuild\\openbsd-x64'
584 silly reify ]
585 verbose reify failed optional dependency D:\programas\Projetos de programação\Afiliados Netbox\Site institucional - Netbox\node_modules\wrangler\node_modules\@esbuild\netbsd-x64
586 silly reify mark deleted [
586 silly reify   'D:\\programas\\Projetos de programação\\Afiliados Netbox\\Site institucional - Netbox\\node_modules\\wrangler\\node_modules\\@esbuild\\netbsd-x64'
586 silly reify ]
587 verbose reify failed optional dependency D:\programas\Projetos de programação\Afiliados Netbox\Site institucional - Netbox\node_modules\wrangler\node_modules\@esbuild\netbsd-arm64
588 silly reify mark deleted [
588 silly reify   'D:\\programas\\Projetos de programação\\Afiliados Netbox\\Site institucional - Netbox\\node_modules\\wrangler\\node_modules\\@esbuild\\netbsd-arm64'
588 silly reify ]
589 verbose reify failed optional dependency D:\programas\Projetos de programação\Afiliados Netbox\Site institucional - Netbox\node_modules\wrangler\node_modules\@esbuild\linux-s390x
590 silly reify mark deleted [
590 silly reify   'D:\\programas\\Projetos de programação\\Afiliados Netbox\\Site institucional - Netbox\\node_modules\\wrangler\\node_modules\\@esbuild\\linux-s390x'
590 silly reify ]
591 verbose reify failed optional dependency D:\programas\Projetos de programação\Afiliados Netbox\Site institucional - Netbox\node_modules\wrangler\node_modules\@esbuild\linux-riscv64
592 silly reify mark deleted [
592 silly reify   'D:\\programas\\Projetos de programação\\Afiliados Netbox\\Site institucional - Netbox\\node_modules\\wrangler\\node_modules\\@esbuild\\linux-riscv64'
592 silly reify ]
593 verbose reify failed optional dependency D:\programas\Projetos de programação\Afiliados Netbox\Site institucional - Netbox\node_modules\wrangler\node_modules\@esbuild\linux-ppc64
594 silly reify mark deleted [
594 silly reify   'D:\\programas\\Projetos de programação\\Afiliados Netbox\\Site institucional - Netbox\\node_modules\\wrangler\\node_modules\\@esbuild\\linux-ppc64'
594 silly reify ]
595 verbose reify failed optional dependency D:\programas\Projetos de programação\Afiliados Netbox\Site institucional - Netbox\node_modules\wrangler\node_modules\@esbuild\linux-x64
596 silly reify mark deleted [
596 silly reify   'D:\\programas\\Projetos de programação\\Afiliados Netbox\\Site institucional - Netbox\\node_modules\\wrangler\\node_modules\\@esbuild\\linux-x64'
596 silly reify ]
597 verbose reify failed optional dependency D:\programas\Projetos de programação\Afiliados Netbox\Site institucional - Netbox\node_modules\wrangler\node_modules\@esbuild\linux-mips64el
598 silly reify mark deleted [
598 silly reify   'D:\\programas\\Projetos de programação\\Afiliados Netbox\\Site institucional - Netbox\\node_modules\\wrangler\\node_modules\\@esbuild\\linux-mips64el'
598 silly reify ]
599 verbose reify failed optional dependency D:\programas\Projetos de programação\Afiliados Netbox\Site institucional - Netbox\node_modules\wrangler\node_modules\@esbuild\linux-loong64
600 silly reify mark deleted [
600 silly reify   'D:\\programas\\Projetos de programação\\Afiliados Netbox\\Site institucional - Netbox\\node_modules\\wrangler\\node_modules\\@esbuild\\linux-loong64'
600 silly reify ]
601 verbose reify failed optional dependency D:\programas\Projetos de programação\Afiliados Netbox\Site institucional - Netbox\node_modules\wrangler\node_modules\@esbuild\linux-ia32
602 silly reify mark deleted [
602 silly reify   'D:\\programas\\Projetos de programação\\Afiliados Netbox\\Site institucional - Netbox\\node_modules\\wrangler\\node_modules\\@esbuild\\linux-ia32'
602 silly reify ]
603 verbose reify failed optional dependency D:\programas\Projetos de programação\Afiliados Netbox\Site institucional - Netbox\node_modules\wrangler\node_modules\@esbuild\linux-arm64
604 silly reify mark deleted [
604 silly reify   'D:\\programas\\Projetos de programação\\Afiliados Netbox\\Site institucional - Netbox\\node_modules\\wrangler\\node_modules\\@esbuild\\linux-arm64'
604 silly reify ]
605 verbose reify failed optional dependency D:\programas\Projetos de programação\Afiliados Netbox\Site institucional - Netbox\node_modules\wrangler\node_modules\@esbuild\linux-arm
606 silly reify mark deleted [
606 silly reify   'D:\\programas\\Projetos de programação\\Afiliados Netbox\\Site institucional - Netbox\\node_modules\\wrangler\\node_modules\\@esbuild\\linux-arm'
606 silly reify ]
607 verbose reify failed optional dependency D:\programas\Projetos de programação\Afiliados Netbox\Site institucional - Netbox\node_modules\wrangler\node_modules\@esbuild\freebsd-arm64
608 silly reify mark deleted [
608 silly reify   'D:\\programas\\Projetos de programação\\Afiliados Netbox\\Site institucional - Netbox\\node_modules\\wrangler\\node_modules\\@esbuild\\freebsd-arm64'
608 silly reify ]
609 verbose reify failed optional dependency D:\programas\Projetos de programação\Afiliados Netbox\Site institucional - Netbox\node_modules\wrangler\node_modules\@esbuild\freebsd-x64
610 silly reify mark deleted [
610 silly reify   'D:\\programas\\Projetos de programação\\Afiliados Netbox\\Site institucional - Netbox\\node_modules\\wrangler\\node_modules\\@esbuild\\freebsd-x64'
610 silly reify ]
611 verbose reify failed optional dependency D:\programas\Projetos de programação\Afiliados Netbox\Site institucional - Netbox\node_modules\wrangler\node_modules\@esbuild\darwin-arm64
612 silly reify mark deleted [
612 silly reify   'D:\\programas\\Projetos de programação\\Afiliados Netbox\\Site institucional - Netbox\\node_modules\\wrangler\\node_modules\\@esbuild\\darwin-arm64'
612 silly reify ]
613 verbose reify failed optional dependency D:\programas\Projetos de programação\Afiliados Netbox\Site institucional - Netbox\node_modules\wrangler\node_modules\@esbuild\darwin-x64
614 silly reify mark deleted [
614 silly reify   'D:\\programas\\Projetos de programação\\Afiliados Netbox\\Site institucional - Netbox\\node_modules\\wrangler\\node_modules\\@esbuild\\darwin-x64'
614 silly reify ]
615 verbose reify failed optional dependency D:\programas\Projetos de programação\Afiliados Netbox\Site institucional - Netbox\node_modules\wrangler\node_modules\@esbuild\android-x64
616 silly reify mark deleted [
616 silly reify   'D:\\programas\\Projetos de programação\\Afiliados Netbox\\Site institucional - Netbox\\node_modules\\wrangler\\node_modules\\@esbuild\\android-x64'
616 silly reify ]
617 verbose reify failed optional dependency D:\programas\Projetos de programação\Afiliados Netbox\Site institucional - Netbox\node_modules\wrangler\node_modules\@esbuild\android-arm
618 silly reify mark deleted [
618 silly reify   'D:\\programas\\Projetos de programação\\Afiliados Netbox\\Site institucional - Netbox\\node_modules\\wrangler\\node_modules\\@esbuild\\android-arm'
618 silly reify ]
619 verbose reify failed optional dependency D:\programas\Projetos de programação\Afiliados Netbox\Site institucional - Netbox\node_modules\wrangler\node_modules\@esbuild\android-arm64
620 silly reify mark deleted [
620 silly reify   'D:\\programas\\Projetos de programação\\Afiliados Netbox\\Site institucional - Netbox\\node_modules\\wrangler\\node_modules\\@esbuild\\android-arm64'
620 silly reify ]
621 verbose reify failed optional dependency D:\programas\Projetos de programação\Afiliados Netbox\Site institucional - Netbox\node_modules\wrangler\node_modules\@esbuild\aix-ppc64
622 silly reify mark deleted [
622 silly reify   'D:\\programas\\Projetos de programação\\Afiliados Netbox\\Site institucional - Netbox\\node_modules\\wrangler\\node_modules\\@esbuild\\aix-ppc64'
622 silly reify ]
623 verbose reify failed optional dependency D:\programas\Projetos de programação\Afiliados Netbox\Site institucional - Netbox\node_modules\vite\node_modules\lightningcss-win32-arm64-msvc
624 silly reify mark deleted [
624 silly reify   'D:\\programas\\Projetos de programação\\Afiliados Netbox\\Site institucional - Netbox\\node_modules\\vite\\node_modules\\lightningcss-win32-arm64-msvc'
624 silly reify ]
625 verbose reify failed optional dependency D:\programas\Projetos de programação\Afiliados Netbox\Site institucional - Netbox\node_modules\vite\node_modules\lightningcss-linux-x64-musl
626 silly reify mark deleted [
626 silly reify   'D:\\programas\\Projetos de programação\\Afiliados Netbox\\Site institucional - Netbox\\node_modules\\vite\\node_modules\\lightningcss-linux-x64-musl'
626 silly reify ]
627 verbose reify failed optional dependency D:\programas\Projetos de programação\Afiliados Netbox\Site institucional - Netbox\node_modules\vite\node_modules\lightningcss-linux-arm64-musl
628 silly reify mark deleted [
628 silly reify   'D:\\programas\\Projetos de programação\\Afiliados Netbox\\Site institucional - Netbox\\node_modules\\vite\\node_modules\\lightningcss-linux-arm64-musl'
628 silly reify ]
629 verbose reify failed optional dependency D:\programas\Projetos de programação\Afiliados Netbox\Site institucional - Netbox\node_modules\vite\node_modules\lightningcss-linux-x64-gnu
630 silly reify mark deleted [
630 silly reify   'D:\\programas\\Projetos de programação\\Afiliados Netbox\\Site institucional - Netbox\\node_modules\\vite\\node_modules\\lightningcss-linux-x64-gnu'
630 silly reify ]
631 verbose reify failed optional dependency D:\programas\Projetos de programação\Afiliados Netbox\Site institucional - Netbox\node_modules\vite\node_modules\lightningcss-linux-arm-gnueabihf
632 silly reify mark deleted [
632 silly reify   'D:\\programas\\Projetos de programação\\Afiliados Netbox\\Site institucional - Netbox\\node_modules\\vite\\node_modules\\lightningcss-linux-arm-gnueabihf'
632 silly reify ]
633 verbose reify failed optional dependency D:\programas\Projetos de programação\Afiliados Netbox\Site institucional - Netbox\node_modules\vite\node_modules\lightningcss-freebsd-x64
634 silly reify mark deleted [
634 silly reify   'D:\\programas\\Projetos de programação\\Afiliados Netbox\\Site institucional - Netbox\\node_modules\\vite\\node_modules\\lightningcss-freebsd-x64'
634 silly reify ]
635 verbose reify failed optional dependency D:\programas\Projetos de programação\Afiliados Netbox\Site institucional - Netbox\node_modules\vite\node_modules\lightningcss-linux-arm64-gnu
636 silly reify mark deleted [
636 silly reify   'D:\\programas\\Projetos de programação\\Afiliados Netbox\\Site institucional - Netbox\\node_modules\\vite\\node_modules\\lightningcss-linux-arm64-gnu'
636 silly reify ]
637 verbose reify failed optional dependency D:\programas\Projetos de programação\Afiliados Netbox\Site institucional - Netbox\node_modules\vite\node_modules\lightningcss-darwin-x64
638 silly reify mark deleted [
638 silly reify   'D:\\programas\\Projetos de programação\\Afiliados Netbox\\Site institucional - Netbox\\node_modules\\vite\\node_modules\\lightningcss-darwin-x64'
638 silly reify ]
639 verbose reify failed optional dependency D:\programas\Projetos de programação\Afiliados Netbox\Site institucional - Netbox\node_modules\vite\node_modules\lightningcss-darwin-arm64
640 silly reify mark deleted [
640 silly reify   'D:\\programas\\Projetos de programação\\Afiliados Netbox\\Site institucional - Netbox\\node_modules\\vite\\node_modules\\lightningcss-darwin-arm64'
640 silly reify ]
641 verbose reify failed optional dependency D:\programas\Projetos de programação\Afiliados Netbox\Site institucional - Netbox\node_modules\vite\node_modules\lightningcss-android-arm64
642 silly reify mark deleted [
642 silly reify   'D:\\programas\\Projetos de programação\\Afiliados Netbox\\Site institucional - Netbox\\node_modules\\vite\\node_modules\\lightningcss-android-arm64'
642 silly reify ]
643 verbose reify failed optional dependency D:\programas\Projetos de programação\Afiliados Netbox\Site institucional - Netbox\node_modules\lightningcss-linux-x64-musl
644 silly reify mark deleted [
644 silly reify   'D:\\programas\\Projetos de programação\\Afiliados Netbox\\Site institucional - Netbox\\node_modules\\lightningcss-linux-x64-musl'
644 silly reify ]
645 verbose reify failed optional dependency D:\programas\Projetos de programação\Afiliados Netbox\Site institucional - Netbox\node_modules\lightningcss-linux-x64-gnu
646 silly reify mark deleted [
646 silly reify   'D:\\programas\\Projetos de programação\\Afiliados Netbox\\Site institucional - Netbox\\node_modules\\lightningcss-linux-x64-gnu'
646 silly reify ]
647 verbose reify failed optional dependency D:\programas\Projetos de programação\Afiliados Netbox\Site institucional - Netbox\node_modules\lightningcss-win32-arm64-msvc
648 silly reify mark deleted [
648 silly reify   'D:\\programas\\Projetos de programação\\Afiliados Netbox\\Site institucional - Netbox\\node_modules\\lightningcss-win32-arm64-msvc'
648 silly reify ]
649 verbose reify failed optional dependency D:\programas\Projetos de programação\Afiliados Netbox\Site institucional - Netbox\node_modules\lightningcss-linux-arm64-gnu
650 silly reify mark deleted [
650 silly reify   'D:\\programas\\Projetos de programação\\Afiliados Netbox\\Site institucional - Netbox\\node_modules\\lightningcss-linux-arm64-gnu'
650 silly reify ]
651 verbose reify failed optional dependency D:\programas\Projetos de programação\Afiliados Netbox\Site institucional - Netbox\node_modules\lightningcss-linux-arm64-musl
652 silly reify mark deleted [
652 silly reify   'D:\\programas\\Projetos de programação\\Afiliados Netbox\\Site institucional - Netbox\\node_modules\\lightningcss-linux-arm64-musl'
652 silly reify ]
653 verbose reify failed optional dependency D:\programas\Projetos de programação\Afiliados Netbox\Site institucional - Netbox\node_modules\lightningcss-darwin-arm64
654 silly reify mark deleted [
654 silly reify   'D:\\programas\\Projetos de programação\\Afiliados Netbox\\Site institucional - Netbox\\node_modules\\lightningcss-darwin-arm64'
654 silly reify ]
655 verbose reify failed optional dependency D:\programas\Projetos de programação\Afiliados Netbox\Site institucional - Netbox\node_modules\lightningcss-linux-arm-gnueabihf
656 silly reify mark deleted [
656 silly reify   'D:\\programas\\Projetos de programação\\Afiliados Netbox\\Site institucional - Netbox\\node_modules\\lightningcss-linux-arm-gnueabihf'
656 silly reify ]
657 verbose reify failed optional dependency D:\programas\Projetos de programação\Afiliados Netbox\Site institucional - Netbox\node_modules\lightningcss-freebsd-x64
658 silly reify mark deleted [
658 silly reify   'D:\\programas\\Projetos de programação\\Afiliados Netbox\\Site institucional - Netbox\\node_modules\\lightningcss-freebsd-x64'
658 silly reify ]
659 verbose reify failed optional dependency D:\programas\Projetos de programação\Afiliados Netbox\Site institucional - Netbox\node_modules\lightningcss-darwin-x64
660 silly reify mark deleted [
660 silly reify   'D:\\programas\\Projetos de programação\\Afiliados Netbox\\Site institucional - Netbox\\node_modules\\lightningcss-darwin-x64'
660 silly reify ]
661 verbose reify failed optional dependency D:\programas\Projetos de programação\Afiliados Netbox\Site institucional - Netbox\node_modules\lightningcss-android-arm64
662 silly reify mark deleted [
662 silly reify   'D:\\programas\\Projetos de programação\\Afiliados Netbox\\Site institucional - Netbox\\node_modules\\lightningcss-android-arm64'
662 silly reify ]
663 verbose reify failed optional dependency D:\programas\Projetos de programação\Afiliados Netbox\Site institucional - Netbox\node_modules\fsevents
664 silly reify mark deleted [
664 silly reify   'D:\\programas\\Projetos de programação\\Afiliados Netbox\\Site institucional - Netbox\\node_modules\\fsevents'
664 silly reify ]
665 verbose reify failed optional dependency D:\programas\Projetos de programação\Afiliados Netbox\Site institucional - Netbox\node_modules\drizzle-kit\node_modules\@esbuild\win32-ia32
666 silly reify mark deleted [
666 silly reify   'D:\\programas\\Projetos de programação\\Afiliados Netbox\\Site institucional - Netbox\\node_modules\\drizzle-kit\\node_modules\\@esbuild\\win32-ia32'
666 silly reify ]
667 verbose reify failed optional dependency D:\programas\Projetos de programação\Afiliados Netbox\Site institucional - Netbox\node_modules\drizzle-kit\node_modules\@esbuild\sunos-x64
668 silly reify mark deleted [
668 silly reify   'D:\\programas\\Projetos de programação\\Afiliados Netbox\\Site institucional - Netbox\\node_modules\\drizzle-kit\\node_modules\\@esbuild\\sunos-x64'
668 silly reify ]
669 verbose reify failed optional dependency D:\programas\Projetos de programação\Afiliados Netbox\Site institucional - Netbox\node_modules\drizzle-kit\node_modules\@esbuild\openharmony-arm64
670 silly reify mark deleted [
670 silly reify   'D:\\programas\\Projetos de programação\\Afiliados Netbox\\Site institucional - Netbox\\node_modules\\drizzle-kit\\node_modules\\@esbuild\\openharmony-arm64'
670 silly reify ]
671 verbose reify failed optional dependency D:\programas\Projetos de programação\Afiliados Netbox\Site institucional - Netbox\node_modules\drizzle-kit\node_modules\@esbuild\win32-arm64
672 silly reify mark deleted [
672 silly reify   'D:\\programas\\Projetos de programação\\Afiliados Netbox\\Site institucional - Netbox\\node_modules\\drizzle-kit\\node_modules\\@esbuild\\win32-arm64'
672 silly reify ]
673 verbose reify failed optional dependency D:\programas\Projetos de programação\Afiliados Netbox\Site institucional - Netbox\node_modules\drizzle-kit\node_modules\@esbuild\netbsd-x64
674 silly reify mark deleted [
674 silly reify   'D:\\programas\\Projetos de programação\\Afiliados Netbox\\Site institucional - Netbox\\node_modules\\drizzle-kit\\node_modules\\@esbuild\\netbsd-x64'
674 silly reify ]
675 verbose reify failed optional dependency D:\programas\Projetos de programação\Afiliados Netbox\Site institucional - Netbox\node_modules\drizzle-kit\node_modules\@esbuild\openbsd-x64
676 silly reify mark deleted [
676 silly reify   'D:\\programas\\Projetos de programação\\Afiliados Netbox\\Site institucional - Netbox\\node_modules\\drizzle-kit\\node_modules\\@esbuild\\openbsd-x64'
676 silly reify ]
677 verbose reify failed optional dependency D:\programas\Projetos de programação\Afiliados Netbox\Site institucional - Netbox\node_modules\drizzle-kit\node_modules\@esbuild\openbsd-arm64
678 silly reify mark deleted [
678 silly reify   'D:\\programas\\Projetos de programação\\Afiliados Netbox\\Site institucional - Netbox\\node_modules\\drizzle-kit\\node_modules\\@esbuild\\openbsd-arm64'
678 silly reify ]
679 verbose reify failed optional dependency D:\programas\Projetos de programação\Afiliados Netbox\Site institucional - Netbox\node_modules\drizzle-kit\node_modules\@esbuild\netbsd-arm64
680 silly reify mark deleted [
680 silly reify   'D:\\programas\\Projetos de programação\\Afiliados Netbox\\Site institucional - Netbox\\node_modules\\drizzle-kit\\node_modules\\@esbuild\\netbsd-arm64'
680 silly reify ]
681 verbose reify failed optional dependency D:\programas\Projetos de programação\Afiliados Netbox\Site institucional - Netbox\node_modules\drizzle-kit\node_modules\@esbuild\linux-x64
682 silly reify mark deleted [
682 silly reify   'D:\\programas\\Projetos de programação\\Afiliados Netbox\\Site institucional - Netbox\\node_modules\\drizzle-kit\\node_modules\\@esbuild\\linux-x64'
682 silly reify ]
683 verbose reify failed optional dependency D:\programas\Projetos de programação\Afiliados Netbox\Site institucional - Netbox\node_modules\drizzle-kit\node_modules\@esbuild\linux-s390x
684 silly reify mark deleted [
684 silly reify   'D:\\programas\\Projetos de programação\\Afiliados Netbox\\Site institucional - Netbox\\node_modules\\drizzle-kit\\node_modules\\@esbuild\\linux-s390x'
684 silly reify ]
685 verbose reify failed optional dependency D:\programas\Projetos de programação\Afiliados Netbox\Site institucional - Netbox\node_modules\drizzle-kit\node_modules\@esbuild\linux-ppc64
686 silly reify mark deleted [
686 silly reify   'D:\\programas\\Projetos de programação\\Afiliados Netbox\\Site institucional - Netbox\\node_modules\\drizzle-kit\\node_modules\\@esbuild\\linux-ppc64'
686 silly reify ]
687 verbose reify failed optional dependency D:\programas\Projetos de programação\Afiliados Netbox\Site institucional - Netbox\node_modules\drizzle-kit\node_modules\@esbuild\linux-riscv64
688 silly reify mark deleted [
688 silly reify   'D:\\programas\\Projetos de programação\\Afiliados Netbox\\Site institucional - Netbox\\node_modules\\drizzle-kit\\node_modules\\@esbuild\\linux-riscv64'
688 silly reify ]
689 verbose reify failed optional dependency D:\programas\Projetos de programação\Afiliados Netbox\Site institucional - Netbox\node_modules\drizzle-kit\node_modules\@esbuild\linux-mips64el
690 silly reify mark deleted [
690 silly reify   'D:\\programas\\Projetos de programação\\Afiliados Netbox\\Site institucional - Netbox\\node_modules\\drizzle-kit\\node_modules\\@esbuild\\linux-mips64el'
690 silly reify ]
691 verbose reify failed optional dependency D:\programas\Projetos de programação\Afiliados Netbox\Site institucional - Netbox\node_modules\drizzle-kit\node_modules\@esbuild\linux-arm64
692 silly reify mark deleted [
692 silly reify   'D:\\programas\\Projetos de programação\\Afiliados Netbox\\Site institucional - Netbox\\node_modules\\drizzle-kit\\node_modules\\@esbuild\\linux-arm64'
692 silly reify ]
693 verbose reify failed optional dependency D:\programas\Projetos de programação\Afiliados Netbox\Site institucional - Netbox\node_modules\drizzle-kit\node_modules\@esbuild\linux-arm
694 silly reify mark deleted [
694 silly reify   'D:\\programas\\Projetos de programação\\Afiliados Netbox\\Site institucional - Netbox\\node_modules\\drizzle-kit\\node_modules\\@esbuild\\linux-arm'
694 silly reify ]
695 verbose reify failed optional dependency D:\programas\Projetos de programação\Afiliados Netbox\Site institucional - Netbox\node_modules\drizzle-kit\node_modules\@esbuild\linux-ia32
696 silly reify mark deleted [
696 silly reify   'D:\\programas\\Projetos de programação\\Afiliados Netbox\\Site institucional - Netbox\\node_modules\\drizzle-kit\\node_modules\\@esbuild\\linux-ia32'
696 silly reify ]
697 verbose reify failed optional dependency D:\programas\Projetos de programação\Afiliados Netbox\Site institucional - Netbox\node_modules\drizzle-kit\node_modules\@esbuild\linux-loong64
698 silly reify mark deleted [
698 silly reify   'D:\\programas\\Projetos de programação\\Afiliados Netbox\\Site institucional - Netbox\\node_modules\\drizzle-kit\\node_modules\\@esbuild\\linux-loong64'
698 silly reify ]
699 verbose reify failed optional dependency D:\programas\Projetos de programação\Afiliados Netbox\Site institucional - Netbox\node_modules\drizzle-kit\node_modules\@esbuild\freebsd-arm64
700 silly reify mark deleted [
700 silly reify   'D:\\programas\\Projetos de programação\\Afiliados Netbox\\Site institucional - Netbox\\node_modules\\drizzle-kit\\node_modules\\@esbuild\\freebsd-arm64'
700 silly reify ]
701 verbose reify failed optional dependency D:\programas\Projetos de programação\Afiliados Netbox\Site institucional - Netbox\node_modules\drizzle-kit\node_modules\@esbuild\freebsd-x64
702 silly reify mark deleted [
702 silly reify   'D:\\programas\\Projetos de programação\\Afiliados Netbox\\Site institucional - Netbox\\node_modules\\drizzle-kit\\node_modules\\@esbuild\\freebsd-x64'
702 silly reify ]
703 verbose reify failed optional dependency D:\programas\Projetos de programação\Afiliados Netbox\Site institucional - Netbox\node_modules\drizzle-kit\node_modules\@esbuild\darwin-arm64
704 silly reify mark deleted [
704 silly reify   'D:\\programas\\Projetos de programação\\Afiliados Netbox\\Site institucional - Netbox\\node_modules\\drizzle-kit\\node_modules\\@esbuild\\darwin-arm64'
704 silly reify ]
705 verbose reify failed optional dependency D:\programas\Projetos de programação\Afiliados Netbox\Site institucional - Netbox\node_modules\drizzle-kit\node_modules\@esbuild\darwin-x64
706 silly reify mark deleted [
706 silly reify   'D:\\programas\\Projetos de programação\\Afiliados Netbox\\Site institucional - Netbox\\node_modules\\drizzle-kit\\node_modules\\@esbuild\\darwin-x64'
706 silly reify ]
707 verbose reify failed optional dependency D:\programas\Projetos de programação\Afiliados Netbox\Site institucional - Netbox\node_modules\drizzle-kit\node_modules\@esbuild\aix-ppc64
708 silly reify mark deleted [
708 silly reify   'D:\\programas\\Projetos de programação\\Afiliados Netbox\\Site institucional - Netbox\\node_modules\\drizzle-kit\\node_modules\\@esbuild\\aix-ppc64'
708 silly reify ]
709 verbose reify failed optional dependency D:\programas\Projetos de programação\Afiliados Netbox\Site institucional - Netbox\node_modules\drizzle-kit\node_modules\@esbuild\android-arm
710 silly reify mark deleted [
710 silly reify   'D:\\programas\\Projetos de programação\\Afiliados Netbox\\Site institucional - Netbox\\node_modules\\drizzle-kit\\node_modules\\@esbuild\\android-arm'
710 silly reify ]
711 verbose reify failed optional dependency D:\programas\Projetos de programação\Afiliados Netbox\Site institucional - Netbox\node_modules\drizzle-kit\node_modules\@esbuild\android-x64
712 silly reify mark deleted [
712 silly reify   'D:\\programas\\Projetos de programação\\Afiliados Netbox\\Site institucional - Netbox\\node_modules\\drizzle-kit\\node_modules\\@esbuild\\android-x64'
712 silly reify ]
713 verbose reify failed optional dependency D:\programas\Projetos de programação\Afiliados Netbox\Site institucional - Netbox\node_modules\drizzle-kit\node_modules\@esbuild\android-arm64
714 silly reify mark deleted [
714 silly reify   'D:\\programas\\Projetos de programação\\Afiliados Netbox\\Site institucional - Netbox\\node_modules\\drizzle-kit\\node_modules\\@esbuild\\android-arm64'
714 silly reify ]
715 timing reifyNode:node_modules/@esbuild-kit/core-utils/node_modules/@esbuild/win32-ia32 Completed in 52ms
716 timing reifyNode:node_modules/@esbuild-kit/core-utils/node_modules/@esbuild/win32-arm64 Completed in 53ms
717 timing reifyNode:node_modules/@esbuild-kit/core-utils/node_modules/@esbuild/sunos-x64 Completed in 53ms
718 timing reifyNode:node_modules/@esbuild-kit/core-utils/node_modules/@esbuild/openbsd-x64 Completed in 53ms
719 timing reifyNode:node_modules/@esbuild-kit/core-utils/node_modules/@esbuild/netbsd-x64 Completed in 53ms
720 timing reifyNode:node_modules/@esbuild-kit/core-utils/node_modules/@esbuild/linux-riscv64 Completed in 53ms
721 timing reifyNode:node_modules/@esbuild-kit/core-utils/node_modules/@esbuild/linux-x64 Completed in 53ms
722 timing reifyNode:node_modules/@esbuild-kit/core-utils/node_modules/@esbuild/linux-s390x Completed in 53ms
723 timing reifyNode:node_modules/@esbuild-kit/core-utils/node_modules/@esbuild/linux-loong64 Completed in 53ms
724 timing reifyNode:node_modules/@esbuild-kit/core-utils/node_modules/@esbuild/linux-ppc64 Completed in 53ms
725 timing reifyNode:node_modules/@esbuild-kit/core-utils/node_modules/@esbuild/linux-arm64 Completed in 53ms
726 timing reifyNode:node_modules/@esbuild-kit/core-utils/node_modules/@esbuild/linux-mips64el Completed in 53ms
727 timing reifyNode:node_modules/@esbuild-kit/core-utils/node_modules/@esbuild/linux-arm Completed in 53ms
728 timing reifyNode:node_modules/@esbuild-kit/core-utils/node_modules/@esbuild/linux-ia32 Completed in 53ms
729 timing reifyNode:node_modules/@esbuild-kit/core-utils/node_modules/@esbuild/darwin-x64 Completed in 53ms
730 timing reifyNode:node_modules/@esbuild-kit/core-utils/node_modules/@esbuild/freebsd-x64 Completed in 53ms
731 timing reifyNode:node_modules/@esbuild-kit/core-utils/node_modules/@esbuild/freebsd-arm64 Completed in 53ms
732 timing reifyNode:node_modules/@esbuild-kit/core-utils/node_modules/@esbuild/darwin-arm64 Completed in 53ms
733 timing reifyNode:node_modules/@esbuild-kit/core-utils/node_modules/@esbuild/android-x64 Completed in 53ms
734 timing reifyNode:node_modules/@esbuild-kit/core-utils/node_modules/@esbuild/android-arm64 Completed in 53ms
735 timing reifyNode:node_modules/@esbuild-kit/core-utils/node_modules/@esbuild/android-arm Completed in 53ms
736 timing reifyNode:node_modules/@unrs/resolver-binding-win32-ia32-msvc Completed in 53ms
737 timing reifyNode:node_modules/@unrs/resolver-binding-win32-arm64-msvc Completed in 53ms
738 timing reifyNode:node_modules/@unrs/resolver-binding-wasm32-wasi Completed in 53ms
739 timing reifyNode:node_modules/@unrs/resolver-binding-linux-x64-musl Completed in 53ms
740 timing reifyNode:node_modules/@unrs/resolver-binding-linux-s390x-gnu Completed in 53ms
741 timing reifyNode:node_modules/@unrs/resolver-binding-linux-x64-gnu Completed in 54ms
742 timing reifyNode:node_modules/@unrs/resolver-binding-linux-riscv64-musl Completed in 54ms
743 timing reifyNode:node_modules/@unrs/resolver-binding-linux-riscv64-gnu Completed in 54ms
744 timing reifyNode:node_modules/@unrs/resolver-binding-linux-ppc64-gnu Completed in 54ms
745 timing reifyNode:node_modules/@unrs/resolver-binding-linux-arm64-musl Completed in 54ms
746 timing reifyNode:node_modules/@unrs/resolver-binding-linux-arm64-gnu Completed in 54ms
747 timing reifyNode:node_modules/@unrs/resolver-binding-linux-arm-musleabihf Completed in 54ms
748 timing reifyNode:node_modules/@unrs/resolver-binding-linux-arm-gnueabihf Completed in 54ms
749 timing reifyNode:node_modules/@unrs/resolver-binding-freebsd-x64 Completed in 53ms
750 timing reifyNode:node_modules/@unrs/resolver-binding-darwin-x64 Completed in 53ms
751 timing reifyNode:node_modules/@unrs/resolver-binding-darwin-arm64 Completed in 53ms
752 timing reifyNode:node_modules/@unrs/resolver-binding-android-arm-eabi Completed in 53ms
753 timing reifyNode:node_modules/@unrs/resolver-binding-android-arm64 Completed in 53ms
754 timing reifyNode:node_modules/@tailwindcss/oxide-win32-arm64-msvc Completed in 53ms
755 timing reifyNode:node_modules/@tailwindcss/oxide-linux-x64-musl Completed in 53ms
756 timing reifyNode:node_modules/@tailwindcss/oxide-linux-x64-gnu Completed in 53ms
757 timing reifyNode:node_modules/@tailwindcss/oxide-linux-arm64-musl Completed in 53ms
758 timing reifyNode:node_modules/@tailwindcss/oxide-linux-arm64-gnu Completed in 53ms
759 timing reifyNode:node_modules/@tailwindcss/oxide-freebsd-x64 Completed in 53ms
760 timing reifyNode:node_modules/@tailwindcss/oxide-linux-arm-gnueabihf Completed in 53ms
761 timing reifyNode:node_modules/@tailwindcss/oxide-android-arm64 Completed in 53ms
762 timing reifyNode:node_modules/@tailwindcss/oxide-darwin-x64 Completed in 54ms
763 timing reifyNode:node_modules/@tailwindcss/oxide-darwin-arm64 Completed in 54ms
764 timing reifyNode:node_modules/@rolldown/binding-linux-x64-musl Completed in 53ms
765 timing reifyNode:node_modules/@rolldown/binding-openharmony-arm64 Completed in 53ms
766 timing reifyNode:node_modules/@rolldown/binding-win32-arm64-msvc Completed in 53ms
767 timing reifyNode:node_modules/@rolldown/binding-wasm32-wasi Completed in 53ms
768 timing reifyNode:node_modules/@rolldown/binding-linux-s390x-gnu Completed in 53ms
769 timing reifyNode:node_modules/@rolldown/binding-linux-x64-gnu Completed in 53ms
770 timing reifyNode:node_modules/@rolldown/binding-linux-ppc64-gnu Completed in 53ms
771 timing reifyNode:node_modules/@rolldown/binding-linux-arm64-gnu Completed in 53ms
772 timing reifyNode:node_modules/@rolldown/binding-linux-arm64-musl Completed in 53ms
773 timing reifyNode:node_modules/@rolldown/binding-linux-arm-gnueabihf Completed in 53ms
774 timing reifyNode:node_modules/@rolldown/binding-freebsd-x64 Completed in 53ms
775 timing reifyNode:node_modules/@rolldown/binding-darwin-x64 Completed in 53ms
776 timing reifyNode:node_modules/@rolldown/binding-darwin-arm64 Completed in 53ms
777 timing reifyNode:node_modules/@rolldown/binding-android-arm64 Completed in 53ms
778 timing reifyNode:node_modules/@next/swc-linux-arm64-musl Completed in 53ms
779 timing reifyNode:node_modules/@next/swc-win32-arm64-msvc Completed in 53ms
780 timing reifyNode:node_modules/@next/swc-linux-x64-musl Completed in 53ms
781 timing reifyNode:node_modules/@next/swc-linux-arm64-gnu Completed in 54ms
782 timing reifyNode:node_modules/@next/swc-linux-x64-gnu Completed in 54ms
783 timing reifyNode:node_modules/@next/swc-darwin-arm64 Completed in 54ms
784 timing reifyNode:node_modules/@next/swc-darwin-x64 Completed in 54ms
785 timing reifyNode:node_modules/@img/sharp-win32-arm64 Completed in 54ms
786 timing reifyNode:node_modules/@img/sharp-win32-ia32 Completed in 54ms
787 timing reifyNode:node_modules/@img/sharp-wasm32 Completed in 54ms
788 timing reifyNode:node_modules/@img/sharp-linuxmusl-x64 Completed in 54ms
789 timing reifyNode:node_modules/@img/sharp-linux-x64 Completed in 54ms
790 timing reifyNode:node_modules/@img/sharp-linux-s390x Completed in 54ms
791 timing reifyNode:node_modules/@img/sharp-linuxmusl-arm64 Completed in 54ms
792 timing reifyNode:node_modules/@img/sharp-linux-arm64 Completed in 54ms
793 timing reifyNode:node_modules/@img/sharp-linux-arm Completed in 53ms
794 timing reifyNode:node_modules/@img/sharp-linux-ppc64 Completed in 53ms
795 timing reifyNode:node_modules/@img/sharp-linux-riscv64 Completed in 53ms
796 timing reifyNode:node_modules/@img/sharp-libvips-linuxmusl-x64 Completed in 53ms
797 timing reifyNode:node_modules/@img/sharp-libvips-linuxmusl-arm64 Completed in 53ms
798 timing reifyNode:node_modules/@img/sharp-libvips-linux-x64 Completed in 53ms
799 timing reifyNode:node_modules/@img/sharp-libvips-linux-arm64 Completed in 53ms
800 timing reifyNode:node_modules/@img/sharp-libvips-linux-riscv64 Completed in 54ms
801 timing reifyNode:node_modules/@img/sharp-libvips-linux-s390x Completed in 54ms
802 timing reifyNode:node_modules/@img/sharp-libvips-linux-ppc64 Completed in 54ms
803 timing reifyNode:node_modules/@img/sharp-libvips-linux-arm Completed in 54ms
804 timing reifyNode:node_modules/@img/sharp-libvips-darwin-x64 Completed in 54ms
805 timing reifyNode:node_modules/@img/sharp-libvips-darwin-arm64 Completed in 54ms
806 timing reifyNode:node_modules/@img/sharp-darwin-x64 Completed in 54ms
807 timing reifyNode:node_modules/@img/sharp-darwin-arm64 Completed in 54ms
808 timing reifyNode:node_modules/@esbuild/win32-ia32 Completed in 54ms
809 timing reifyNode:node_modules/@esbuild/win32-arm64 Completed in 54ms
810 timing reifyNode:node_modules/@esbuild/openharmony-arm64 Completed in 54ms
811 timing reifyNode:node_modules/@esbuild/sunos-x64 Completed in 54ms
812 timing reifyNode:node_modules/@esbuild/openbsd-x64 Completed in 54ms
813 timing reifyNode:node_modules/@esbuild/openbsd-arm64 Completed in 54ms
814 timing reifyNode:node_modules/@esbuild/netbsd-arm64 Completed in 54ms
815 timing reifyNode:node_modules/@esbuild/netbsd-x64 Completed in 54ms
816 timing reifyNode:node_modules/@esbuild/linux-s390x Completed in 54ms
817 timing reifyNode:node_modules/@esbuild/linux-x64 Completed in 54ms
818 timing reifyNode:node_modules/@esbuild/linux-riscv64 Completed in 54ms
819 timing reifyNode:node_modules/@esbuild/linux-mips64el Completed in 54ms
820 timing reifyNode:node_modules/@esbuild/linux-ppc64 Completed in 55ms
821 timing reifyNode:node_modules/@esbuild/linux-loong64 Completed in 55ms
822 timing reifyNode:node_modules/@esbuild/linux-ia32 Completed in 55ms
823 timing reifyNode:node_modules/@esbuild/linux-arm64 Completed in 55ms
824 timing reifyNode:node_modules/@esbuild/linux-arm Completed in 55ms
825 timing reifyNode:node_modules/@esbuild/freebsd-arm64 Completed in 55ms
826 timing reifyNode:node_modules/@esbuild/freebsd-x64 Completed in 55ms
827 timing reifyNode:node_modules/@esbuild/darwin-x64 Completed in 55ms
828 timing reifyNode:node_modules/@esbuild/darwin-arm64 Completed in 55ms
829 timing reifyNode:node_modules/@esbuild/android-arm Completed in 55ms
830 timing reifyNode:node_modules/@esbuild/android-x64 Completed in 55ms
831 timing reifyNode:node_modules/@esbuild/aix-ppc64 Completed in 55ms
832 timing reifyNode:node_modules/@esbuild/android-arm64 Completed in 55ms
833 timing reifyNode:node_modules/@cloudflare/workerd-linux-64 Completed in 55ms
834 timing reifyNode:node_modules/@cloudflare/workerd-linux-arm64 Completed in 54ms
835 timing reifyNode:node_modules/@cloudflare/workerd-darwin-64 Completed in 54ms
836 timing reifyNode:node_modules/@cloudflare/workerd-darwin-arm64 Completed in 54ms
837 timing reifyNode:node_modules/wrangler/node_modules/@esbuild/win32-ia32 Completed in 54ms
838 timing reifyNode:node_modules/wrangler/node_modules/@esbuild/win32-arm64 Completed in 54ms
839 timing reifyNode:node_modules/wrangler/node_modules/@esbuild/sunos-x64 Completed in 55ms
840 timing reifyNode:node_modules/wrangler/node_modules/@esbuild/openbsd-arm64 Completed in 55ms
841 timing reifyNode:node_modules/wrangler/node_modules/@esbuild/openharmony-arm64 Completed in 55ms
842 timing reifyNode:node_modules/wrangler/node_modules/@esbuild/openbsd-x64 Completed in 55ms
843 timing reifyNode:node_modules/wrangler/node_modules/@esbuild/netbsd-x64 Completed in 55ms
844 timing reifyNode:node_modules/wrangler/node_modules/@esbuild/netbsd-arm64 Completed in 55ms
845 timing reifyNode:node_modules/wrangler/node_modules/@esbuild/linux-s390x Completed in 55ms
846 timing reifyNode:node_modules/wrangler/node_modules/@esbuild/linux-riscv64 Completed in 55ms
847 timing reifyNode:node_modules/wrangler/node_modules/@esbuild/linux-ppc64 Completed in 55ms
848 timing reifyNode:node_modules/wrangler/node_modules/@esbuild/linux-x64 Completed in 55ms
849 timing reifyNode:node_modules/wrangler/node_modules/@esbuild/linux-mips64el Completed in 55ms
850 timing reifyNode:node_modules/wrangler/node_modules/@esbuild/linux-loong64 Completed in 55ms
851 timing reifyNode:node_modules/wrangler/node_modules/@esbuild/linux-ia32 Completed in 55ms
852 timing reifyNode:node_modules/wrangler/node_modules/@esbuild/linux-arm64 Completed in 55ms
853 timing reifyNode:node_modules/wrangler/node_modules/@esbuild/linux-arm Completed in 55ms
854 timing reifyNode:node_modules/wrangler/node_modules/@esbuild/freebsd-arm64 Completed in 55ms
855 timing reifyNode:node_modules/wrangler/node_modules/@esbuild/freebsd-x64 Completed in 55ms
856 timing reifyNode:node_modules/wrangler/node_modules/@esbuild/darwin-arm64 Completed in 55ms
857 timing reifyNode:node_modules/wrangler/node_modules/@esbuild/darwin-x64 Completed in 55ms
858 timing reifyNode:node_modules/wrangler/node_modules/@esbuild/android-x64 Completed in 55ms
859 timing reifyNode:node_modules/wrangler/node_modules/@esbuild/android-arm Completed in 55ms
860 timing reifyNode:node_modules/wrangler/node_modules/@esbuild/android-arm64 Completed in 55ms
861 timing reifyNode:node_modules/wrangler/node_modules/@esbuild/aix-ppc64 Completed in 55ms
862 timing reifyNode:node_modules/vite/node_modules/lightningcss-win32-arm64-msvc Completed in 55ms
863 timing reifyNode:node_modules/vite/node_modules/lightningcss-linux-x64-musl Completed in 55ms
864 timing reifyNode:node_modules/vite/node_modules/lightningcss-linux-arm64-musl Completed in 55ms
865 timing reifyNode:node_modules/vite/node_modules/lightningcss-linux-x64-gnu Completed in 55ms
866 timing reifyNode:node_modules/vite/node_modules/lightningcss-linux-arm-gnueabihf Completed in 55ms
867 timing reifyNode:node_modules/vite/node_modules/lightningcss-freebsd-x64 Completed in 55ms
868 timing reifyNode:node_modules/vite/node_modules/lightningcss-linux-arm64-gnu Completed in 55ms
869 timing reifyNode:node_modules/vite/node_modules/lightningcss-darwin-x64 Completed in 55ms
870 timing reifyNode:node_modules/vite/node_modules/lightningcss-darwin-arm64 Completed in 55ms
871 timing reifyNode:node_modules/vite/node_modules/lightningcss-android-arm64 Completed in 54ms
872 timing reifyNode:node_modules/lightningcss-linux-x64-musl Completed in 54ms
873 timing reifyNode:node_modules/lightningcss-linux-x64-gnu Completed in 54ms
874 timing reifyNode:node_modules/lightningcss-win32-arm64-msvc Completed in 53ms
875 timing reifyNode:node_modules/lightningcss-linux-arm64-gnu Completed in 53ms
876 timing reifyNode:node_modules/lightningcss-linux-arm64-musl Completed in 53ms
877 timing reifyNode:node_modules/lightningcss-darwin-arm64 Completed in 53ms
878 timing reifyNode:node_modules/lightningcss-linux-arm-gnueabihf Completed in 53ms
879 timing reifyNode:node_modules/lightningcss-freebsd-x64 Completed in 53ms
880 timing reifyNode:node_modules/lightningcss-darwin-x64 Completed in 53ms
881 timing reifyNode:node_modules/lightningcss-android-arm64 Completed in 54ms
882 timing reifyNode:node_modules/fsevents Completed in 54ms
883 timing reifyNode:node_modules/drizzle-kit/node_modules/@esbuild/win32-ia32 Completed in 54ms
884 timing reifyNode:node_modules/drizzle-kit/node_modules/@esbuild/sunos-x64 Completed in 54ms
885 timing reifyNode:node_modules/drizzle-kit/node_modules/@esbuild/openharmony-arm64 Completed in 54ms
886 timing reifyNode:node_modules/drizzle-kit/node_modules/@esbuild/win32-arm64 Completed in 54ms
887 timing reifyNode:node_modules/drizzle-kit/node_modules/@esbuild/netbsd-x64 Completed in 54ms
888 timing reifyNode:node_modules/drizzle-kit/node_modules/@esbuild/openbsd-x64 Completed in 54ms
889 timing reifyNode:node_modules/drizzle-kit/node_modules/@esbuild/openbsd-arm64 Completed in 54ms
890 timing reifyNode:node_modules/drizzle-kit/node_modules/@esbuild/netbsd-arm64 Completed in 54ms
891 timing reifyNode:node_modules/drizzle-kit/node_modules/@esbuild/linux-x64 Completed in 54ms
892 timing reifyNode:node_modules/drizzle-kit/node_modules/@esbuild/linux-s390x Completed in 54ms
893 timing reifyNode:node_modules/drizzle-kit/node_modules/@esbuild/linux-ppc64 Completed in 54ms
894 timing reifyNode:node_modules/drizzle-kit/node_modules/@esbuild/linux-riscv64 Completed in 54ms
895 timing reifyNode:node_modules/drizzle-kit/node_modules/@esbuild/linux-mips64el Completed in 54ms
896 timing reifyNode:node_modules/drizzle-kit/node_modules/@esbuild/linux-arm64 Completed in 53ms
897 timing reifyNode:node_modules/drizzle-kit/node_modules/@esbuild/linux-arm Completed in 53ms
898 timing reifyNode:node_modules/drizzle-kit/node_modules/@esbuild/linux-ia32 Completed in 53ms
899 timing reifyNode:node_modules/drizzle-kit/node_modules/@esbuild/linux-loong64 Completed in 53ms
900 timing reifyNode:node_modules/drizzle-kit/node_modules/@esbuild/freebsd-arm64 Completed in 53ms
901 timing reifyNode:node_modules/drizzle-kit/node_modules/@esbuild/freebsd-x64 Completed in 53ms
902 timing reifyNode:node_modules/drizzle-kit/node_modules/@esbuild/darwin-arm64 Completed in 53ms
903 timing reifyNode:node_modules/drizzle-kit/node_modules/@esbuild/darwin-x64 Completed in 53ms
904 timing reifyNode:node_modules/drizzle-kit/node_modules/@esbuild/aix-ppc64 Completed in 53ms
905 timing reifyNode:node_modules/drizzle-kit/node_modules/@esbuild/android-arm Completed in 54ms
906 timing reifyNode:node_modules/drizzle-kit/node_modules/@esbuild/android-x64 Completed in 54ms
907 timing reifyNode:node_modules/drizzle-kit/node_modules/@esbuild/android-arm64 Completed in 54ms
908 silly tarball no local data for @vercel/og@https://registry.npmjs.org/@vercel/og/-/og-0.8.6.tgz. Extracting by manifest.
909 silly tarball no local data for @vitejs/plugin-react@https://registry.npmjs.org/@vitejs/plugin-react/-/plugin-react-6.0.2.tgz. Extracting by manifest.
910 silly tarball no local data for @vitejs/plugin-rsc@https://registry.npmjs.org/@vitejs/plugin-rsc/-/plugin-rsc-0.5.26.tgz. Extracting by manifest.
911 silly tarball no local data for @typescript-eslint/visitor-keys@https://registry.npmjs.org/@typescript-eslint/visitor-keys/-/visitor-keys-8.59.3.tgz. Extracting by manifest.
912 silly tarball no local data for @typescript-eslint/utils@https://registry.npmjs.org/@typescript-eslint/utils/-/utils-8.59.3.tgz. Extracting by manifest.
913 silly tarball no local data for @typescript-eslint/types@https://registry.npmjs.org/@typescript-eslint/types/-/types-8.59.3.tgz. Extracting by manifest.
914 silly tarball no local data for @typescript-eslint/typescript-estree@https://registry.npmjs.org/@typescript-eslint/typescript-estree/-/typescript-estree-8.59.3.tgz. Extracting by manifest.
915 silly tarball no local data for @typescript-eslint/scope-manager@https://registry.npmjs.org/@typescript-eslint/scope-manager/-/scope-manager-8.59.3.tgz. Extracting by manifest.
916 silly tarball no local data for @typescript-eslint/type-utils@https://registry.npmjs.org/@typescript-eslint/type-utils/-/type-utils-8.59.3.tgz. Extracting by manifest.
917 silly tarball no local data for @types/node@https://registry.npmjs.org/@types/node/-/node-22.19.19.tgz. Extracting by manifest.
918 silly tarball no local data for @typescript-eslint/tsconfig-utils@https://registry.npmjs.org/@typescript-eslint/tsconfig-utils/-/tsconfig-utils-8.59.3.tgz. Extracting by manifest.
919 silly tarball no local data for @typescript-eslint/eslint-plugin@https://registry.npmjs.org/@typescript-eslint/eslint-plugin/-/eslint-plugin-8.59.3.tgz. Extracting by manifest.
920 silly tarball no local data for @typescript-eslint/parser@https://registry.npmjs.org/@typescript-eslint/parser/-/parser-8.59.3.tgz. Extracting by manifest.
921 silly tarball no local data for @typescript-eslint/project-service@https://registry.npmjs.org/@typescript-eslint/project-service/-/project-service-8.59.3.tgz. Extracting by manifest.
922 silly tarball no local data for @unpic/core@https://registry.npmjs.org/@unpic/core/-/core-1.0.3.tgz. Extracting by manifest.
923 silly tarball no local data for @unpic/react@https://registry.npmjs.org/@unpic/react/-/react-1.0.2.tgz. Extracting by manifest.
924 silly tarball no local data for @tailwindcss/postcss@https://registry.npmjs.org/@tailwindcss/postcss/-/postcss-4.2.1.tgz. Extracting by manifest.
925 silly tarball no local data for @tailwindcss/oxide-win32-x64-msvc@https://registry.npmjs.org/@tailwindcss/oxide-win32-x64-msvc/-/oxide-win32-x64-msvc-4.2.1.tgz. Extracting by manifest.
926 silly tarball no local data for @tailwindcss/node@https://registry.npmjs.org/@tailwindcss/node/-/node-4.2.1.tgz. Extracting by manifest.
927 silly tarball no local data for @tailwindcss/oxide@https://registry.npmjs.org/@tailwindcss/oxide/-/oxide-4.2.1.tgz. Extracting by manifest.
928 silly tarball no local data for @speed-highlight/core@https://registry.npmjs.org/@speed-highlight/core/-/core-1.2.15.tgz. Extracting by manifest.
929 silly tarball no local data for @sindresorhus/is@https://registry.npmjs.org/@sindresorhus/is/-/is-7.2.0.tgz. Extracting by manifest.
930 silly tarball no local data for @shuding/opentype.js@https://registry.npmjs.org/@shuding/opentype.js/-/opentype.js-1.4.0-beta.0.tgz. Extracting by manifest.
931 silly tarball no local data for @rolldown/binding-win32-x64-msvc@https://registry.npmjs.org/@rolldown/binding-win32-x64-msvc/-/binding-win32-x64-msvc-1.0.1.tgz. Extracting by manifest.
932 silly tarball no local data for @rolldown/pluginutils@https://registry.npmjs.org/@rolldown/pluginutils/-/pluginutils-1.0.1.tgz. Extracting by manifest.
933 silly tarball no local data for @resvg/resvg-wasm@https://registry.npmjs.org/@resvg/resvg-wasm/-/resvg-wasm-2.4.0.tgz. Extracting by manifest.
934 silly tarball no local data for @oxc-project/types@https://registry.npmjs.org/@oxc-project/types/-/types-0.130.0.tgz. Extracting by manifest.
935 silly tarball no local data for @poppinss/exception@https://registry.npmjs.org/@poppinss/exception/-/exception-1.2.3.tgz. Extracting by manifest.
936 silly tarball no local data for @poppinss/colors@https://registry.npmjs.org/@poppinss/colors/-/colors-4.1.6.tgz. Extracting by manifest.
937 silly tarball no local data for @poppinss/dumper@https://registry.npmjs.org/@poppinss/dumper/-/dumper-0.6.5.tgz. Extracting by manifest.
938 silly tarball no local data for @next/env@https://registry.npmjs.org/@next/env/-/env-16.2.6.tgz. Extracting by manifest.
939 silly tarball no local data for @cspotcode/source-map-support@https://registry.npmjs.org/@cspotcode/source-map-support/-/source-map-support-0.8.1.tgz. Extracting by manifest.
940 silly tarball no local data for @next/eslint-plugin-next@https://registry.npmjs.org/@next/eslint-plugin-next/-/eslint-plugin-next-16.2.6.tgz. Extracting by manifest.
941 silly tarball no local data for @next/swc-win32-x64-msvc@https://registry.npmjs.org/@next/swc-win32-x64-msvc/-/swc-win32-x64-msvc-16.2.6.tgz. Extracting by manifest.
942 silly tarball no local data for @babel/parser@https://registry.npmjs.org/@babel/parser/-/parser-7.29.3.tgz. Extracting by manifest.
943 silly tarball no local data for @cloudflare/vite-plugin@https://registry.npmjs.org/@cloudflare/vite-plugin/-/vite-plugin-1.37.1.tgz. Extracting by manifest.
944 silly tarball no local data for @cloudflare/unenv-preset@https://registry.npmjs.org/@cloudflare/unenv-preset/-/unenv-preset-2.16.1.tgz. Extracting by manifest.
945 silly tarball no local data for youch-core@https://registry.npmjs.org/youch-core/-/youch-core-0.3.3.tgz. Extracting by manifest.
946 silly tarball no local data for @cloudflare/kv-asset-handler@https://registry.npmjs.org/@cloudflare/kv-asset-handler/-/kv-asset-handler-0.5.0.tgz. Extracting by manifest.
947 silly tarball no local data for yoga-layout@https://registry.npmjs.org/yoga-layout/-/yoga-layout-3.2.1.tgz. Extracting by manifest.
948 silly tarball no local data for youch@https://registry.npmjs.org/youch/-/youch-4.1.0-beta.10.tgz. Extracting by manifest.
949 silly tarball no local data for ws@https://registry.npmjs.org/ws/-/ws-8.18.0.tgz. Extracting by manifest.
950 silly tarball no local data for @cloudflare/workerd-windows-64@https://registry.npmjs.org/@cloudflare/workerd-windows-64/-/workerd-windows-64-1.20260515.1.tgz. Extracting by manifest.
951 silly tarball no local data for wrangler@https://registry.npmjs.org/wrangler/-/wrangler-4.92.0.tgz. Extracting by manifest.
952 silly tarball no local data for which@https://registry.npmjs.org/which/-/which-2.0.2.tgz. Extracting by manifest.
953 silly tarball no local data for workerd@https://registry.npmjs.org/workerd/-/workerd-1.20260515.1.tgz. Extracting by manifest.
954 silly tarball no local data for web-vitals@https://registry.npmjs.org/web-vitals/-/web-vitals-4.2.4.tgz. Extracting by manifest.
955 silly tarball no local data for webpack@https://registry.npmjs.org/webpack/-/webpack-5.106.2.tgz. Extracting by manifest.
956 silly tarball no local data for webpack-sources@https://registry.npmjs.org/webpack-sources/-/webpack-sources-3.4.1.tgz. Extracting by manifest.
957 silly tarball no local data for watchpack@https://registry.npmjs.org/watchpack/-/watchpack-2.5.1.tgz. Extracting by manifest.
958 silly tarball no local data for vite-plugin-commonjs@https://registry.npmjs.org/vite-plugin-commonjs/-/vite-plugin-commonjs-0.10.4.tgz. Extracting by manifest.
959 silly tarball no local data for vinext@https://registry.npmjs.org/vinext/-/vinext-0.0.50.tgz. Extracting by manifest.
960 silly tarball no local data for vite-plugin-dynamic-import@https://registry.npmjs.org/vite-plugin-dynamic-import/-/vite-plugin-dynamic-import-1.6.0.tgz. Extracting by manifest.
961 silly tarball no local data for vite-tsconfig-paths@https://registry.npmjs.org/vite-tsconfig-paths/-/vite-tsconfig-paths-6.1.1.tgz. Extracting by manifest.
962 silly tarball no local data for vite@https://registry.npmjs.org/vite/-/vite-8.0.13.tgz. Extracting by manifest.
963 silly tarball no local data for vitefu@https://registry.npmjs.org/vitefu/-/vitefu-1.1.3.tgz. Extracting by manifest.
964 silly tarball no local data for unpic@https://registry.npmjs.org/unpic/-/unpic-4.2.2.tgz. Extracting by manifest.
965 silly tarball no local data for unicode-trie@https://registry.npmjs.org/unicode-trie/-/unicode-trie-2.0.0.tgz. Extracting by manifest.
966 silly tarball no local data for unenv@https://registry.npmjs.org/unenv/-/unenv-2.0.0-rc.24.tgz. Extracting by manifest.
967 silly tarball no local data for update-browserslist-db@https://registry.npmjs.org/update-browserslist-db/-/update-browserslist-db-1.2.3.tgz. Extracting by manifest.
968 silly tarball no local data for typescript@https://registry.npmjs.org/typescript/-/typescript-5.9.3.tgz. Extracting by manifest.
969 silly tarball no local data for turbo-stream@https://registry.npmjs.org/turbo-stream/-/turbo-stream-3.2.0.tgz. Extracting by manifest.
970 silly tarball no local data for typescript-eslint@https://registry.npmjs.org/typescript-eslint/-/typescript-eslint-8.59.3.tgz. Extracting by manifest.
971 silly tarball no local data for undici@https://registry.npmjs.org/undici/-/undici-7.24.8.tgz. Extracting by manifest.
972 silly tarball no local data for tsx@https://registry.npmjs.org/tsx/-/tsx-4.22.1.tgz. Extracting by manifest.
973 silly tarball no local data for tsconfck@https://registry.npmjs.org/tsconfck/-/tsconfck-3.1.6.tgz. Extracting by manifest.
974 silly tarball no local data for terser@https://registry.npmjs.org/terser/-/terser-5.47.1.tgz. Extracting by manifest.
975 silly tarball no local data for tiny-inflate@https://registry.npmjs.org/tiny-inflate/-/tiny-inflate-1.0.3.tgz. Extracting by manifest.
976 silly tarball no local data for tailwindcss@https://registry.npmjs.org/tailwindcss/-/tailwindcss-4.2.1.tgz. Extracting by manifest.
977 silly tarball no local data for terser-webpack-plugin@https://registry.npmjs.org/terser-webpack-plugin/-/terser-webpack-plugin-5.6.0.tgz. Extracting by manifest.
978 silly tarball no local data for strip-literal@https://registry.npmjs.org/strip-literal/-/strip-literal-3.1.0.tgz. Extracting by manifest.
979 silly tarball no local data for string.prototype.codepointat@https://registry.npmjs.org/string.prototype.codepointat/-/string.prototype.codepointat-0.2.1.tgz. Extracting by manifest.
980 silly tarball no local data for srvx@https://registry.npmjs.org/srvx/-/srvx-0.11.15.tgz. Extracting by manifest.
981 silly tarball no local data for semver@https://registry.npmjs.org/semver/-/semver-6.3.1.tgz. Extracting by manifest.
982 silly tarball no local data for schema-utils@https://registry.npmjs.org/schema-utils/-/schema-utils-4.3.3.tgz. Extracting by manifest.
983 silly tarball no local data for satori@https://registry.npmjs.org/satori/-/satori-0.16.0.tgz. Extracting by manifest.
984 silly tarball no local data for resolve@https://registry.npmjs.org/resolve/-/resolve-2.0.0-next.7.tgz. Extracting by manifest.
985 silly tarball no local data for rolldown@https://registry.npmjs.org/rolldown/-/rolldown-1.0.1.tgz. Extracting by manifest.
986 silly tarball no local data for pako@https://registry.npmjs.org/pako/-/pako-0.2.9.tgz. Extracting by manifest.
987 silly tarball no local data for parse-css-color@https://registry.npmjs.org/parse-css-color/-/parse-css-color-0.2.1.tgz. Extracting by manifest.
988 silly tarball no local data for react-server-dom-webpack@https://registry.npmjs.org/react-server-dom-webpack/-/react-server-dom-webpack-19.2.6.tgz. Extracting by manifest.
989 silly tarball no local data for node-releases@https://registry.npmjs.org/node-releases/-/node-releases-2.0.44.tgz. Extracting by manifest.
990 silly tarball no local data for next@https://registry.npmjs.org/next/-/next-16.2.6.tgz. Extracting by manifest.
991 silly tarball no local data for nanoid@https://registry.npmjs.org/nanoid/-/nanoid-3.3.12.tgz. Extracting by manifest.
992 silly tarball no local data for napi-postinstall@https://registry.npmjs.org/napi-postinstall/-/napi-postinstall-0.3.4.tgz. Extracting by manifest.
993 silly tarball no local data for loose-envify@https://registry.npmjs.org/loose-envify/-/loose-envify-1.4.0.tgz. Extracting by manifest.
994 silly tarball no local data for miniflare@https://registry.npmjs.org/miniflare/-/miniflare-4.20260515.0.tgz. Extracting by manifest.
995 silly tarball no local data for loader-runner@https://registry.npmjs.org/loader-runner/-/loader-runner-4.3.2.tgz. Extracting by manifest.
996 silly tarball no local data for lightningcss@https://registry.npmjs.org/lightningcss/-/lightningcss-1.31.1.tgz. Extracting by manifest.
997 silly tarball no local data for jsesc@https://registry.npmjs.org/jsesc/-/jsesc-3.1.0.tgz. Extracting by manifest.
998 silly tarball no local data for linebreak@https://registry.npmjs.org/linebreak/-/linebreak-1.1.0.tgz. Extracting by manifest.
999 silly tarball no local data for lightningcss-win32-x64-msvc@https://registry.npmjs.org/lightningcss-win32-x64-msvc/-/lightningcss-win32-x64-msvc-1.31.1.tgz. Extracting by manifest.
1000 silly tarball no local data for json5@https://registry.npmjs.org/json5/-/json5-2.2.3.tgz. Extracting by manifest.
1001 silly tarball no local data for jiti@https://registry.npmjs.org/jiti/-/jiti-2.7.0.tgz. Extracting by manifest.
1002 silly tarball no local data for image-size@https://registry.npmjs.org/image-size/-/image-size-2.0.2.tgz. Extracting by manifest.
1003 silly tarball no local data for ipaddr.js@https://registry.npmjs.org/ipaddr.js/-/ipaddr.js-2.4.0.tgz. Extracting by manifest.
1004 silly tarball no local data for hex-rgb@https://registry.npmjs.org/hex-rgb/-/hex-rgb-4.3.0.tgz. Extracting by manifest.
1005 silly tarball no local data for js-yaml@https://registry.npmjs.org/js-yaml/-/js-yaml-4.1.1.tgz. Extracting by manifest.
1006 silly tarball no local data for fflate@https://registry.npmjs.org/fflate/-/fflate-0.7.4.tgz. Extracting by manifest.
1007 silly tarball no local data for globrex@https://registry.npmjs.org/globrex/-/globrex-0.1.2.tgz. Extracting by manifest.
1008 silly tarball no local data for eslint@https://registry.npmjs.org/eslint/-/eslint-9.39.4.tgz. Extracting by manifest.
1009 silly tarball no local data for esbuild@https://registry.npmjs.org/esbuild/-/esbuild-0.28.0.tgz. Extracting by manifest.
1010 silly tarball no local data for emoji-regex-xs@https://registry.npmjs.org/emoji-regex-xs/-/emoji-regex-xs-2.0.1.tgz. Extracting by manifest.
1011 silly tarball no local data for estree-walker@https://registry.npmjs.org/estree-walker/-/estree-walker-3.0.3.tgz. Extracting by manifest.
1012 silly tarball no local data for eslint-config-next@https://registry.npmjs.org/eslint-config-next/-/eslint-config-next-16.2.6.tgz. Extracting by manifest.
1013 silly tarball no local data for es-module-lexer@https://registry.npmjs.org/es-module-lexer/-/es-module-lexer-2.1.0.tgz. Extracting by manifest.
1014 silly tarball no local data for error-stack-parser-es@https://registry.npmjs.org/error-stack-parser-es/-/error-stack-parser-es-1.0.5.tgz. Extracting by manifest.
1015 silly tarball no local data for enhanced-resolve@https://registry.npmjs.org/enhanced-resolve/-/enhanced-resolve-5.21.3.tgz. Extracting by manifest.
1016 silly tarball no local data for css-gradient-parser@https://registry.npmjs.org/css-gradient-parser/-/css-gradient-parser-0.0.16.tgz. Extracting by manifest.
1017 silly tarball no local data for drizzle-kit@https://registry.npmjs.org/drizzle-kit/-/drizzle-kit-0.31.10.tgz. Extracting by manifest.
1018 silly tarball no local data for electron-to-chromium@https://registry.npmjs.org/electron-to-chromium/-/electron-to-chromium-1.5.358.tgz. Extracting by manifest.
1019 silly tarball no local data for css-box-shadow@https://registry.npmjs.org/css-box-shadow/-/css-box-shadow-1.0.0-3.tgz. Extracting by manifest.
1020 silly tarball no local data for css-background-parser@https://registry.npmjs.org/css-background-parser/-/css-background-parser-0.1.0.tgz. Extracting by manifest.
1021 silly tarball no local data for browserslist@https://registry.npmjs.org/browserslist/-/browserslist-4.28.2.tgz. Extracting by manifest.
1022 silly tarball no local data for drizzle-orm@https://registry.npmjs.org/drizzle-orm/-/drizzle-orm-0.45.2.tgz. Extracting by manifest.
1023 silly tarball no local data for caniuse-lite@https://registry.npmjs.org/caniuse-lite/-/caniuse-lite-1.0.30001793.tgz. Extracting by manifest.
1024 silly tarball no local data for baseline-browser-mapping@https://registry.npmjs.org/baseline-browser-mapping/-/baseline-browser-mapping-2.10.30.tgz. Extracting by manifest.
1025 silly tarball no local data for blake3-wasm@https://registry.npmjs.org/blake3-wasm/-/blake3-wasm-2.1.5.tgz. Extracting by manifest.
1026 silly tarball no local data for acorn-import-phases@https://registry.npmjs.org/acorn-import-phases/-/acorn-import-phases-1.0.4.tgz. Extracting by manifest.
1027 silly tarball no local data for acorn-loose@https://registry.npmjs.org/acorn-loose/-/acorn-loose-8.5.2.tgz. Extracting by manifest.
1028 silly tarball no local data for base64-js@https://registry.npmjs.org/base64-js/-/base64-js-0.0.8.tgz. Extracting by manifest.
1029 silly tarball no local data for semver@https://registry.npmjs.org/semver/-/semver-7.8.0.tgz. Extracting by manifest.
1030 silly tarball no local data for semver@https://registry.npmjs.org/semver/-/semver-7.8.0.tgz. Extracting by manifest.
1031 silly tarball no local data for esbuild@https://registry.npmjs.org/esbuild/-/esbuild-0.18.20.tgz. Extracting by manifest.
1032 silly tarball no local data for acorn@https://registry.npmjs.org/acorn/-/acorn-8.16.0.tgz. Extracting by manifest.
1033 silly tarball no local data for json5@https://registry.npmjs.org/json5/-/json5-1.0.2.tgz. Extracting by manifest.
1034 silly tarball no local data for @rolldown/pluginutils@https://registry.npmjs.org/@rolldown/pluginutils/-/pluginutils-1.0.0-rc.18.tgz. Extracting by manifest.
1035 silly tarball no local data for semver@https://registry.npmjs.org/semver/-/semver-7.8.0.tgz. Extracting by manifest.
1036 silly tarball no local data for @napi-rs/wasm-runtime@https://registry.npmjs.org/@napi-rs/wasm-runtime/-/wasm-runtime-1.1.4.tgz. Extracting by manifest.
1037 silly tarball no local data for balanced-match@https://registry.npmjs.org/balanced-match/-/balanced-match-4.0.4.tgz. Extracting by manifest.
1038 silly tarball no local data for brace-expansion@https://registry.npmjs.org/brace-expansion/-/brace-expansion-5.0.6.tgz. Extracting by manifest.
1039 silly tarball no local data for minimatch@https://registry.npmjs.org/minimatch/-/minimatch-10.2.5.tgz. Extracting by manifest.
1040 silly tarball no local data for ignore@https://registry.npmjs.org/ignore/-/ignore-7.0.5.tgz. Extracting by manifest.
1041 silly tarball no local data for eslint-visitor-keys@https://registry.npmjs.org/eslint-visitor-keys/-/eslint-visitor-keys-5.0.1.tgz. Extracting by manifest.
1042 silly tarball no local data for @esbuild/win32-x64@https://registry.npmjs.org/@esbuild/win32-x64/-/win32-x64-0.27.3.tgz. Extracting by manifest.
1043 silly tarball no local data for supports-color@https://registry.npmjs.org/supports-color/-/supports-color-10.2.2.tgz. Extracting by manifest.
1044 silly tarball no local data for @jridgewell/trace-mapping@https://registry.npmjs.org/@jridgewell/trace-mapping/-/trace-mapping-0.3.9.tgz. Extracting by manifest.
1045 silly tarball no local data for glob-parent@https://registry.npmjs.org/glob-parent/-/glob-parent-5.1.2.tgz. Extracting by manifest.
1046 silly tarball no local data for estraverse@https://registry.npmjs.org/estraverse/-/estraverse-4.3.0.tgz. Extracting by manifest.
1047 silly tarball no local data for eslint-scope@https://registry.npmjs.org/eslint-scope/-/eslint-scope-5.1.1.tgz. Extracting by manifest.
1048 silly tarball no local data for esbuild@https://registry.npmjs.org/esbuild/-/esbuild-0.27.3.tgz. Extracting by manifest.
1049 silly tarball no local data for picomatch@https://registry.npmjs.org/picomatch/-/picomatch-4.0.4.tgz. Extracting by manifest.
1050 silly tarball no local data for fast-glob@https://registry.npmjs.org/fast-glob/-/fast-glob-3.3.3.tgz. Extracting by manifest.
1051 silly tarball no local data for es-module-lexer@https://registry.npmjs.org/es-module-lexer/-/es-module-lexer-1.7.0.tgz. Extracting by manifest.
1052 silly tarball no local data for postcss@https://registry.npmjs.org/postcss/-/postcss-8.4.31.tgz. Extracting by manifest.
1053 silly tarball no local data for js-tokens@https://registry.npmjs.org/js-tokens/-/js-tokens-9.0.1.tgz. Extracting by manifest.
1054 silly tarball no local data for lightningcss-win32-x64-msvc@https://registry.npmjs.org/lightningcss-win32-x64-msvc/-/lightningcss-win32-x64-msvc-1.32.0.tgz. Extracting by manifest.
1055 silly tarball no local data for ajv-keywords@https://registry.npmjs.org/ajv-keywords/-/ajv-keywords-5.1.0.tgz. Extracting by manifest.
1056 silly tarball no local data for globals@https://registry.npmjs.org/globals/-/globals-16.4.0.tgz. Extracting by manifest.
1057 silly tarball no local data for lightningcss@https://registry.npmjs.org/lightningcss/-/lightningcss-1.32.0.tgz. Extracting by manifest.
1058 silly tarball no local data for ajv@https://registry.npmjs.org/ajv/-/ajv-8.20.0.tgz. Extracting by manifest.
1059 silly tarball no local data for esbuild@https://registry.npmjs.org/esbuild/-/esbuild-0.25.12.tgz. Extracting by manifest.
1060 silly tarball no local data for json-schema-traverse@https://registry.npmjs.org/json-schema-traverse/-/json-schema-traverse-1.0.0.tgz. Extracting by manifest.
1061 silly tarball no local data for @esbuild/win32-x64@https://registry.npmjs.org/@esbuild/win32-x64/-/win32-x64-0.25.12.tgz. Extracting by manifest.
1062 http fetch POST 200 https://registry.npmjs.org/-/npm/v1/security/advisories/bulk 605ms
1063 timing auditReport:getReport Completed in 612ms
1064 silly audit report {
1064 silly audit report   '@babel/core': [
1064 silly audit report     {
1064 silly audit report       id: 1123528,
1064 silly audit report       url: 'https://github.com/advisories/GHSA-4x5r-pxfx-6jf8',
1064 silly audit report       title: '@babel/core: Arbitrary File Read via sourceMappingURL Comment',
1064 silly audit report       severity: 'low',
1064 silly audit report       vulnerable_versions: '<=7.29.0',
1064 silly audit report       cwe: [Array],
1064 silly audit report       cvss: [Object]
1064 silly audit report     }
1064 silly audit report   ],
1064 silly audit report   esbuild: [
1064 silly audit report     {
1064 silly audit report       id: 1102341,
1064 silly audit report       url: 'https://github.com/advisories/GHSA-67mh-4wv8-2f99',
1064 silly audit report       title: 'esbuild enables any website to send any requests to the development server and read the response',
1064 silly audit report       severity: 'moderate',
1064 silly audit report       vulnerable_versions: '<=0.24.2',
1064 silly audit report       cwe: [Array],
1064 silly audit report       cvss: [Object]
1064 silly audit report     },
1064 silly audit report     {
1064 silly audit report       id: 1120680,
1064 silly audit report       url: 'https://github.com/advisories/GHSA-g7r4-m6w7-qqqr',
1064 silly audit report       title: 'esbuild allows arbitrary file read when running the development server on Windows',
1064 silly audit report       severity: 'low',
1064 silly audit report       vulnerable_versions: '>=0.27.3 <0.28.1',
1064 silly audit report       cwe: [Array],
1064 silly audit report       cvss: [Object]
1064 silly audit report     }
1064 silly audit report   ],
1064 silly audit report   'brace-expansion': [
1064 silly audit report     {
1064 silly audit report       id: 1123897,
1064 silly audit report       url: 'https://github.com/advisories/GHSA-3jxr-9vmj-r5cp',
1064 silly audit report       title: 'brace-expansion: DoS via exponential-time expansion of consecutive non-expanding {} groups',
1064 silly audit report       severity: 'high',
1064 silly audit report       vulnerable_versions: '<1.1.16',
1064 silly audit report       cwe: [Array],
1064 silly audit report       cvss: [Object]
1064 silly audit report     },
1064 silly audit report     {
1064 silly audit report       id: 1123898,
1064 silly audit report       url: 'https://github.com/advisories/GHSA-3jxr-9vmj-r5cp',
1064 silly audit report       title: 'brace-expansion: DoS via exponential-time expansion of consecutive non-expanding {} groups',
1064 silly audit report       severity: 'high',
1064 silly audit report       vulnerable_versions: '>=3.0.0 <5.0.7',
1064 silly audit report       cwe: [Array],
1064 silly audit report       cvss: [Object]
1064 silly audit report     },
1064 silly audit report     {
1064 silly audit report       id: 1124334,
1064 silly audit report       url: 'https://github.com/advisories/GHSA-mh99-v99m-4gvg',
1064 silly audit report       title: 'brace-expansion: DoS via unbounded expansion length causing an out-of-memory process crash',
1064 silly audit report       severity: 'high',
1064 silly audit report       vulnerable_versions: '<=5.0.7',
1064 silly audit report       cwe: [Array],
1064 silly audit report       cvss: [Object]
1064 silly audit report     }
1064 silly audit report   ],
1064 silly audit report   'fast-uri': [
1064 silly audit report     {
1064 silly audit report       id: 1130178,
1064 silly audit report       url: 'https://github.com/advisories/GHSA-4c8g-83qw-93j6',
1064 silly audit report       title: 'fast-uri vulnerable to host confusion via failed IDN canonicalization',
1064 silly audit report       severity: 'high',
1064 silly audit report       vulnerable_versions: '>=3.0.0 <3.1.3',
1064 silly audit report       cwe: [Array],
1064 silly audit report       cvss: [Object]
1064 silly audit report     },
1064 silly audit report     {
1064 silly audit report       id: 1124064,
1064 silly audit report       url: 'https://github.com/advisories/GHSA-v2hh-gcrm-f6hx',
1064 silly audit report       title: 'fast-uri vulnerable to host confusion via literal backslash authority delimiter',
1064 silly audit report       severity: 'high',
1064 silly audit report       vulnerable_versions: '>=3.0.0 <=3.1.3',
1064 silly audit report       cwe: [Array],
1064 silly audit report       cvss: [Object]
1064 silly audit report     }
1064 silly audit report   ],
1064 silly audit report   'js-yaml': [
1064 silly audit report     {
1064 silly audit report       id: 1121860,
1064 silly audit report       url: 'https://github.com/advisories/GHSA-h67p-54hq-rp68',
1064 silly audit report       title: 'JS-YAML: Quadratic-complexity DoS in merge key handling via repeated aliases',
1064 silly audit report       severity: 'moderate',
1064 silly audit report       vulnerable_versions: '>=4.0.0 <=4.1.1',
1064 silly audit report       cwe: [Array],
1064 silly audit report       cvss: [Object]
1064 silly audit report     },
1064 silly audit report     {
1064 silly audit report       id: 1123911,
1064 silly audit report       url: 'https://github.com/advisories/GHSA-52cp-r559-cp3m',
1064 silly audit report       title: 'js-yaml: YAML merge-key chains can force quadratic CPU consumption',
1064 silly audit report       severity: 'high',
1064 silly audit report       vulnerable_versions: '>=4.0.0 <4.3.0',
1064 silly audit report       cwe: [Array],
1064 silly audit report       cvss: [Object]
1064 silly audit report     }
1064 silly audit report   ],
1064 silly audit report   next: [
1064 silly audit report     {
1064 silly audit report       id: 1124184,
1064 silly audit report       url: 'https://github.com/advisories/GHSA-89xv-2m56-2m9x',
1064 silly audit report       title: 'Next.js: Server-Side Request Forgery in Server Actions on custom servers',
1064 silly audit report       severity: 'high',
1064 silly audit report       vulnerable_versions: '>=16.0.0 <16.2.11',
1064 silly audit report       cwe: [Array],
1064 silly audit report       cvss: [Object]
1064 silly audit report     },
1064 silly audit report     {
1064 silly audit report       id: 1124186,
1064 silly audit report       url: 'https://github.com/advisories/GHSA-68g3-v927-f742',
1064 silly audit report       title: 'Next.js: Cache confusion of response bodies for requests with bodies',
1064 silly audit report       severity: 'moderate',
1064 silly audit report       vulnerable_versions: '>=16.0.0 <16.2.11',
1064 silly audit report       cwe: [Array],
1064 silly audit report       cvss: [Object]
1064 silly audit report     },
1064 silly audit report     {
1064 silly audit report       id: 1124170,
1064 silly audit report       url: 'https://github.com/advisories/GHSA-6gpp-xcg3-4w24',
1064 silly audit report       title: 'Next.js: Middleware / Proxy bypass in App Router applications using Turbopack and single locale',
1064 silly audit report       severity: 'high',
1064 silly audit report       vulnerable_versions: '>=16.0.0 <16.2.11',
1064 silly audit report       cwe: [Array],
1064 silly audit report       cvss: [Object]
1064 silly audit report     },
1064 silly audit report     {
1064 silly audit report       id: 1124171,
1064 silly audit report       url: 'https://github.com/advisories/GHSA-m99w-x7hq-7vfj',
1064 silly audit report       title: 'Next.js: Denial of Service in App Router using Server Actions',
1064 silly audit report       severity: 'high',
1064 silly audit report       vulnerable_versions: '>=16.0.0 <16.2.11',
1064 silly audit report       cwe: [Array],
1064 silly audit report       cvss: [Object]
1064 silly audit report     },
1064 silly audit report     {
1064 silly audit report       id: 1124188,
1064 silly audit report       url: 'https://github.com/advisories/GHSA-4633-3j49-mh5q',
1064 silly audit report       title: 'Next.js: Cache confusion of response bodies for requests with bodies containing invalid UTF-8 byte sequences',
1064 silly audit report       severity: 'moderate',
1064 silly audit report       vulnerable_versions: '>=16.0.0 <16.2.11',
1064 silly audit report       cwe: [Array],
1064 silly audit report       cvss: [Object]
1064 silly audit report     },
1064 silly audit report     {
1064 silly audit report       id: 1124190,
1064 silly audit report       url: 'https://github.com/advisories/GHSA-4c39-4ccg-62r3',
1064 silly audit report       title: 'Next.js: Unbounded Server Action payload in Edge runtime',
1064 silly audit report       severity: 'moderate',
1064 silly audit report       vulnerable_versions: '>=16.0.0 <16.2.11',
1064 silly audit report       cwe: [Array],
1064 silly audit report       cvss: [Object]
1064 silly audit report     },
1064 silly audit report     {
1064 silly audit report       id: 1124192,
1064 silly audit report       url: 'https://github.com/advisories/GHSA-p9j2-gv94-2wf4',
1064 silly audit report       title: 'Next.js: Server-Side Request Forgery in rewrites via attacker-controlled destination hostname',
1064 silly audit report       severity: 'high',
1064 silly audit report       vulnerable_versions: '>=16.0.0 <16.2.11',
1064 silly audit report       cwe: [Array],
1064 silly audit report       cvss: [Object]
1064 silly audit report     },
1064 silly audit report     {
1064 silly audit report       id: 1124194,
1064 silly audit report       url: 'https://github.com/advisories/GHSA-q8wf-6r8g-63ch',
1064 silly audit report       title: 'Next.js: Denial of Service in the Image Optimization API using SVGs',
1064 silly audit report       severity: 'moderate',
1064 silly audit report       vulnerable_versions: '>=16.0.0 <16.2.11',
1064 silly audit report       cwe: [Array],
1064 silly audit report       cvss: [Object]
1064 silly audit report     },
1064 silly audit report     {
1064 silly audit report       id: 1124196,
1064 silly audit report       url: 'https://github.com/advisories/GHSA-955p-x3mx-jcvp',
1064 silly audit report       title: 'Next.js: Unauthenticated disclosure of internal Server Function endpoints',
1064 silly audit report       severity: 'moderate',
1064 silly audit report       vulnerable_versions: '>=16.0.0 <16.2.11',
1064 silly audit report       cwe: [Array],
1064 silly audit report       cvss: [Object]
1064 silly audit report     }
1064 silly audit report   ],
1064 silly audit report   postcss: [
1064 silly audit report     {
1064 silly audit report       id: 1117015,
1064 silly audit report       url: 'https://github.com/advisories/GHSA-qx2v-qp2m-jg93',
1064 silly audit report       title: 'PostCSS has XSS via Unescaped </style> in its CSS Stringify Output',
1064 silly audit report       severity: 'moderate',
1064 silly audit report       vulnerable_versions: '<8.5.10',
1064 silly audit report       cwe: [Array],
1064 silly audit report       cvss: [Object]
1064 silly audit report     },
1064 silly audit report     {
1064 silly audit report       id: 1124252,
1064 silly audit report       url: 'https://github.com/advisories/GHSA-6g55-p6wh-862q',
1064 silly audit report       title: 'PostCSS: Arbitrary file read and information disclosure via attacker-controlled sourceMappingURL in CSS comments',
1064 silly audit report       severity: 'high',
1064 silly audit report       vulnerable_versions: '<=8.5.11',
1064 silly audit report       cwe: [Array],
1064 silly audit report       cvss: [Object]
1064 silly audit report     },
1064 silly audit report     {
1064 silly audit report       id: 1124288,
1064 silly audit report       url: 'https://github.com/advisories/GHSA-r28c-9q8g-f849',
1064 silly audit report       title: 'PostCSS: Path Traversal in Previous Source Map Auto-Loading (sourceMappingURL) leads to Arbitrary .map File Disclosure',
1064 silly audit report       severity: 'high',
1064 silly audit report       vulnerable_versions: '<=8.5.17',
1064 silly audit report       cwe: [Array],
1064 silly audit report       cvss: [Object]
1064 silly audit report     }
1064 silly audit report   ],
1064 silly audit report   'react-server-dom-webpack': [
1064 silly audit report     {
1064 silly audit report       id: 1124314,
1064 silly audit report       url: 'https://github.com/advisories/GHSA-wx67-qw84-cm4g',
1064 silly audit report       title: 'react-server-dom: Denial of Service in Server Functions',
1064 silly audit report       severity: 'high',
1064 silly audit report       vulnerable_versions: '>=19.2.0 <19.2.8',
1064 silly audit report       cwe: [Array],
1064 silly audit report       cvss: [Object]
1064 silly audit report     }
1064 silly audit report   ],
1064 silly audit report   sharp: [
1064 silly audit report     {
1064 silly audit report       id: 1124066,
1064 silly audit report       url: 'https://github.com/advisories/GHSA-f88m-g3jw-g9cj',
1064 silly audit report       title: 'sharp inherited vulnerabilities in libvips: CVE-2026-33327, CVE-2026-33328, CVE-2026-35590, CVE-2026-35591',
1064 silly audit report       severity: 'high',
1064 silly audit report       vulnerable_versions: '<0.35.0',
1064 silly audit report       cwe: [Array],
1064 silly audit report       cvss: [Object]
1064 silly audit report     }
1064 silly audit report   ],
1064 silly audit report   undici: [
1064 silly audit report     {
1064 silly audit report       id: 1121187,
1064 silly audit report       url: 'https://github.com/advisories/GHSA-vmh5-mc38-953g',
1064 silly audit report       title: 'undici vulnerable to TLS certificate validation bypass via dropped requestTls in SOCKS5 ProxyAgent',
1064 silly audit report       severity: 'high',
1064 silly audit report       vulnerable_versions: '>=7.23.0 <7.28.0',
1064 silly audit report       cwe: [Array],
1064 silly audit report       cvss: [Object]
1064 silly audit report     },
1064 silly audit report     {
1064 silly audit report       id: 1121241,
1064 silly audit report       url: 'https://github.com/advisories/GHSA-p88m-4jfj-68fv',
1064 silly audit report       title: 'undici vulnerable to HTTP header injection via Set-Cookie percent-decoding',
1064 silly audit report       severity: 'moderate',
1064 silly audit report       vulnerable_versions: '>=7.0.0 <7.28.0',
1064 silly audit report       cwe: [Array],
1064 silly audit report       cvss: [Object]
1064 silly audit report     },
1064 silly audit report     {
1064 silly audit report       id: 1121244,
1064 silly audit report       url: 'https://github.com/advisories/GHSA-vxpw-j846-p89q',
1064 silly audit report       title: 'undici WebSocket client vulnerable to denial of service via fragment count bypass',
1064 silly audit report       severity: 'high',
1064 silly audit report       vulnerable_versions: '>=7.0.0 <7.28.0',
1064 silly audit report       cwe: [Array],
1064 silly audit report       cvss: [Object]
1064 silly audit report     },
1064 silly audit report     {
1064 silly audit report       id: 1121247,
1064 silly audit report       url: 'https://github.com/advisories/GHSA-hm92-r4w5-c3mj',
1064 silly audit report       title: 'undici vulnerable to cross-origin request routing via SOCKS5 proxy pool reuse',
1064 silly audit report       severity: 'high',
1064 silly audit report       vulnerable_versions: '>=7.23.0 <7.28.0',
1064 silly audit report       cwe: [Array],
1064 silly audit report       cvss: [Object]
1064 silly audit report     },
1064 silly audit report     {
1064 silly audit report       id: 1121249,
1064 silly audit report       url: 'https://github.com/advisories/GHSA-35p6-xmwp-9g52',
1064 silly audit report       title: 'undici vulnerable to HTTP response queue poisoning via keep-alive socket reuse',
1064 silly audit report       severity: 'low',
1064 silly audit report       vulnerable_versions: '>=7.0.0 <7.28.0',
1064 silly audit report       cwe: [Array],
1064 silly audit report       cvss: [Object]
1064 silly audit report     },
1064 silly audit report     {
1064 silly audit report       id: 1121254,
1064 silly audit report       url: 'https://github.com/advisories/GHSA-g8m3-5g58-fq7m',
1064 silly audit report       title: 'undici vulnerable to Set-Cookie SameSite attribute downgrade via permissive substring matching',
1064 silly audit report       severity: 'low',
1064 silly audit report       vulnerable_versions: '>=7.0.0 <7.28.0',
1064 silly audit report       cwe: [Array],
1064 silly audit report       cvss: [Object]
1064 silly audit report     },
1064 silly audit report     {
1064 silly audit report       id: 1121428,
1064 silly audit report       url: 'https://github.com/advisories/GHSA-pr7r-676h-xcf6',
1064 silly audit report       title: 'undici vulnerable to cross-user information disclosure via shared cache whitespace bypass',
1064 silly audit report       severity: 'moderate',
1064 silly audit report       vulnerable_versions: '>=7.0.0 <7.28.0',
1064 silly audit report       cwe: [Array],
1064 silly audit report       cvss: [Object]
1064 silly audit report     }
1064 silly audit report   ],
1064 silly audit report   vite: [
1064 silly audit report     {
1064 silly audit report       id: 1120786,
1064 silly audit report       url: 'https://github.com/advisories/GHSA-v6wh-96g9-6wx3',
1064 silly audit report       title: 'launch-editor: NTLMv2 hash disclosure via UNC path handling on Windows',
1064 silly audit report       severity: 'moderate',
1064 silly audit report       vulnerable_versions: '>=8.0.0 <=8.0.15',
1064 silly audit report       cwe: [Array],
1064 silly audit report       cvss: [Object]
1064 silly audit report     },
1064 silly audit report     {
1064 silly audit report       id: 1123527,
1064 silly audit report       url: 'https://github.com/advisories/GHSA-fx2h-pf6j-xcff',
1064 silly audit report       title: 'vite: `server.fs.deny` bypass on Windows alternate paths',
1064 silly audit report       severity: 'high',
1064 silly audit report       vulnerable_versions: '>=8.0.0 <=8.0.15',
1064 silly audit report       cwe: [Array],
1064 silly audit report       cvss: [Object]
1064 silly audit report     }
1064 silly audit report   ],
1064 silly audit report   ws: [
1064 silly audit report     {
1064 silly audit report       id: 1119108,
1064 silly audit report       url: 'https://github.com/advisories/GHSA-58qx-3vcg-4xpx',
1064 silly audit report       title: 'ws: Uninitialized memory disclosure',
1064 silly audit report       severity: 'moderate',
1064 silly audit report       vulnerable_versions: '>=8.0.0 <8.20.1',
1064 silly audit report       cwe: [Array],
1064 silly audit report       cvss: [Object]
1064 silly audit report     },
1064 silly audit report     {
1064 silly audit report       id: 1123259,
1064 silly audit report       url: 'https://github.com/advisories/GHSA-96hv-2xvq-fx4p',
1064 silly audit report       title: 'ws: Memory exhaustion DoS from tiny fragments and data chunks',
1064 silly audit report       severity: 'high',
1064 silly audit report       vulnerable_versions: '>=8.0.0 <8.21.0',
1064 silly audit report       cwe: [Array],
1064 silly audit report       cvss: [Object]
1064 silly audit report     }
1064 silly audit report   ]
1064 silly audit report }
1065 timing metavuln:cache:get:security-advisory:@babel/core:BK5WvESYy/vgjcUft4JcSTLQxxgL/mf1Et8Scy27+RzP2WzIEH3zb0giRIc4oLAbTysjD9NgXInGBTuJPnQacg== Completed in 24ms
1066 timing metavuln:cache:get:security-advisory:esbuild:jKdCIzePj7J1488qgRXvF8Srh9wutSuR1exB8YooNX62hT+qhtrUXYbArLNoIhgwbaCqKpmduh18syZU7BR9SA== Completed in 32ms
1067 timing metavuln:cache:get:security-advisory:esbuild:mmDbmXeify80UdRagFfITBhG3xHP4llbx8MchwTjBL3g0WFb/cK8N40wL0tjqR9NE2gMLzj7SHOX2g2NoW8+ew== Completed in 32ms
1068 timing metavuln:cache:get:security-advisory:brace-expansion:/FM/ornC0OQ2oQ0F1wuSVtjv/pk5YaYMRnrR3fuCqiC2MCaZr/MGHZb5vHFlU3dKt0dLNsRrmRJdS8XofU5V2w== Completed in 31ms
1069 timing metavuln:cache:get:security-advisory:brace-expansion:wDEbqWk4yLp9m7y1JKlfB/VOQdNxO6zv9mx3cQ5VptPHpE7Ova1G3NkU4hgGmOmyWoA3/1d/SEsb3LnkNTA35A== Completed in 32ms
1070 timing metavuln:cache:get:security-advisory:brace-expansion:PQJD9f/R+gZHzy8Kum92H0T3UQqabegIfHiV7L8FBJBVTR87ofLn3d+vKwC/tzMIvwczV2dC4pL2IBeLdqV8/Q== Completed in 31ms
1071 timing metavuln:cache:get:security-advisory:fast-uri:tmsTPTzWZa0jUacC9e8efCiEZHfZhUczZbry62wY511+xdh7CI7RMM9+4ui20oTLcl6qec79QaTiTHEMUt5v+g== Completed in 31ms
1072 timing metavuln:cache:get:security-advisory:fast-uri:5tWf/2F3oSWWqD4tNlM8UnT48bBXTuxzL4RXyhSzco0q9ah5Uf8FT8B+R1B3zzPpBEvBRtxaq8Up076jybNs6w== Completed in 31ms
1073 timing metavuln:cache:get:security-advisory:js-yaml:hRHUgW0MJiPqjWt2sUfet2EYlqoE1gaxACC2WErx8y0hzruS4JIdQFSyu03fknqwUeEglYl2LNhb3CLbe1gk7A== Completed in 31ms
1074 timing metavuln:cache:get:security-advisory:js-yaml:4JRmIWaw7t9g2nj2coc/knMKSpUTTvf6gd7QGFDejryJnGjc+YeBUVzshR5afcQZnuPyYGRjBRxydkQEqdhtbQ== Completed in 31ms
1075 timing metavuln:cache:get:security-advisory:next:Afe67Rx5AFGZTO76ZLE6Nu2nSbGW6gF1GmaG3uRnozCGeLHXt2Obv7rExGB3bZ3uISj9T+IxVPPKEUK3/f/mrw== Completed in 31ms
1076 timing metavuln:cache:get:security-advisory:next:PFJOGmmCl6Qyvbu55AZKjvbvTieeQhAGmg7t0TDw8+w6l8CiinOv32NKwNSbe51sH9Z3PLw6lV3MS4GjSydG9A== Completed in 31ms
1077 timing metavuln:cache:get:security-advisory:next:giIuLcj+n55aQ/5crOvPoBnzfmuxZfQYBk/L4YVJXo4hM/q3Z5AMupfCZSKD+9YUQQ3qNY1gDSMxRV1k68M72Q== Completed in 31ms
1078 timing metavuln:cache:get:security-advisory:next:Is7cIy8Frz9MwPIZJhDXIW9YKe7An6ZHiQQCPaBCCsmtnfX39R0xm8Qt2bGfEQ+OML/W7WbmeTuKU+XFuhOSVQ== Completed in 31ms
1079 timing metavuln:cache:get:security-advisory:next:ID1ak30GUeaquPJNzcN0QxHbDYCDzP3tqCDSwjX9qeCAnbNuP81MN1IqxlKPEhfccFgjLcS0igKoFLkrvSVwUg== Completed in 31ms
1080 timing metavuln:cache:get:security-advisory:next:qhgEeOu43M5KY6SU3HVSJsBjRLRtdh5xDpqekmHbMUo3NDpoGQNYb7tnBN0v5mdooOVmctgdcdVXnVoMgJRrHQ== Completed in 31ms
1081 timing metavuln:cache:get:security-advisory:next:xvQLvndm0iSLH4AX0yyzvMZ7WpiAlwHTzf3wq1UAQLWZn14C2hTa30T82BmnI46b29V3twbfH2LVn3yuZJ2B9g== Completed in 31ms
1082 timing metavuln:cache:get:security-advisory:postcss:685RVq5xScaqegAXk2BRJrsMaZmsz1d/volUoA67iVw3AvHhUlX03u+VPRrmo8iuObcSDvuZF+fuiOnLC9L1uA== Completed in 31ms
1083 timing metavuln:cache:get:security-advisory:next:guUHoqXZ3tQN1f1kR+BKUy3bYwpyVtKOs/SgPMcBkxIrcKwwS2C2ZqWK6EsNv07HdgSUWP2/W9Q3m/y9UD6cQw== Completed in 31ms
1084 timing metavuln:cache:get:security-advisory:next:PkhhHBMtVd8ScEmfE4x5JNTq+eU5Ia/baObDF8NqnCvXOw31ReP4hZyC9wSL1JHk91FBAu7dUGd5vMxGAFf82Q== Completed in 31ms
1085 timing metavuln:cache:get:security-advisory:postcss:vffDf5zeMAO2NG2g47VKaOSrYbOxy9RP7hONH+CZvut446KUCIkc3Fp1vXR3T1gMxB3d9F68wTGe2BUQF6ut/w== Completed in 30ms
1086 timing metavuln:cache:get:security-advisory:react-server-dom-webpack:cpgLDJ5BboBtPWucc17UmZtGDG8qIYjtGu/nal5yCTPjUSICJQd/7nZLY/+q1Nphi9coXt0KOXcWVyGyoQSAgQ== Completed in 30ms
1087 timing metavuln:cache:get:security-advisory:sharp:AMhKztAOenk9sflyUi4sMyO4lcyKWfRBC9XaNvNYljUSLorFYtX31vJVIzKu5+H8cmhPDpmsteYIph4wPng+FA== Completed in 30ms
1088 timing metavuln:cache:get:security-advisory:postcss:o0q0EDh/c/yXO8mW7onxyfY8gGQ+yllv0PybMT2eaE76E/1OkdcEp4nbyN5c17b8FHTbrA+h3QdVSYn/qLhRng== Completed in 30ms
1089 timing metavuln:cache:get:security-advisory:undici:NeNaegRV6j6TnLwrLBMyZGGW/wkOlzbYSEwV5HQMO9FzAMmFRZ566NNIBib2SHjJuAYs6bBRdyESHs1rcqUUyg== Completed in 29ms
1090 timing metavuln:cache:get:security-advisory:undici:CBzFsTVbIap2fZU/QMDbgRfEMmD0v4uF45QsDnwwhN1L8WNdWyzgCZUucgxb9XkxXwstKTumxc70gZEFGbrU5A== Completed in 29ms
1091 timing metavuln:cache:get:security-advisory:undici:BQqGHmAr6t+2lAkZLN4/NHrEC9v1uU0BuU9L7dEuniQe7zHvhD4DDzFL1w3lwiKqhJwhc+LfIQMEF5quB6wFPw== Completed in 30ms
1092 timing metavuln:cache:get:security-advisory:undici:5u13uZS/iPJTveJh9LaPbmuKBGGSUere3kHbhIbiPJmZqZZ5o94hdzayv1ASG33C7rkAu9h6kdMRfQ57UPM9yQ== Completed in 29ms
1093 timing metavuln:cache:get:security-advisory:undici:WdggNZTH9ZZu+KJtmizjoY4RjoStKjytAFvNBiunMP//4/tVMp66AamuJMQIAQfZ8v4cMNiv0+v7mV7Ma/5whQ== Completed in 29ms
1094 timing metavuln:cache:get:security-advisory:undici:cshXt/DQeK3cCfgI/lueRl29gKG6NOTOiDJZIyIknNGsTF5WpTPQ6IZx8z4U0BQoaTN/jfM7SKI4Ak4loCrmFg== Completed in 29ms
1095 timing metavuln:cache:get:security-advisory:undici:x07v1XU52WnZkI970SDqYtayOsKFWrKL20lZ/VPzLLfuew9PbFovw9du0Ls806ElhzHcjxrOGuOJRsn/tgFTZQ== Completed in 29ms
1096 timing metavuln:cache:get:security-advisory:vite:u4GYj3X5lumBl2qXyVyop3T32GKOYgJzejrbOo6ijt9+JItvwGfVDlhZgbTnYVc0gaCrgt6JriyZZ6VluS1bYg== Completed in 30ms
1097 timing metavuln:cache:get:security-advisory:vite:MqoNFgs1eca5Tzot9JhQyfZBhT35fxJoYKu7adaD+B7r7/EtvbwWE0wuzjBoiwQz80c7Za9NX7gxK+3GLV4e6g== Completed in 30ms
1098 timing metavuln:cache:get:security-advisory:ws:riCaqXeEj3LGJHsuDUezanD1igwJ1gD5B0Z0jDf8slGSkFNcUxH/yz4/VwuWsi+XAx/SPZKMWI5kAltGWYRGUg== Completed in 30ms
1099 timing metavuln:cache:get:security-advisory:ws:FCiq93wPa5YIRoC+osxDM6AqlUQalSrMxM3xxzdzdy9dCvEbzaPVIuWaJi1l/8fX8Bq49JKEKJAZocgF236GuA== Completed in 30ms
1100 http fetch GET 200 https://registry.npmjs.org/@typescript-eslint/parser/-/parser-8.59.3.tgz 1025ms (cache miss)
1101 timing reifyNode:node_modules/@typescript-eslint/parser Completed in 1349ms
1102 http fetch GET 200 https://registry.npmjs.org/@tailwindcss/oxide/-/oxide-4.2.1.tgz 1273ms (cache miss)
1103 timing reifyNode:node_modules/@tailwindcss/oxide Completed in 1395ms
1104 http fetch GET 200 https://registry.npmjs.org/@typescript-eslint/visitor-keys/-/visitor-keys-8.59.3.tgz 2117ms (cache miss)
1105 http fetch GET 200 https://registry.npmjs.org/@typescript-eslint/tsconfig-utils/-/tsconfig-utils-8.59.3.tgz 2143ms (cache miss)
1106 http fetch GET 200 https://registry.npmjs.org/@typescript-eslint/project-service/-/project-service-8.59.3.tgz 2320ms (cache miss)
1107 timing reifyNode:node_modules/@typescript-eslint/visitor-keys Completed in 2578ms
1108 timing reifyNode:node_modules/@typescript-eslint/tsconfig-utils Completed in 2625ms
1109 timing reifyNode:node_modules/@typescript-eslint/project-service Completed in 2655ms
1110 http fetch GET 200 https://registry.npmjs.org/@oxc-project/types/-/types-0.130.0.tgz 2766ms (cache miss)
1111 timing reifyNode:node_modules/@oxc-project/types Completed in 2934ms
1112 http fetch GET 200 https://registry.npmjs.org/which/-/which-2.0.2.tgz 2847ms (cache miss)
1113 http fetch GET 200 https://registry.npmjs.org/vitefu/-/vitefu-1.1.3.tgz 2923ms (cache miss)
1114 http fetch GET 200 https://registry.npmjs.org/@next/env/-/env-16.2.6.tgz 2949ms (cache miss)
1115 timing reifyNode:node_modules/@next/env Completed in 3073ms
1116 http fetch GET 200 https://registry.npmjs.org/update-browserslist-db/-/update-browserslist-db-1.2.3.tgz 3108ms (cache miss)
1117 http fetch GET 200 https://registry.npmjs.org/typescript-eslint/-/typescript-eslint-8.59.3.tgz 4021ms (cache miss)
1118 http fetch GET 200 https://registry.npmjs.org/vite-plugin-dynamic-import/-/vite-plugin-dynamic-import-1.6.0.tgz 4368ms (cache miss)
1119 http fetch GET 200 https://registry.npmjs.org/@poppinss/exception/-/exception-1.2.3.tgz 4407ms (cache miss)
1120 http fetch GET 200 https://registry.npmjs.org/@vitejs/plugin-react/-/plugin-react-6.0.2.tgz 4445ms (cache miss)
1121 timing reifyNode:node_modules/@vitejs/plugin-react Completed in 4559ms
1122 http fetch GET 200 https://registry.npmjs.org/string.prototype.codepointat/-/string.prototype.codepointat-0.2.1.tgz 4928ms (cache miss)
1123 timing reifyNode:node_modules/string.prototype.codepointat Completed in 5209ms
1124 timing reifyNode:node_modules/@poppinss/exception Completed in 5400ms
1125 http fetch GET 200 https://registry.npmjs.org/strip-literal/-/strip-literal-3.1.0.tgz 5472ms (cache miss)
1126 timing reifyNode:node_modules/which Completed in 5614ms
1127 http fetch GET 200 https://registry.npmjs.org/error-stack-parser-es/-/error-stack-parser-es-1.0.5.tgz 5679ms (cache miss)
1128 http fetch GET 200 https://registry.npmjs.org/loose-envify/-/loose-envify-1.4.0.tgz 5708ms (cache miss)
1129 http fetch GET 200 https://registry.npmjs.org/jsesc/-/jsesc-3.1.0.tgz 5707ms (cache miss)
1130 http fetch GET 200 https://registry.npmjs.org/parse-css-color/-/parse-css-color-0.2.1.tgz 5710ms (cache miss)
1131 http fetch GET 200 https://registry.npmjs.org/loader-runner/-/loader-runner-4.3.2.tgz 5709ms (cache miss)
1132 http fetch GET 200 https://registry.npmjs.org/node-releases/-/node-releases-2.0.44.tgz 5712ms (cache miss)
1133 http fetch GET 200 https://registry.npmjs.org/globrex/-/globrex-0.1.2.tgz 5840ms (cache miss)
1134 timing reifyNode:node_modules/globrex Completed in 5981ms
1135 http fetch GET 200 https://registry.npmjs.org/emoji-regex-xs/-/emoji-regex-xs-2.0.1.tgz 5844ms (cache miss)
1136 http fetch GET 200 https://registry.npmjs.org/nanoid/-/nanoid-3.3.12.tgz 5851ms (cache miss)
1137 http fetch GET 200 https://registry.npmjs.org/estree-walker/-/estree-walker-3.0.3.tgz 5848ms (cache miss)
1138 http fetch GET 200 https://registry.npmjs.org/hex-rgb/-/hex-rgb-4.3.0.tgz 5855ms (cache miss)
1139 http fetch GET 200 https://registry.npmjs.org/tiny-inflate/-/tiny-inflate-1.0.3.tgz 5867ms (cache miss)
1140 http fetch GET 200 https://registry.npmjs.org/eslint-config-next/-/eslint-config-next-16.2.6.tgz 5856ms (cache miss)
1141 http fetch GET 200 https://registry.npmjs.org/css-box-shadow/-/css-box-shadow-1.0.0-3.tgz 5860ms (cache miss)
1142 timing reifyNode:node_modules/css-box-shadow Completed in 6003ms
1143 http fetch GET 200 https://registry.npmjs.org/css-background-parser/-/css-background-parser-0.1.0.tgz 5860ms (cache miss)
1144 timing reifyNode:node_modules/hex-rgb Completed in 6035ms
1145 http fetch GET 200 https://registry.npmjs.org/balanced-match/-/balanced-match-4.0.4.tgz 5903ms (cache miss)
1146 timing reifyNode:node_modules/css-background-parser Completed in 6171ms
1147 http fetch GET 200 https://registry.npmjs.org/supports-color/-/supports-color-10.2.2.tgz 6263ms (cache miss)
1148 http fetch GET 200 https://registry.npmjs.org/@rolldown/pluginutils/-/pluginutils-1.0.1.tgz 6341ms (cache miss)
1149 timing reifyNode:node_modules/tiny-inflate Completed in 6953ms
1150 http fetch GET 200 https://registry.npmjs.org/@rolldown/pluginutils/-/pluginutils-1.0.0-rc.18.tgz 6814ms (cache miss)
1151 http fetch GET 200 https://registry.npmjs.org/eslint-visitor-keys/-/eslint-visitor-keys-5.0.1.tgz 6892ms (cache miss)
1152 http fetch GET 200 https://registry.npmjs.org/glob-parent/-/glob-parent-5.1.2.tgz 6971ms (cache miss)
1153 http fetch GET 200 https://registry.npmjs.org/acorn-import-phases/-/acorn-import-phases-1.0.4.tgz 6982ms (cache miss)
1154 timing reifyNode:node_modules/@rolldown/pluginutils Completed in 7150ms
1155 http fetch GET 200 https://registry.npmjs.org/unicode-trie/-/unicode-trie-2.0.0.tgz 7017ms (cache miss)
1156 timing reifyNode:node_modules/emoji-regex-xs Completed in 7147ms
1157 timing reifyNode:node_modules/update-browserslist-db Completed in 7150ms
1158 http fetch GET 200 https://registry.npmjs.org/@unpic/core/-/core-1.0.3.tgz 7038ms (cache miss)
1159 timing reifyNode:node_modules/vitefu Completed in 7154ms
1160 http fetch GET 200 https://registry.npmjs.org/fast-uri 6727ms (cache miss)
1161 timing metavuln:packument:fast-uri Completed in 6728ms
1162 timing metavuln:load:security-advisory:fast-uri:1130178 Completed in 2ms
1163 timing metavuln:load:security-advisory:fast-uri:1124064 Completed in 1ms
1164 timing reifyNode:node_modules/vite-plugin-dynamic-import/node_modules/glob-parent Completed in 7342ms
1165 http fetch GET 200 https://registry.npmjs.org/js-tokens/-/js-tokens-9.0.1.tgz 7187ms (cache miss)
1166 http fetch GET 200 https://registry.npmjs.org/semver/-/semver-6.3.1.tgz 7212ms (cache miss)
1167 timing reifyNode:node_modules/loader-runner Completed in 7347ms
1168 timing reifyNode:node_modules/@unpic/core Completed in 7353ms
1169 timing reifyNode:node_modules/node-releases Completed in 7361ms
1170 timing reifyNode:node_modules/unicode-trie Completed in 7368ms
1171 http fetch GET 200 https://registry.npmjs.org/json-schema-traverse/-/json-schema-traverse-1.0.0.tgz 7209ms (cache miss)
1172 timing reifyNode:node_modules/strip-literal/node_modules/js-tokens Completed in 7371ms
1173 timing reifyNode:node_modules/semver Completed in 7434ms
1174 http fetch GET 200 https://registry.npmjs.org/ipaddr.js/-/ipaddr.js-2.4.0.tgz 7710ms (cache miss)
1175 timing reifyNode:node_modules/jsesc Completed in 7998ms
1176 http fetch GET 200 https://registry.npmjs.org/@tailwindcss/postcss/-/postcss-4.2.1.tgz 8046ms (cache miss)
1177 timing reifyNode:node_modules/@tailwindcss/postcss Completed in 8166ms
1178 http fetch GET 200 https://registry.npmjs.org/@typescript-eslint/types/-/types-8.59.3.tgz 8085ms (cache miss)
1179 http fetch GET 200 https://registry.npmjs.org/youch-core/-/youch-core-0.3.3.tgz 8072ms (cache miss)
1180 http fetch GET 200 https://registry.npmjs.org/js-yaml 7599ms (cache miss)
1181 timing metavuln:packument:js-yaml Completed in 7601ms
1182 timing metavuln:load:security-advisory:js-yaml:1121860 Completed in 1ms
1183 timing metavuln:load:security-advisory:js-yaml:1123911 Completed in 2ms
1184 http fetch GET 200 https://registry.npmjs.org/ignore/-/ignore-7.0.5.tgz 8054ms (cache miss)
1185 timing reifyNode:node_modules/ipaddr.js Completed in 8205ms
1186 http fetch GET 200 https://registry.npmjs.org/estraverse/-/estraverse-4.3.0.tgz 8057ms (cache miss)
1187 http fetch GET 200 https://registry.npmjs.org/brace-expansion 7617ms (cache miss)
1188 timing metavuln:packument:brace-expansion Completed in 7618ms
1189 timing metavuln:load:security-advisory:brace-expansion:1123897 Completed in 1ms
1190 timing metavuln:load:security-advisory:brace-expansion:1123898 Completed in 1ms
1191 timing metavuln:load:security-advisory:brace-expansion:1124334 Completed in 0ms
1192 timing reifyNode:node_modules/strip-literal Completed in 8229ms
1193 timing reifyNode:node_modules/loose-envify Completed in 8301ms
1194 http fetch GET 200 https://registry.npmjs.org/@poppinss/colors/-/colors-4.1.6.tgz 8191ms (cache miss)
1195 timing reifyNode:node_modules/webpack/node_modules/estraverse Completed in 8314ms
1196 timing reifyNode:node_modules/@typescript-eslint/types Completed in 8319ms
1197 timing reifyNode:node_modules/youch-core Completed in 8317ms
1198 timing reifyNode:node_modules/@typescript-eslint/eslint-plugin/node_modules/ignore Completed in 8328ms
1199 timing reifyNode:node_modules/@poppinss/dumper/node_modules/supports-color Completed in 8328ms
1200 timing reifyNode:node_modules/parse-css-color Completed in 8332ms
1201 timing reifyNode:node_modules/@poppinss/colors Completed in 8357ms
1202 http fetch GET 200 https://registry.npmjs.org/base64-js/-/base64-js-0.0.8.tgz 8254ms (cache miss)
1203 http fetch GET 200 https://registry.npmjs.org/@cspotcode/source-map-support/-/source-map-support-0.8.1.tgz 8411ms (cache miss)
1204 http fetch GET 200 https://registry.npmjs.org/css-gradient-parser/-/css-gradient-parser-0.0.16.tgz 8398ms (cache miss)
1205 timing reifyNode:node_modules/base64-js Completed in 8543ms
1206 timing reifyNode:node_modules/acorn-import-phases Completed in 8545ms
1207 http fetch GET 200 https://registry.npmjs.org/esbuild/-/esbuild-0.28.0.tgz 8405ms (cache miss)
1208 timing reifyNode:node_modules/eslint-config-next Completed in 8760ms
1209 timing reifyNode:node_modules/typescript-eslint Completed in 8766ms
1210 timing reifyNode:node_modules/vite-plugin-dynamic-import Completed in 8768ms
1211 http fetch GET 200 https://registry.npmjs.org/es-module-lexer/-/es-module-lexer-2.1.0.tgz 8635ms (cache miss)
1212 http fetch GET 200 https://registry.npmjs.org/linebreak/-/linebreak-1.1.0.tgz 8647ms (cache miss)
1213 timing reifyNode:node_modules/@cspotcode/source-map-support Completed in 8901ms
1214 http fetch GET 200 https://registry.npmjs.org/@sindresorhus/is/-/is-7.2.0.tgz 9008ms (cache miss)
1215 timing reifyNode:node_modules/@sindresorhus/is Completed in 9130ms
1216 timing reifyNode:node_modules/esbuild Completed in 9173ms
1217 http fetch GET 200 https://registry.npmjs.org/esbuild/-/esbuild-0.18.20.tgz 9026ms (cache miss)
1218 http fetch GET 200 https://registry.npmjs.org/acorn-loose/-/acorn-loose-8.5.2.tgz 9178ms (cache miss)
1219 timing reifyNode:node_modules/css-gradient-parser Completed in 9324ms
1220 timing reifyNode:node_modules/es-module-lexer Completed in 9334ms
1221 http fetch GET 200 https://registry.npmjs.org/esbuild/-/esbuild-0.27.3.tgz 9203ms (cache miss)
1222 timing reifyNode:node_modules/@esbuild-kit/core-utils/node_modules/esbuild Completed in 9364ms
1223 http fetch GET 200 https://registry.npmjs.org/ws 8757ms (cache miss)
1224 timing metavuln:packument:ws Completed in 8760ms
1225 timing metavuln:load:security-advisory:ws:1119108 Completed in 5ms
1226 timing metavuln:load:security-advisory:ws:1123259 Completed in 3ms
1227 http fetch GET 200 https://registry.npmjs.org/globals/-/globals-16.4.0.tgz 9219ms (cache miss)
1228 timing metavuln:cache:put:security-advisory:fast-uri:tmsTPTzWZa0jUacC9e8efCiEZHfZhUczZbry62wY511+xdh7CI7RMM9+4ui20oTLcl6qec79QaTiTHEMUt5v+g== Completed in 2043ms
1229 timing metavuln:calculate:security-advisory:fast-uri:1124064 Completed in 8776ms
1230 timing metavuln:cache:put:security-advisory:fast-uri:5tWf/2F3oSWWqD4tNlM8UnT48bBXTuxzL4RXyhSzco0q9ah5Uf8FT8B+R1B3zzPpBEvBRtxaq8Up076jybNs6w== Completed in 2045ms
1231 timing metavuln:calculate:security-advisory:fast-uri:1130178 Completed in 8777ms
1232 timing reifyNode:node_modules/linebreak Completed in 9378ms
1233 http fetch GET 200 https://registry.npmjs.org/turbo-stream/-/turbo-stream-3.2.0.tgz 9251ms (cache miss)
1234 http fetch GET 200 https://registry.npmjs.org/vite-plugin-commonjs/-/vite-plugin-commonjs-0.10.4.tgz 9256ms (cache miss)
1235 timing reifyNode:node_modules/acorn-loose Completed in 9387ms
1236 timing reifyNode:node_modules/wrangler/node_modules/esbuild Completed in 9568ms
1237 http fetch GET 200 https://registry.npmjs.org/es-module-lexer/-/es-module-lexer-1.7.0.tgz 9414ms (cache miss)
1238 http fetch GET 200 https://registry.npmjs.org/@tailwindcss/node/-/node-4.2.1.tgz 9454ms (cache miss)
1239 timing reifyNode:node_modules/@typescript-eslint/visitor-keys/node_modules/eslint-visitor-keys Completed in 9576ms
1240 http fetch GET 200 https://registry.npmjs.org/sharp 8972ms (cache miss)
1241 timing metavuln:packument:sharp Completed in 8975ms
1242 timing metavuln:load:security-advisory:sharp:1124066 Completed in 3ms
1243 http fetch GET 200 https://registry.npmjs.org/esbuild/-/esbuild-0.25.12.tgz 9426ms (cache miss)
1244 timing reifyNode:node_modules/eslint-config-next/node_modules/globals Completed in 9586ms
1245 http fetch GET 200 https://registry.npmjs.org/browserslist/-/browserslist-4.28.2.tgz 9447ms (cache miss)
1246 http fetch GET 200 https://registry.npmjs.org/@cloudflare/unenv-preset/-/unenv-preset-2.16.1.tgz 9473ms (cache miss)
1247 timing reifyNode:node_modules/turbo-stream Completed in 9598ms
1248 timing reifyNode:node_modules/vite-plugin-commonjs Completed in 9600ms
1249 http fetch GET 200 https://registry.npmjs.org/baseline-browser-mapping/-/baseline-browser-mapping-2.10.30.tgz 9467ms (cache miss)
1250 timing metavuln:cache:put:security-advisory:js-yaml:hRHUgW0MJiPqjWt2sUfet2EYlqoE1gaxACC2WErx8y0hzruS4JIdQFSyu03fknqwUeEglYl2LNhb3CLbe1gk7A== Completed in 1412ms
1251 timing metavuln:calculate:security-advisory:js-yaml:1121860 Completed in 9014ms
1252 timing metavuln:cache:put:security-advisory:js-yaml:4JRmIWaw7t9g2nj2coc/knMKSpUTTvf6gd7QGFDejryJnGjc+YeBUVzshR5afcQZnuPyYGRjBRxydkQEqdhtbQ== Completed in 1411ms
1253 timing metavuln:calculate:security-advisory:js-yaml:1123911 Completed in 9015ms
1254 timing reifyNode:node_modules/vite-plugin-dynamic-import/node_modules/es-module-lexer Completed in 9629ms
1255 timing reifyNode:node_modules/estree-walker Completed in 9629ms
1256 timing reifyNode:node_modules/@tailwindcss/node Completed in 9644ms
1257 timing reifyNode:node_modules/drizzle-kit/node_modules/esbuild Completed in 9647ms
1258 timing reifyNode:node_modules/browserslist Completed in 9661ms
1259 timing reifyNode:node_modules/@cloudflare/unenv-preset Completed in 9666ms
1260 http fetch GET 200 https://registry.npmjs.org/@cloudflare/kv-asset-handler/-/kv-asset-handler-0.5.0.tgz 9542ms (cache miss)
1261 timing reifyNode:node_modules/baseline-browser-mapping Completed in 9663ms
1262 timing metavuln:cache:put:security-advisory:brace-expansion:/FM/ornC0OQ2oQ0F1wuSVtjv/pk5YaYMRnrR3fuCqiC2MCaZr/MGHZb5vHFlU3dKt0dLNsRrmRJdS8XofU5V2w== Completed in 1457ms
1263 timing metavuln:calculate:security-advisory:brace-expansion:1123898 Completed in 9077ms
1264 timing metavuln:cache:put:security-advisory:brace-expansion:PQJD9f/R+gZHzy8Kum92H0T3UQqabegIfHiV7L8FBJBVTR87ofLn3d+vKwC/tzMIvwczV2dC4pL2IBeLdqV8/Q== Completed in 1464ms
1265 timing metavuln:calculate:security-advisory:brace-expansion:1124334 Completed in 9085ms
1266 timing metavuln:cache:put:security-advisory:brace-expansion:wDEbqWk4yLp9m7y1JKlfB/VOQdNxO6zv9mx3cQ5VptPHpE7Ova1G3NkU4hgGmOmyWoA3/1d/SEsb3LnkNTA35A== Completed in 1467ms
1267 timing metavuln:calculate:security-advisory:brace-expansion:1123897 Completed in 9087ms
1268 http fetch GET 200 https://registry.npmjs.org/picomatch/-/picomatch-4.0.4.tgz 9538ms (cache miss)
1269 timing reifyNode:node_modules/@cloudflare/kv-asset-handler Completed in 9706ms
1270 http fetch GET 200 https://registry.npmjs.org/json5/-/json5-1.0.2.tgz 9561ms (cache miss)
1271 http fetch GET 200 https://registry.npmjs.org/@babel%2fcore 9130ms (cache miss)
1272 timing metavuln:packument:@babel/core Completed in 9133ms
1273 timing metavuln:load:security-advisory:@babel/core:1123528 Completed in 4ms
1274 timing reifyNode:node_modules/vite/node_modules/picomatch Completed in 9739ms
1275 http fetch GET 200 https://registry.npmjs.org/postcss 9138ms (cache miss)
1276 timing metavuln:packument:postcss Completed in 9141ms
1277 timing metavuln:load:security-advisory:postcss:1117015 Completed in 4ms
1278 timing metavuln:load:security-advisory:postcss:1124252 Completed in 3ms
1279 timing metavuln:load:security-advisory:postcss:1124288 Completed in 3ms
1280 http fetch GET 200 https://registry.npmjs.org/terser-webpack-plugin/-/terser-webpack-plugin-5.6.0.tgz 9622ms (cache miss)
1281 timing reifyNode:node_modules/error-stack-parser-es Completed in 9833ms
1282 http fetch GET 200 https://registry.npmjs.org/vite-tsconfig-paths/-/vite-tsconfig-paths-6.1.1.tgz 9711ms (cache miss)
1283 timing reifyNode:node_modules/tsconfig-paths/node_modules/json5 Completed in 9854ms
1284 timing reifyNode:node_modules/terser-webpack-plugin Completed in 9855ms
1285 http fetch GET 200 https://registry.npmjs.org/eslint-scope/-/eslint-scope-5.1.1.tgz 9716ms (cache miss)
1286 timing reifyNode:node_modules/vite-tsconfig-paths Completed in 9871ms
1287 http fetch GET 200 https://registry.npmjs.org/electron-to-chromium/-/electron-to-chromium-1.5.358.tgz 9732ms (cache miss)
1288 timing metavuln:cache:put:security-advisory:ws:riCaqXeEj3LGJHsuDUezanD1igwJ1gD5B0Z0jDf8slGSkFNcUxH/yz4/VwuWsi+XAx/SPZKMWI5kAltGWYRGUg== Completed in 511ms
1289 timing metavuln:calculate:security-advisory:ws:1119108 Completed in 9276ms
1290 http fetch GET 200 https://registry.npmjs.org/undici 9285ms (cache miss)
1291 timing metavuln:packument:undici Completed in 9289ms
1292 timing metavuln:load:security-advisory:undici:1121187 Completed in 3ms
1293 timing metavuln:load:security-advisory:undici:1121241 Completed in 3ms
1294 timing metavuln:load:security-advisory:undici:1121244 Completed in 2ms
1295 timing metavuln:load:security-advisory:undici:1121247 Completed in 2ms
1296 timing metavuln:load:security-advisory:undici:1121249 Completed in 3ms
1297 timing metavuln:load:security-advisory:undici:1121254 Completed in 3ms
1298 timing metavuln:load:security-advisory:undici:1121428 Completed in 3ms
1299 timing reifyNode:node_modules/webpack/node_modules/eslint-scope Completed in 10002ms
1300 timing metavuln:cache:put:security-advisory:sharp:AMhKztAOenk9sflyUi4sMyO4lcyKWfRBC9XaNvNYljUSLorFYtX31vJVIzKu5+H8cmhPDpmsteYIph4wPng+FA== Completed in 430ms
1301 timing metavuln:calculate:security-advisory:sharp:1124066 Completed in 9408ms
1302 timing reifyNode:node_modules/electron-to-chromium Completed in 10009ms
1303 http fetch GET 200 https://registry.npmjs.org/tsconfck/-/tsconfck-3.1.6.tgz 9884ms (cache miss)
1304 http fetch GET 200 https://registry.npmjs.org/brace-expansion/-/brace-expansion-5.0.6.tgz 9866ms (cache miss)
1305 timing metavuln:cache:put:security-advisory:ws:FCiq93wPa5YIRoC+osxDM6AqlUQalSrMxM3xxzdzdy9dCvEbzaPVIuWaJi1l/8fX8Bq49JKEKJAZocgF236GuA== Completed in 654ms
1306 timing metavuln:calculate:security-advisory:ws:1123259 Completed in 9422ms
1307 timing reifyNode:node_modules/@typescript-eslint/typescript-estree/node_modules/balanced-match Completed in 10033ms
1308 http fetch GET 200 https://registry.npmjs.org/watchpack/-/watchpack-2.5.1.tgz 9905ms (cache miss)
1309 timing reifyNode:node_modules/schema-utils/node_modules/json-schema-traverse Completed in 10041ms
1310 timing reifyNode:node_modules/tsconfck Completed in 10137ms
1311 timing reifyNode:node_modules/@typescript-eslint/typescript-estree/node_modules/brace-expansion Completed in 10144ms
1312 timing reifyNode:node_modules/watchpack Completed in 10151ms
1313 timing reifyNode:node_modules/@vitejs/plugin-rsc/node_modules/@rolldown/pluginutils Completed in 11016ms
1314 http fetch GET 200 https://registry.npmjs.org/ws/-/ws-8.18.0.tgz 10907ms (cache miss)
1315 timing metavuln:cache:put:security-advisory:postcss:o0q0EDh/c/yXO8mW7onxyfY8gGQ+yllv0PybMT2eaE76E/1OkdcEp4nbyN5c17b8FHTbrA+h3QdVSYn/qLhRng== Completed in 1296ms
1316 timing metavuln:calculate:security-advisory:postcss:1124288 Completed in 10447ms
1317 timing metavuln:cache:put:security-advisory:@babel/core:BK5WvESYy/vgjcUft4JcSTLQxxgL/mf1Et8Scy27+RzP2WzIEH3zb0giRIc4oLAbTysjD9NgXInGBTuJPnQacg== Completed in 1324ms
1318 timing metavuln:calculate:security-advisory:@babel/core:1123528 Completed in 10463ms
1319 timing metavuln:cache:put:security-advisory:postcss:685RVq5xScaqegAXk2BRJrsMaZmsz1d/volUoA67iVw3AvHhUlX03u+VPRrmo8iuObcSDvuZF+fuiOnLC9L1uA== Completed in 1320ms
1320 timing metavuln:calculate:security-advisory:postcss:1117015 Completed in 10465ms
1321 timing metavuln:cache:put:security-advisory:postcss:vffDf5zeMAO2NG2g47VKaOSrYbOxy9RP7hONH+CZvut446KUCIkc3Fp1vXR3T1gMxB3d9F68wTGe2BUQF6ut/w== Completed in 1317ms
1322 timing metavuln:calculate:security-advisory:postcss:1124252 Completed in 10464ms
1323 timing reifyNode:node_modules/ws Completed in 11071ms
1324 http fetch GET 200 https://registry.npmjs.org/@jridgewell/trace-mapping/-/trace-mapping-0.3.9.tgz 10920ms (cache miss)
1325 timing reifyNode:node_modules/@cspotcode/source-map-support/node_modules/@jridgewell/trace-mapping Completed in 11110ms
1326 timing metavuln:cache:put:security-advisory:undici:BQqGHmAr6t+2lAkZLN4/NHrEC9v1uU0BuU9L7dEuniQe7zHvhD4DDzFL1w3lwiKqhJwhc+LfIQMEF5quB6wFPw== Completed in 1218ms
1327 timing metavuln:calculate:security-advisory:undici:1121187 Completed in 10511ms
1328 timing metavuln:cache:put:security-advisory:undici:NeNaegRV6j6TnLwrLBMyZGGW/wkOlzbYSEwV5HQMO9FzAMmFRZ566NNIBib2SHjJuAYs6bBRdyESHs1rcqUUyg== Completed in 1212ms
1329 timing metavuln:calculate:security-advisory:undici:1121244 Completed in 10510ms
1330 timing metavuln:cache:put:security-advisory:undici:5u13uZS/iPJTveJh9LaPbmuKBGGSUere3kHbhIbiPJmZqZZ5o94hdzayv1ASG33C7rkAu9h6kdMRfQ57UPM9yQ== Completed in 1210ms
1331 timing metavuln:calculate:security-advisory:undici:1121247 Completed in 10511ms
1332 timing metavuln:cache:put:security-advisory:undici:cshXt/DQeK3cCfgI/lueRl29gKG6NOTOiDJZIyIknNGsTF5WpTPQ6IZx8z4U0BQoaTN/jfM7SKI4Ak4loCrmFg== Completed in 1204ms
1333 timing metavuln:calculate:security-advisory:undici:1121254 Completed in 10511ms
1334 timing metavuln:cache:put:security-advisory:undici:WdggNZTH9ZZu+KJtmizjoY4RjoStKjytAFvNBiunMP//4/tVMp66AamuJMQIAQfZ8v4cMNiv0+v7mV7Ma/5whQ== Completed in 1224ms
1335 timing metavuln:calculate:security-advisory:undici:1121249 Completed in 10528ms
1336 timing metavuln:cache:put:security-advisory:undici:CBzFsTVbIap2fZU/QMDbgRfEMmD0v4uF45QsDnwwhN1L8WNdWyzgCZUucgxb9XkxXwstKTumxc70gZEFGbrU5A== Completed in 1233ms
1337 timing metavuln:calculate:security-advisory:undici:1121241 Completed in 10529ms
1338 timing metavuln:cache:put:security-advisory:undici:x07v1XU52WnZkI970SDqYtayOsKFWrKL20lZ/VPzLLfuew9PbFovw9du0Ls806ElhzHcjxrOGuOJRsn/tgFTZQ== Completed in 1221ms
1339 timing metavuln:calculate:security-advisory:undici:1121428 Completed in 10531ms
1340 http fetch GET 200 https://registry.npmjs.org/acorn/-/acorn-8.16.0.tgz 11081ms (cache miss)
1341 http fetch GET 200 https://registry.npmjs.org/esbuild 10638ms (cache miss)
1342 timing metavuln:packument:esbuild Completed in 10643ms
1343 timing metavuln:load:security-advisory:esbuild:1102341 Completed in 6ms
1344 timing metavuln:load:security-advisory:esbuild:1120680 Completed in 5ms
1345 timing reifyNode:node_modules/acorn Completed in 11260ms
1346 http fetch GET 200 https://registry.npmjs.org/lightningcss/-/lightningcss-1.31.1.tgz 11139ms (cache miss)
1347 http fetch GET 200 https://registry.npmjs.org/fflate/-/fflate-0.7.4.tgz 11136ms (cache miss)
1348 timing reifyNode:node_modules/lightningcss Completed in 11323ms
1349 timing reifyNode:node_modules/fflate Completed in 11326ms
1350 http fetch GET 200 https://registry.npmjs.org/lightningcss/-/lightningcss-1.32.0.tgz 11189ms (cache miss)
1351 http fetch GET 200 https://registry.npmjs.org/json5/-/json5-2.2.3.tgz 11211ms (cache miss)
1352 timing reifyNode:node_modules/vite/node_modules/lightningcss Completed in 11473ms
1353 http fetch GET 200 https://registry.npmjs.org/napi-postinstall/-/napi-postinstall-0.3.4.tgz 11339ms (cache miss)
1354 timing reifyNode:node_modules/json5 Completed in 11476ms
1355 timing reifyNode:node_modules/napi-postinstall Completed in 11509ms
1356 http fetch GET 200 https://registry.npmjs.org/schema-utils/-/schema-utils-4.3.3.tgz 11479ms (cache miss)
1357 timing metavuln:cache:put:security-advisory:esbuild:mmDbmXeify80UdRagFfITBhG3xHP4llbx8MchwTjBL3g0WFb/cK8N40wL0tjqR9NE2gMLzj7SHOX2g2NoW8+ew== Completed in 769ms
1358 timing metavuln:calculate:security-advisory:esbuild:1120680 Completed in 11424ms
1359 timing metavuln:cache:put:security-advisory:esbuild:jKdCIzePj7J1488qgRXvF8Srh9wutSuR1exB8YooNX62hT+qhtrUXYbArLNoIhgwbaCqKpmduh18syZU7BR9SA== Completed in 1227ms
1360 timing metavuln:calculate:security-advisory:esbuild:1102341 Completed in 11877ms
1361 timing reifyNode:node_modules/schema-utils Completed in 12620ms
1362 http fetch GET 200 https://registry.npmjs.org/@poppinss/dumper/-/dumper-0.6.5.tgz 12822ms (cache miss)
1363 timing reifyNode:node_modules/@poppinss/dumper Completed in 13064ms
1364 timing reifyNode:node_modules/nanoid Completed in 13080ms
1365 http fetch GET 200 https://registry.npmjs.org/yoga-layout/-/yoga-layout-3.2.1.tgz 13145ms (cache miss)
1366 timing reifyNode:node_modules/yoga-layout Completed in 13285ms
1367 http fetch GET 200 https://registry.npmjs.org/webpack-sources/-/webpack-sources-3.4.1.tgz 13159ms (cache miss)
1368 timing reifyNode:node_modules/webpack-sources Completed in 13304ms
1369 http fetch GET 200 https://registry.npmjs.org/@resvg/resvg-wasm/-/resvg-wasm-2.4.0.tgz 13326ms (cache miss)
1370 timing reifyNode:node_modules/@resvg/resvg-wasm Completed in 13448ms
1371 http fetch GET 200 https://registry.npmjs.org/@unpic/react/-/react-1.0.2.tgz 13450ms (cache miss)
1372 timing reifyNode:node_modules/@unpic/react Completed in 13589ms
1373 http fetch GET 200 https://registry.npmjs.org/js-yaml/-/js-yaml-4.1.1.tgz 13837ms (cache miss)
1374 http fetch GET 200 https://registry.npmjs.org/pako/-/pako-0.2.9.tgz 13843ms (cache miss)
1375 http fetch GET 200 https://registry.npmjs.org/srvx/-/srvx-0.11.15.tgz 13870ms (cache miss)
1376 timing reifyNode:node_modules/js-yaml Completed in 14006ms
1377 timing reifyNode:node_modules/pako Completed in 14017ms
1378 timing reifyNode:node_modules/srvx Completed in 14023ms
1379 http fetch GET 200 https://registry.npmjs.org/@typescript-eslint/type-utils/-/type-utils-8.59.3.tgz 13944ms (cache miss)
1380 timing reifyNode:node_modules/@typescript-eslint/type-utils Completed in 14078ms
1381 http fetch GET 200 https://registry.npmjs.org/satori/-/satori-0.16.0.tgz 13973ms (cache miss)
1382 http fetch GET 200 https://registry.npmjs.org/jiti/-/jiti-2.7.0.tgz 13972ms (cache miss)
1383 http fetch GET 200 https://registry.npmjs.org/vite 13509ms (cache miss)
1384 timing metavuln:packument:vite Completed in 13530ms
1385 timing metavuln:load:security-advisory:vite:1120786 Completed in 12ms
1386 timing metavuln:load:security-advisory:vite:1123527 Completed in 13ms
1387 timing reifyNode:node_modules/satori Completed in 14169ms
1388 timing reifyNode:node_modules/jiti Completed in 14178ms
1389 http fetch GET 200 https://registry.npmjs.org/tailwindcss/-/tailwindcss-4.2.1.tgz 14079ms (cache miss)
1390 timing reifyNode:node_modules/tailwindcss Completed in 14228ms
1391 http fetch GET 200 https://registry.npmjs.org/@babel/parser/-/parser-7.29.3.tgz 14507ms (cache miss)
1392 timing metavuln:cache:put:security-advisory:vite:MqoNFgs1eca5Tzot9JhQyfZBhT35fxJoYKu7adaD+B7r7/EtvbwWE0wuzjBoiwQz80c7Za9NX7gxK+3GLV4e6g== Completed in 515ms
1393 timing metavuln:calculate:security-advisory:vite:1123527 Completed in 14071ms
1394 timing reifyNode:node_modules/@babel/parser Completed in 14677ms
1395 timing metavuln:cache:put:security-advisory:vite:u4GYj3X5lumBl2qXyVyop3T32GKOYgJzejrbOo6ijt9+JItvwGfVDlhZgbTnYVc0gaCrgt6JriyZZ6VluS1bYg== Completed in 561ms
1396 timing metavuln:calculate:security-advisory:vite:1120786 Completed in 14104ms
1397 http fetch GET 200 https://registry.npmjs.org/react-server-dom-webpack 14320ms (cache miss)
1398 timing metavuln:packument:react-server-dom-webpack Completed in 14332ms
1399 timing metavuln:load:security-advisory:react-server-dom-webpack:1124314 Completed in 71ms
1400 http fetch GET 200 https://registry.npmjs.org/@next/eslint-plugin-next/-/eslint-plugin-next-16.2.6.tgz 14961ms (cache miss)
1401 http fetch GET 200 https://registry.npmjs.org/semver/-/semver-7.8.0.tgz 14949ms (cache miss)
1402 timing reifyNode:node_modules/@next/eslint-plugin-next Completed in 15102ms
1403 timing metavuln:cache:put:security-advisory:react-server-dom-webpack:cpgLDJ5BboBtPWucc17UmZtGDG8qIYjtGu/nal5yCTPjUSICJQd/7nZLY/+q1Nphi9coXt0KOXcWVyGyoQSAgQ== Completed in 103ms
1404 timing metavuln:calculate:security-advisory:react-server-dom-webpack:1124314 Completed in 14506ms
1405 http fetch GET 200 https://registry.npmjs.org/semver/-/semver-7.8.0.tgz 14958ms (cache miss)
1406 http fetch GET 200 https://registry.npmjs.org/semver/-/semver-7.8.0.tgz 14962ms (cache miss)
1407 timing reifyNode:node_modules/is-bun-module/node_modules/semver Completed in 15122ms
1408 timing reifyNode:node_modules/sharp/node_modules/semver Completed in 15135ms
1409 timing reifyNode:node_modules/@typescript-eslint/typescript-estree/node_modules/semver Completed in 15136ms
1410 http fetch GET 200 https://registry.npmjs.org/tsx/-/tsx-4.22.1.tgz 15076ms (cache miss)
1411 timing reifyNode:node_modules/tsx Completed in 15221ms
1412 http fetch GET 200 https://registry.npmjs.org/postcss/-/postcss-8.4.31.tgz 15076ms (cache miss)
1413 timing reifyNode:node_modules/next/node_modules/postcss Completed in 15332ms
1414 http fetch GET 200 https://registry.npmjs.org/youch/-/youch-4.1.0-beta.10.tgz 15217ms (cache miss)
1415 http fetch GET 200 https://registry.npmjs.org/enhanced-resolve/-/enhanced-resolve-5.21.3.tgz 15201ms (cache miss)
1416 timing reifyNode:node_modules/enhanced-resolve Completed in 15345ms
1417 http fetch GET 200 https://registry.npmjs.org/rolldown/-/rolldown-1.0.1.tgz 15212ms (cache miss)
1418 http fetch GET 200 https://registry.npmjs.org/fast-glob/-/fast-glob-3.3.3.tgz 15199ms (cache miss)
1419 timing reifyNode:node_modules/youch Completed in 15355ms
1420 timing reifyNode:node_modules/rolldown Completed in 15360ms
1421 timing reifyNode:node_modules/vite-plugin-dynamic-import/node_modules/fast-glob Completed in 15437ms
1422 http fetch GET 200 https://registry.npmjs.org/minimatch/-/minimatch-10.2.5.tgz 15300ms (cache miss)
1423 timing reifyNode:node_modules/@typescript-eslint/typescript-estree/node_modules/minimatch Completed in 15467ms
1424 http fetch GET 200 https://registry.npmjs.org/react-server-dom-webpack/-/react-server-dom-webpack-19.2.6.tgz 15336ms (cache miss)
1425 timing reifyNode:node_modules/react-server-dom-webpack Completed in 15548ms
1426 http fetch GET 200 https://registry.npmjs.org/@tailwindcss/oxide-win32-x64-msvc/-/oxide-win32-x64-msvc-4.2.1.tgz 15443ms (cache miss)
1427 timing reifyNode:node_modules/@tailwindcss/oxide-win32-x64-msvc Completed in 15564ms
1428 http fetch GET 200 https://registry.npmjs.org/vite/-/vite-8.0.13.tgz 16032ms (cache miss)
1429 timing reifyNode:node_modules/vite Completed in 16178ms
1430 http fetch GET 200 https://registry.npmjs.org/terser/-/terser-5.47.1.tgz 16209ms (cache miss)
1431 timing reifyNode:node_modules/terser Completed in 16340ms
1432 http fetch GET 200 https://registry.npmjs.org/@typescript-eslint/utils/-/utils-8.59.3.tgz 16405ms (cache miss)
1433 timing reifyNode:node_modules/@typescript-eslint/utils Completed in 16520ms
1434 http fetch GET 200 https://registry.npmjs.org/workerd/-/workerd-1.20260515.1.tgz 16414ms (cache miss)
1435 timing reifyNode:node_modules/workerd Completed in 16544ms
1436 http fetch GET 200 https://registry.npmjs.org/@typescript-eslint/typescript-estree/-/typescript-estree-8.59.3.tgz 16710ms (cache miss)
1437 timing reifyNode:node_modules/@typescript-eslint/typescript-estree Completed in 16836ms
1438 http fetch GET 200 https://registry.npmjs.org/@napi-rs/wasm-runtime/-/wasm-runtime-1.1.4.tgz 17153ms (cache miss)
1439 timing reifyNode:node_modules/@rolldown/binding-wasm32-wasi/node_modules/@napi-rs/wasm-runtime Completed in 17321ms
1440 http fetch GET 200 https://registry.npmjs.org/@shuding/opentype.js/-/opentype.js-1.4.0-beta.0.tgz 17516ms (cache miss)
1441 timing reifyNode:node_modules/@shuding/opentype.js Completed in 17638ms
1442 http fetch GET 200 https://registry.npmjs.org/@types/node/-/node-22.19.19.tgz 17688ms (cache miss)
1443 timing reifyNode:node_modules/@types/node Completed in 17926ms
1444 http fetch GET 200 https://registry.npmjs.org/@cloudflare/vite-plugin/-/vite-plugin-1.37.1.tgz 17842ms (cache miss)
1445 timing reifyNode:node_modules/@cloudflare/vite-plugin Completed in 17979ms
1446 http fetch GET 200 https://registry.npmjs.org/image-size/-/image-size-2.0.2.tgz 17838ms (cache miss)
1447 timing reifyNode:node_modules/image-size Completed in 17987ms
1448 http fetch GET 200 https://registry.npmjs.org/@vitejs/plugin-rsc/-/plugin-rsc-0.5.26.tgz 17892ms (cache miss)
1449 timing reifyNode:node_modules/@vitejs/plugin-rsc Completed in 18017ms
1450 http fetch GET 200 https://registry.npmjs.org/@vercel/og/-/og-0.8.6.tgz 18014ms (cache miss)
1451 timing reifyNode:node_modules/@vercel/og Completed in 18125ms
1452 http fetch GET 200 https://registry.npmjs.org/resolve/-/resolve-2.0.0-next.7.tgz 18704ms (cache miss)
1453 timing reifyNode:node_modules/resolve Completed in 18849ms
1454 http fetch GET 200 https://registry.npmjs.org/web-vitals/-/web-vitals-4.2.4.tgz 19122ms (cache miss)
1455 timing reifyNode:node_modules/web-vitals Completed in 19254ms
1456 http fetch GET 200 https://registry.npmjs.org/ajv-keywords/-/ajv-keywords-5.1.0.tgz 19276ms (cache miss)
1457 timing reifyNode:node_modules/schema-utils/node_modules/ajv-keywords Completed in 19440ms
1458 http fetch GET 200 https://registry.npmjs.org/lightningcss-win32-x64-msvc/-/lightningcss-win32-x64-msvc-1.31.1.tgz 19393ms (cache miss)
1459 timing reifyNode:node_modules/lightningcss-win32-x64-msvc Completed in 19532ms
1460 http fetch GET 200 https://registry.npmjs.org/lightningcss-win32-x64-msvc/-/lightningcss-win32-x64-msvc-1.32.0.tgz 19391ms (cache miss)
1461 timing reifyNode:node_modules/vite/node_modules/lightningcss-win32-x64-msvc Completed in 19548ms
1462 http fetch GET 200 https://registry.npmjs.org/drizzle-kit/-/drizzle-kit-0.31.10.tgz 19421ms (cache miss)
1463 timing reifyNode:node_modules/drizzle-kit Completed in 19569ms
1464 http fetch GET 200 https://registry.npmjs.org/@esbuild/win32-x64/-/win32-x64-0.25.12.tgz 21832ms (cache miss)
1465 timing reifyNode:node_modules/drizzle-kit/node_modules/@esbuild/win32-x64 Completed in 22012ms
1466 http fetch GET 200 https://registry.npmjs.org/@esbuild/win32-x64/-/win32-x64-0.27.3.tgz 22873ms (cache miss)
1467 timing reifyNode:node_modules/wrangler/node_modules/@esbuild/win32-x64 Completed in 23027ms
1468 http fetch GET 200 https://registry.npmjs.org/blake3-wasm/-/blake3-wasm-2.1.5.tgz 24615ms (cache miss)
1469 timing reifyNode:node_modules/blake3-wasm Completed in 24761ms
1470 http fetch GET 200 https://registry.npmjs.org/undici/-/undici-7.24.8.tgz 26024ms (cache miss)
1471 timing reifyNode:node_modules/undici Completed in 26165ms
1472 http fetch GET 200 https://registry.npmjs.org/@speed-highlight/core/-/core-1.2.15.tgz 26117ms (cache miss)
1473 timing reifyNode:node_modules/@speed-highlight/core Completed in 26280ms
1474 http fetch GET 200 https://registry.npmjs.org/wrangler/-/wrangler-4.92.0.tgz 28328ms (cache miss)
1475 timing reifyNode:node_modules/wrangler Completed in 28461ms
1476 http fetch GET 200 https://registry.npmjs.org/@typescript-eslint/scope-manager/-/scope-manager-8.59.3.tgz 29920ms (cache miss)
1477 timing reifyNode:node_modules/@typescript-eslint/scope-manager Completed in 30042ms
1478 http fetch GET 200 https://registry.npmjs.org/next 29628ms (cache miss)
1479 timing metavuln:packument:next Completed in 29965ms
1480 timing metavuln:load:security-advisory:next:1124184 Completed in 87ms
1481 timing metavuln:load:security-advisory:next:1124186 Completed in 84ms
1482 timing metavuln:load:security-advisory:next:1124170 Completed in 95ms
1483 timing metavuln:load:security-advisory:next:1124171 Completed in 74ms
1484 timing metavuln:load:security-advisory:next:1124188 Completed in 71ms
1485 timing metavuln:load:security-advisory:next:1124190 Completed in 72ms
1486 timing metavuln:load:security-advisory:next:1124192 Completed in 69ms
1487 timing metavuln:load:security-advisory:next:1124194 Completed in 72ms
1488 timing metavuln:load:security-advisory:next:1124196 Completed in 66ms
1489 timing metavuln:cache:put:security-advisory:next:qhgEeOu43M5KY6SU3HVSJsBjRLRtdh5xDpqekmHbMUo3NDpoGQNYb7tnBN0v5mdooOVmctgdcdVXnVoMgJRrHQ== Completed in 421ms
1490 timing metavuln:calculate:security-advisory:next:1124171 Completed in 30730ms
1491 timing metavuln:cache:put:security-advisory:next:xvQLvndm0iSLH4AX0yyzvMZ7WpiAlwHTzf3wq1UAQLWZn14C2hTa30T82BmnI46b29V3twbfH2LVn3yuZJ2B9g== Completed in 207ms
1492 timing metavuln:calculate:security-advisory:next:1124192 Completed in 30730ms
1493 timing metavuln:cache:put:security-advisory:next:Afe67Rx5AFGZTO76ZLE6Nu2nSbGW6gF1GmaG3uRnozCGeLHXt2Obv7rExGB3bZ3uISj9T+IxVPPKEUK3/f/mrw== Completed in 594ms
1494 timing metavuln:calculate:security-advisory:next:1124186 Completed in 30732ms
1495 timing metavuln:cache:put:security-advisory:next:PkhhHBMtVd8ScEmfE4x5JNTq+eU5Ia/baObDF8NqnCvXOw31ReP4hZyC9wSL1JHk91FBAu7dUGd5vMxGAFf82Q== Completed in 69ms
1496 timing metavuln:calculate:security-advisory:next:1124196 Completed in 30732ms
1497 timing metavuln:cache:put:security-advisory:next:PFJOGmmCl6Qyvbu55AZKjvbvTieeQhAGmg7t0TDw8+w6l8CiinOv32NKwNSbe51sH9Z3PLw6lV3MS4GjSydG9A== Completed in 681ms
1498 timing metavuln:calculate:security-advisory:next:1124184 Completed in 30733ms
1499 timing metavuln:cache:put:security-advisory:next:giIuLcj+n55aQ/5crOvPoBnzfmuxZfQYBk/L4YVJXo4hM/q3Z5AMupfCZSKD+9YUQQ3qNY1gDSMxRV1k68M72Q== Completed in 499ms
1500 timing metavuln:calculate:security-advisory:next:1124170 Completed in 30733ms
1501 timing metavuln:cache:put:security-advisory:next:Is7cIy8Frz9MwPIZJhDXIW9YKe7An6ZHiQQCPaBCCsmtnfX39R0xm8Qt2bGfEQ+OML/W7WbmeTuKU+XFuhOSVQ== Completed in 354ms
1502 timing metavuln:calculate:security-advisory:next:1124188 Completed in 30735ms
1503 timing metavuln:cache:put:security-advisory:next:ID1ak30GUeaquPJNzcN0QxHbDYCDzP3tqCDSwjX9qeCAnbNuP81MN1IqxlKPEhfccFgjLcS0igKoFLkrvSVwUg== Completed in 281ms
1504 timing metavuln:calculate:security-advisory:next:1124190 Completed in 30735ms
1505 timing metavuln:cache:put:security-advisory:next:guUHoqXZ3tQN1f1kR+BKUy3bYwpyVtKOs/SgPMcBkxIrcKwwS2C2ZqWK6EsNv07HdgSUWP2/W9Q3m/y9UD6cQw== Completed in 140ms
1506 timing metavuln:calculate:security-advisory:next:1124194 Completed in 30736ms
1507 timing metavuln:cache:get:security-advisory:@babel/helper-module-transforms:dSDxgM5vnKTPTyAYUsg8y+f+dNHh2uO0+9sbC/LvVCOcaKzxMfxhZQ7uE1YWhbbaNzd7WsiS75udZ9sgkBMwhQ== Completed in 4ms
1508 timing metavuln:cache:get:security-advisory:eslint-plugin-react-hooks:GBXGWnmlSjM3lIKh0e0exAulby0uclHPquGiw1vQ1JwuCzQf+mmPRwOZpu/17OrqOkXVaYj0bjen+9/5en5+ew== Completed in 3ms
1509 http fetch GET 200 https://registry.npmjs.org/@rolldown/binding-win32-x64-msvc/-/binding-win32-x64-msvc-1.0.1.tgz 31230ms (cache miss)
1510 timing reifyNode:node_modules/@rolldown/binding-win32-x64-msvc Completed in 31352ms
1511 http fetch GET 200 https://registry.npmjs.org/@babel%2fhelper-module-transforms 135ms (cache miss)
1512 timing metavuln:packument:@babel/helper-module-transforms Completed in 137ms
1513 timing metavuln:load:security-advisory:@babel/helper-module-transforms:BK5WvESYy/vgjcUft4JcSTLQxxgL/mf1Et8Scy27+RzP2WzIEH3zb0giRIc4oLAbTysjD9NgXInGBTuJPnQacg== Completed in 12ms
1514 timing metavuln:cache:put:security-advisory:@babel/helper-module-transforms:dSDxgM5vnKTPTyAYUsg8y+f+dNHh2uO0+9sbC/LvVCOcaKzxMfxhZQ7uE1YWhbbaNzd7WsiS75udZ9sgkBMwhQ== Completed in 1771ms
1515 timing metavuln:calculate:security-advisory:@babel/helper-module-transforms:BK5WvESYy/vgjcUft4JcSTLQxxgL/mf1Et8Scy27+RzP2WzIEH3zb0giRIc4oLAbTysjD9NgXInGBTuJPnQacg== Completed in 1920ms
1516 http fetch GET 200 https://registry.npmjs.org/unenv/-/unenv-2.0.0-rc.24.tgz 33865ms (cache miss)
1517 timing reifyNode:node_modules/unenv Completed in 34000ms
1518 http fetch GET 200 https://registry.npmjs.org/unpic/-/unpic-4.2.2.tgz 34057ms (cache miss)
1519 timing reifyNode:node_modules/unpic Completed in 34191ms
1520 http fetch GET 200 https://registry.npmjs.org/eslint-plugin-react-hooks 3208ms (cache miss)
1521 timing metavuln:packument:eslint-plugin-react-hooks Completed in 3225ms
1522 timing metavuln:load:security-advisory:eslint-plugin-react-hooks:BK5WvESYy/vgjcUft4JcSTLQxxgL/mf1Et8Scy27+RzP2WzIEH3zb0giRIc4oLAbTysjD9NgXInGBTuJPnQacg== Completed in 85ms
1523 timing metavuln:cache:put:security-advisory:eslint-plugin-react-hooks:GBXGWnmlSjM3lIKh0e0exAulby0uclHPquGiw1vQ1JwuCzQf+mmPRwOZpu/17OrqOkXVaYj0bjen+9/5en5+ew== Completed in 378ms
1524 timing metavuln:calculate:security-advisory:eslint-plugin-react-hooks:BK5WvESYy/vgjcUft4JcSTLQxxgL/mf1Et8Scy27+RzP2WzIEH3zb0giRIc4oLAbTysjD9NgXInGBTuJPnQacg== Completed in 3688ms
1525 timing metavuln:cache:get:security-advisory:@esbuild-kit/core-utils:QWr7rHrhIrLlRjYpr1VfwIE8AKAqPNpFR+YQLZGNvf4WWxomgQSvZ8bNzzflX9CujuIG+R/G+IIytOgslFjuSg== Completed in 4ms
1526 http fetch GET 200 https://registry.npmjs.org/@esbuild-kit%2fcore-utils 163ms (cache miss)
1527 timing metavuln:packument:@esbuild-kit/core-utils Completed in 165ms
1528 timing metavuln:load:security-advisory:@esbuild-kit/core-utils:jKdCIzePj7J1488qgRXvF8Srh9wutSuR1exB8YooNX62hT+qhtrUXYbArLNoIhgwbaCqKpmduh18syZU7BR9SA== Completed in 14ms
1529 timing metavuln:cache:put:security-advisory:@esbuild-kit/core-utils:QWr7rHrhIrLlRjYpr1VfwIE8AKAqPNpFR+YQLZGNvf4WWxomgQSvZ8bNzzflX9CujuIG+R/G+IIytOgslFjuSg== Completed in 27ms
1530 timing metavuln:calculate:security-advisory:@esbuild-kit/core-utils:jKdCIzePj7J1488qgRXvF8Srh9wutSuR1exB8YooNX62hT+qhtrUXYbArLNoIhgwbaCqKpmduh18syZU7BR9SA== Completed in 206ms
1531 timing metavuln:cache:get:security-advisory:tsx:ZM+I5Api23XhiK+wfkOz2ZWkzUT9JhigzEwe+x/+qhGb90og/dTL1YZNs+M+vfp8eKMVTWkfN5/rdZwbW83YNg== Completed in 3ms
1532 timing metavuln:cache:get:security-advisory:vite:5XS22lcbLx3xfZtKAl+W9UsWf13UGys7kpbYXrTjRfF73dxyQ11kWbNoI7/3S+5BZPYvHoD5q9nqBStK1ehpYQ== Completed in 3ms
1533 timing metavuln:load:security-advisory:vite:mmDbmXeify80UdRagFfITBhG3xHP4llbx8MchwTjBL3g0WFb/cK8N40wL0tjqR9NE2gMLzj7SHOX2g2NoW8+ew== Completed in 54ms
1534 timing metavuln:cache:get:security-advisory:wrangler:IbwLhHamLsqAJhkmLvB3/H06G7FSgnuaJYfxC1yc97O6kz5SYUX2UG6qcZSxh46cbJEGu4i2PXDBcyf29SNr5A== Completed in 57ms
1535 http fetch GET 200 https://registry.npmjs.org/miniflare/-/miniflare-4.20260515.0.tgz 35179ms (cache miss)
1536 timing metavuln:cache:put:security-advisory:vite:5XS22lcbLx3xfZtKAl+W9UsWf13UGys7kpbYXrTjRfF73dxyQ11kWbNoI7/3S+5BZPYvHoD5q9nqBStK1ehpYQ== Completed in 32ms
1537 timing metavuln:calculate:security-advisory:vite:mmDbmXeify80UdRagFfITBhG3xHP4llbx8MchwTjBL3g0WFb/cK8N40wL0tjqR9NE2gMLzj7SHOX2g2NoW8+ew== Completed in 89ms
1538 timing reifyNode:node_modules/miniflare Completed in 35324ms
1539 http fetch GET 200 https://registry.npmjs.org/tsx 220ms (cache miss)
1540 timing metavuln:packument:tsx Completed in 221ms
1541 timing metavuln:load:security-advisory:tsx:mmDbmXeify80UdRagFfITBhG3xHP4llbx8MchwTjBL3g0WFb/cK8N40wL0tjqR9NE2gMLzj7SHOX2g2NoW8+ew== Completed in 11ms
1542 timing metavuln:cache:put:security-advisory:tsx:ZM+I5Api23XhiK+wfkOz2ZWkzUT9JhigzEwe+x/+qhGb90og/dTL1YZNs+M+vfp8eKMVTWkfN5/rdZwbW83YNg== Completed in 37ms
1543 timing metavuln:calculate:security-advisory:tsx:mmDbmXeify80UdRagFfITBhG3xHP4llbx8MchwTjBL3g0WFb/cK8N40wL0tjqR9NE2gMLzj7SHOX2g2NoW8+ew== Completed in 270ms
1544 http fetch GET 200 https://registry.npmjs.org/eslint/-/eslint-9.39.4.tgz 35643ms (cache miss)
1545 timing reifyNode:node_modules/eslint Completed in 35789ms
1546 http fetch GET 200 https://registry.npmjs.org/@typescript-eslint/eslint-plugin/-/eslint-plugin-8.59.3.tgz 35704ms (cache miss)
1547 timing reifyNode:node_modules/@typescript-eslint/eslint-plugin Completed in 35826ms
1548 http fetch GET 200 https://registry.npmjs.org/ajv/-/ajv-8.20.0.tgz 35668ms (cache miss)
1549 timing reifyNode:node_modules/schema-utils/node_modules/ajv Completed in 35830ms
1550 http fetch GET 200 https://registry.npmjs.org/typescript/-/typescript-5.9.3.tgz 35721ms (cache miss)
1551 timing reifyNode:node_modules/typescript Completed in 35855ms
1552 http fetch GET 200 https://registry.npmjs.org/wrangler 7282ms (cache miss)
1553 timing metavuln:packument:wrangler Completed in 7490ms
1554 timing metavuln:load:security-advisory:wrangler:mmDbmXeify80UdRagFfITBhG3xHP4llbx8MchwTjBL3g0WFb/cK8N40wL0tjqR9NE2gMLzj7SHOX2g2NoW8+ew== Completed in 280ms
1555 timing metavuln:cache:put:security-advisory:wrangler:IbwLhHamLsqAJhkmLvB3/H06G7FSgnuaJYfxC1yc97O6kz5SYUX2UG6qcZSxh46cbJEGu4i2PXDBcyf29SNr5A== Completed in 853ms
1556 timing metavuln:calculate:security-advisory:wrangler:mmDbmXeify80UdRagFfITBhG3xHP4llbx8MchwTjBL3g0WFb/cK8N40wL0tjqR9NE2gMLzj7SHOX2g2NoW8+ew== Completed in 8625ms
1557 timing metavuln:cache:get:security-advisory:minimatch:ueWD6Y8x//WNpXc6WXdFAw1nnMf8Paw4OTz+jDQb68kPQkvXeRtiI2z/3A8KuRnMz2j+Lj/ppxKd98LwDP8NFg== Completed in 3ms
1558 http fetch GET 200 https://registry.npmjs.org/minimatch 341ms (cache miss)
1559 timing metavuln:packument:minimatch Completed in 342ms
1560 timing metavuln:load:security-advisory:minimatch:wDEbqWk4yLp9m7y1JKlfB/VOQdNxO6zv9mx3cQ5VptPHpE7Ova1G3NkU4hgGmOmyWoA3/1d/SEsb3LnkNTA35A== Completed in 4ms
1561 timing metavuln:cache:put:security-advisory:minimatch:ueWD6Y8x//WNpXc6WXdFAw1nnMf8Paw4OTz+jDQb68kPQkvXeRtiI2z/3A8KuRnMz2j+Lj/ppxKd98LwDP8NFg== Completed in 596ms
1562 timing metavuln:calculate:security-advisory:minimatch:wDEbqWk4yLp9m7y1JKlfB/VOQdNxO6zv9mx3cQ5VptPHpE7Ova1G3NkU4hgGmOmyWoA3/1d/SEsb3LnkNTA35A== Completed in 942ms
1563 timing metavuln:cache:get:security-advisory:minimatch:l+J8r7EHn3SOJoDSucmRNXuIPM5+3+i647dxFRXTDmi2FG2tvoy8l0NH9090qGGopweVZ1Fpy4yVa6r5NINGNA== Completed in 1ms
1564 timing metavuln:load:security-advisory:minimatch:/FM/ornC0OQ2oQ0F1wuSVtjv/pk5YaYMRnrR3fuCqiC2MCaZr/MGHZb5vHFlU3dKt0dLNsRrmRJdS8XofU5V2w== Completed in 3ms
1565 timing metavuln:cache:put:security-advisory:minimatch:l+J8r7EHn3SOJoDSucmRNXuIPM5+3+i647dxFRXTDmi2FG2tvoy8l0NH9090qGGopweVZ1Fpy4yVa6r5NINGNA== Completed in 18ms
1566 timing metavuln:calculate:security-advisory:minimatch:/FM/ornC0OQ2oQ0F1wuSVtjv/pk5YaYMRnrR3fuCqiC2MCaZr/MGHZb5vHFlU3dKt0dLNsRrmRJdS8XofU5V2w== Completed in 22ms
1567 timing metavuln:cache:get:security-advisory:ajv:zgTzAZYid7U4NqXLOKixfdk8vOcaJa2BtJWucrjZR6Om49M5BKB8mawHHoumWimHznsD/JuRctCAn0s76p6sDA== Completed in 2ms
1568 http fetch GET 200 https://registry.npmjs.org/ajv 172ms (cache miss)
1569 timing metavuln:packument:ajv Completed in 175ms
1570 timing metavuln:load:security-advisory:ajv:5tWf/2F3oSWWqD4tNlM8UnT48bBXTuxzL4RXyhSzco0q9ah5Uf8FT8B+R1B3zzPpBEvBRtxaq8Up076jybNs6w== Completed in 3ms
1571 timing metavuln:cache:put:security-advisory:ajv:zgTzAZYid7U4NqXLOKixfdk8vOcaJa2BtJWucrjZR6Om49M5BKB8mawHHoumWimHznsD/JuRctCAn0s76p6sDA== Completed in 18ms
1572 timing metavuln:calculate:security-advisory:ajv:5tWf/2F3oSWWqD4tNlM8UnT48bBXTuxzL4RXyhSzco0q9ah5Uf8FT8B+R1B3zzPpBEvBRtxaq8Up076jybNs6w== Completed in 198ms
1573 timing metavuln:cache:get:security-advisory:@eslint/eslintrc:YX0K56qQTUBtR1eChx4g57G0w0UMvd9bdjhgmOMPXF04vaqVNxPwmCJPAzO4Rzdn2tnaLszBrIHQZ7o/0rCkWA== Completed in 2ms
1574 http fetch GET 200 https://registry.npmjs.org/@eslint%2feslintrc 104ms (cache miss)
1575 timing metavuln:packument:@eslint/eslintrc Completed in 104ms
1576 timing metavuln:load:security-advisory:@eslint/eslintrc:hRHUgW0MJiPqjWt2sUfet2EYlqoE1gaxACC2WErx8y0hzruS4JIdQFSyu03fknqwUeEglYl2LNhb3CLbe1gk7A== Completed in 3ms
1577 timing metavuln:cache:put:security-advisory:@eslint/eslintrc:YX0K56qQTUBtR1eChx4g57G0w0UMvd9bdjhgmOMPXF04vaqVNxPwmCJPAzO4Rzdn2tnaLszBrIHQZ7o/0rCkWA== Completed in 156ms
1578 timing metavuln:calculate:security-advisory:@eslint/eslintrc:hRHUgW0MJiPqjWt2sUfet2EYlqoE1gaxACC2WErx8y0hzruS4JIdQFSyu03fknqwUeEglYl2LNhb3CLbe1gk7A== Completed in 263ms
1579 timing metavuln:cache:get:security-advisory:@unpic/react:D1rXjskvpAxu6Fwwhh0VGl4Ik3rvqiiyTltWosBS09bGpMPpxovom2gqRpk6v8Oq04I6tSus9yYVYje/2PPINw== Completed in 1ms
1580 http fetch GET 200 https://registry.npmjs.org/@unpic%2freact 156ms (cache miss)
1581 timing metavuln:packument:@unpic/react Completed in 157ms
1582 timing metavuln:load:security-advisory:@unpic/react:PFJOGmmCl6Qyvbu55AZKjvbvTieeQhAGmg7t0TDw8+w6l8CiinOv32NKwNSbe51sH9Z3PLw6lV3MS4GjSydG9A== Completed in 38ms
1583 timing metavuln:cache:put:security-advisory:@unpic/react:D1rXjskvpAxu6Fwwhh0VGl4Ik3rvqiiyTltWosBS09bGpMPpxovom2gqRpk6v8Oq04I6tSus9yYVYje/2PPINw== Completed in 20ms
1584 timing metavuln:calculate:security-advisory:@unpic/react:PFJOGmmCl6Qyvbu55AZKjvbvTieeQhAGmg7t0TDw8+w6l8CiinOv32NKwNSbe51sH9Z3PLw6lV3MS4GjSydG9A== Completed in 215ms
1585 timing metavuln:cache:get:security-advisory:next:++TMQRwRMuAg5JaA57A8kadT8SbeBIqrzl+otPGsE46Z5PGnGvwSbtrHMqHSzpH6UEwsYqk9mYjoPnnsNBcW7Q== Completed in 1ms
1586 timing metavuln:load:security-advisory:next:685RVq5xScaqegAXk2BRJrsMaZmsz1d/volUoA67iVw3AvHhUlX03u+VPRrmo8iuObcSDvuZF+fuiOnLC9L1uA== Completed in 191ms
1587 timing metavuln:cache:put:security-advisory:next:++TMQRwRMuAg5JaA57A8kadT8SbeBIqrzl+otPGsE46Z5PGnGvwSbtrHMqHSzpH6UEwsYqk9mYjoPnnsNBcW7Q== Completed in 142ms
1588 timing metavuln:calculate:security-advisory:next:685RVq5xScaqegAXk2BRJrsMaZmsz1d/volUoA67iVw3AvHhUlX03u+VPRrmo8iuObcSDvuZF+fuiOnLC9L1uA== Completed in 334ms
1589 timing metavuln:cache:get:security-advisory:@tailwindcss/postcss:tFQxi88p+LDTb71qjrBSDaEJed9nxyIlW6Ve6dS7sD6JmCmfzWS0qaYI5EJ8svGLO7inND2cZLQh/s2hPtdi+A== Completed in 2ms
1590 timing metavuln:cache:get:security-advisory:vite:pm+TrJNwujLvDg8sVw2Ry9PJhjkcoBy8JKAoBKTRZjJFNYUVfVCg1N5bIWDjny8x1kiymsh8o2RF9uvMh5+tvA== Completed in 2ms
1591 timing metavuln:load:security-advisory:vite:o0q0EDh/c/yXO8mW7onxyfY8gGQ+yllv0PybMT2eaE76E/1OkdcEp4nbyN5c17b8FHTbrA+h3QdVSYn/qLhRng== Completed in 53ms
1592 timing metavuln:cache:put:security-advisory:vite:pm+TrJNwujLvDg8sVw2Ry9PJhjkcoBy8JKAoBKTRZjJFNYUVfVCg1N5bIWDjny8x1kiymsh8o2RF9uvMh5+tvA== Completed in 21ms
1593 timing metavuln:calculate:security-advisory:vite:o0q0EDh/c/yXO8mW7onxyfY8gGQ+yllv0PybMT2eaE76E/1OkdcEp4nbyN5c17b8FHTbrA+h3QdVSYn/qLhRng== Completed in 77ms
1594 http fetch GET 200 https://registry.npmjs.org/@tailwindcss%2fpostcss 415ms (cache miss)
1595 timing metavuln:packument:@tailwindcss/postcss Completed in 419ms
1596 timing metavuln:load:security-advisory:@tailwindcss/postcss:o0q0EDh/c/yXO8mW7onxyfY8gGQ+yllv0PybMT2eaE76E/1OkdcEp4nbyN5c17b8FHTbrA+h3QdVSYn/qLhRng== Completed in 51ms
1597 timing metavuln:cache:put:security-advisory:@tailwindcss/postcss:tFQxi88p+LDTb71qjrBSDaEJed9nxyIlW6Ve6dS7sD6JmCmfzWS0qaYI5EJ8svGLO7inND2cZLQh/s2hPtdi+A== Completed in 25ms
1598 timing metavuln:calculate:security-advisory:@tailwindcss/postcss:o0q0EDh/c/yXO8mW7onxyfY8gGQ+yllv0PybMT2eaE76E/1OkdcEp4nbyN5c17b8FHTbrA+h3QdVSYn/qLhRng== Completed in 496ms
1599 timing metavuln:cache:get:security-advisory:@vitejs/plugin-rsc:5YKxC1puvCpaCcoJh7/CKcka8jwgJV/n4CAGOuiJjjQzFf0hCGzJZh/Y7WUVCqnaKQQo7BGWEt5u2NDQaR2Ogg== Completed in 3ms
1600 timing metavuln:cache:get:security-advisory:vinext:M/WeOR2Kx7CI5H5CdFEbVOfzzvMQtdr3HmhLb3hIonaJDhxvoAYUekPnBPtZDlIWTkp1pyNCgYQZjrB8TL6NfA== Completed in 2ms
1601 http fetch GET 200 https://registry.npmjs.org/@vitejs%2fplugin-rsc 91ms (cache miss)
1602 timing metavuln:packument:@vitejs/plugin-rsc Completed in 92ms
1603 timing metavuln:load:security-advisory:@vitejs/plugin-rsc:cpgLDJ5BboBtPWucc17UmZtGDG8qIYjtGu/nal5yCTPjUSICJQd/7nZLY/+q1Nphi9coXt0KOXcWVyGyoQSAgQ== Completed in 3ms
1604 http fetch GET 200 https://registry.npmjs.org/vinext 114ms (cache miss)
1605 timing metavuln:packument:vinext Completed in 116ms
1606 timing metavuln:load:security-advisory:vinext:cpgLDJ5BboBtPWucc17UmZtGDG8qIYjtGu/nal5yCTPjUSICJQd/7nZLY/+q1Nphi9coXt0KOXcWVyGyoQSAgQ== Completed in 21ms
1607 timing metavuln:cache:put:security-advisory:@vitejs/plugin-rsc:5YKxC1puvCpaCcoJh7/CKcka8jwgJV/n4CAGOuiJjjQzFf0hCGzJZh/Y7WUVCqnaKQQo7BGWEt5u2NDQaR2Ogg== Completed in 57ms
1608 timing metavuln:calculate:security-advisory:@vitejs/plugin-rsc:cpgLDJ5BboBtPWucc17UmZtGDG8qIYjtGu/nal5yCTPjUSICJQd/7nZLY/+q1Nphi9coXt0KOXcWVyGyoQSAgQ== Completed in 152ms
1609 timing metavuln:cache:put:security-advisory:vinext:M/WeOR2Kx7CI5H5CdFEbVOfzzvMQtdr3HmhLb3hIonaJDhxvoAYUekPnBPtZDlIWTkp1pyNCgYQZjrB8TL6NfA== Completed in 31ms
1610 timing metavuln:calculate:security-advisory:vinext:cpgLDJ5BboBtPWucc17UmZtGDG8qIYjtGu/nal5yCTPjUSICJQd/7nZLY/+q1Nphi9coXt0KOXcWVyGyoQSAgQ== Completed in 168ms
1611 timing metavuln:cache:get:security-advisory:miniflare:F3YS9EIqRmPHuIMAv82ofeDHSaSJFdIhILv9Ee0TjpCHbv24RnSsg7Ecdi6mjJbImXIRuwNx2RHcYUsGkRyFoQ== Completed in 3ms
1612 timing metavuln:cache:get:security-advisory:next:ifQt7MBMqEd9Arc65bPgbO7NN/CPItaUqh9qgYerFG+D6Z5OJOW1AZSSjU1PnJnxST7gEeAzzHeGiFNe99agnA== Completed in 2ms
1613 timing metavuln:load:security-advisory:next:AMhKztAOenk9sflyUi4sMyO4lcyKWfRBC9XaNvNYljUSLorFYtX31vJVIzKu5+H8cmhPDpmsteYIph4wPng+FA== Completed in 145ms
1614 timing metavuln:cache:put:security-advisory:next:ifQt7MBMqEd9Arc65bPgbO7NN/CPItaUqh9qgYerFG+D6Z5OJOW1AZSSjU1PnJnxST7gEeAzzHeGiFNe99agnA== Completed in 24ms
1615 timing metavuln:calculate:security-advisory:next:AMhKztAOenk9sflyUi4sMyO4lcyKWfRBC9XaNvNYljUSLorFYtX31vJVIzKu5+H8cmhPDpmsteYIph4wPng+FA== Completed in 171ms
1616 http fetch GET 200 https://registry.npmjs.org/webpack/-/webpack-5.106.2.tgz 46697ms (cache miss)
1617 timing reifyNode:node_modules/webpack Completed in 46826ms
1618 http fetch GET 200 https://registry.npmjs.org/vinext/-/vinext-0.0.50.tgz 46781ms (cache miss)
1619 timing reifyNode:node_modules/vinext Completed in 46912ms
1620 http fetch GET 200 https://registry.npmjs.org/miniflare 429ms (cache miss)
1621 timing metavuln:packument:miniflare Completed in 447ms
1622 timing metavuln:load:security-advisory:miniflare:AMhKztAOenk9sflyUi4sMyO4lcyKWfRBC9XaNvNYljUSLorFYtX31vJVIzKu5+H8cmhPDpmsteYIph4wPng+FA== Completed in 88ms
1623 timing metavuln:cache:put:security-advisory:miniflare:F3YS9EIqRmPHuIMAv82ofeDHSaSJFdIhILv9Ee0TjpCHbv24RnSsg7Ecdi6mjJbImXIRuwNx2RHcYUsGkRyFoQ== Completed in 351ms
1624 timing metavuln:calculate:security-advisory:miniflare:AMhKztAOenk9sflyUi4sMyO4lcyKWfRBC9XaNvNYljUSLorFYtX31vJVIzKu5+H8cmhPDpmsteYIph4wPng+FA== Completed in 886ms
1625 timing metavuln:cache:get:security-advisory:miniflare:tNyE3hPp5Ivc2hug8tOMIepS0iAcPlxoTZO9B9KUeRZwnw48OcBQW/BDNx1djANdog3j1bJnObngCsdKw93HVw== Completed in 1ms
1626 timing metavuln:load:security-advisory:miniflare:BQqGHmAr6t+2lAkZLN4/NHrEC9v1uU0BuU9L7dEuniQe7zHvhD4DDzFL1w3lwiKqhJwhc+LfIQMEF5quB6wFPw== Completed in 77ms
1627 timing metavuln:cache:put:security-advisory:miniflare:tNyE3hPp5Ivc2hug8tOMIepS0iAcPlxoTZO9B9KUeRZwnw48OcBQW/BDNx1djANdog3j1bJnObngCsdKw93HVw== Completed in 16ms
1628 timing metavuln:calculate:security-advisory:miniflare:BQqGHmAr6t+2lAkZLN4/NHrEC9v1uU0BuU9L7dEuniQe7zHvhD4DDzFL1w3lwiKqhJwhc+LfIQMEF5quB6wFPw== Completed in 94ms
1629 timing metavuln:cache:get:security-advisory:@cloudflare/vite-plugin:aqmisDGjCgYZZZEK4EcI+yusIigyQ6Bn0a45rfbIEXU80OUpTxsT1zD2R7CoGcNT6q4NYaQZBXspxUOabOlZ5A== Completed in 4ms
1630 timing metavuln:cache:get:security-advisory:@vitejs/plugin-react:8qqU48vPAREa7Dl4HK4M72U8PVuuO9VsmFi77JEsSqIsH+oEWZfEDy3SNaTZkgrX5XNNpi7wUj4WWXNmxueFYQ== Completed in 3ms
1631 timing metavuln:cache:get:security-advisory:@vitejs/plugin-rsc:QjOmZ/FeCLZ+LhbBGUnOt3MVffHz+OUzOrk0twa9z6Tw0MqWpCidxAvo17EnulT61NVFda28C4jcbsipjsT7/A== Completed in 3ms
1632 timing metavuln:load:security-advisory:@vitejs/plugin-rsc:u4GYj3X5lumBl2qXyVyop3T32GKOYgJzejrbOo6ijt9+JItvwGfVDlhZgbTnYVc0gaCrgt6JriyZZ6VluS1bYg== Completed in 0ms
1633 timing metavuln:cache:get:security-advisory:vinext:yJtCpOwArxTvp/F2zi2qNfiLlZQxFqrhb8n7frI7/tnxGjMKklw65BByfQEzT9sa6xXKCyLUEghi7uv33BTOjQ== Completed in 4ms
1634 timing metavuln:load:security-advisory:vinext:u4GYj3X5lumBl2qXyVyop3T32GKOYgJzejrbOo6ijt9+JItvwGfVDlhZgbTnYVc0gaCrgt6JriyZZ6VluS1bYg== Completed in 11ms
1635 timing metavuln:cache:get:security-advisory:vite-tsconfig-paths:zf3eMle0NxE06EKzPMwJci8aoQZGPjJqSMTZoiM65C69BKglQMtwK8nl4FMf/wW8EXogPCF4R6Pa6sBANVofyA== Completed in 17ms
1636 timing metavuln:cache:get:security-advisory:vitefu:bWxU11R8+h6BEtENvITsJsqskaZKKNhqjFggbSoOgI0dQXh2yIhaZ5QuLT+FjgrORdBNboGVCnL4veFiTyYSZQ== Completed in 16ms
1637 timing metavuln:cache:put:security-advisory:@vitejs/plugin-rsc:QjOmZ/FeCLZ+LhbBGUnOt3MVffHz+OUzOrk0twa9z6Tw0MqWpCidxAvo17EnulT61NVFda28C4jcbsipjsT7/A== Completed in 41ms
1638 timing metavuln:calculate:security-advisory:@vitejs/plugin-rsc:u4GYj3X5lumBl2qXyVyop3T32GKOYgJzejrbOo6ijt9+JItvwGfVDlhZgbTnYVc0gaCrgt6JriyZZ6VluS1bYg== Completed in 45ms
1639 timing metavuln:cache:put:security-advisory:vinext:yJtCpOwArxTvp/F2zi2qNfiLlZQxFqrhb8n7frI7/tnxGjMKklw65BByfQEzT9sa6xXKCyLUEghi7uv33BTOjQ== Completed in 32ms
1640 timing metavuln:calculate:security-advisory:vinext:u4GYj3X5lumBl2qXyVyop3T32GKOYgJzejrbOo6ijt9+JItvwGfVDlhZgbTnYVc0gaCrgt6JriyZZ6VluS1bYg== Completed in 48ms
1641 http fetch GET 200 https://registry.npmjs.org/vitefu 92ms (cache miss)
1642 timing metavuln:packument:vitefu Completed in 92ms
1643 timing metavuln:load:security-advisory:vitefu:u4GYj3X5lumBl2qXyVyop3T32GKOYgJzejrbOo6ijt9+JItvwGfVDlhZgbTnYVc0gaCrgt6JriyZZ6VluS1bYg== Completed in 18ms
1644 http fetch GET 200 https://registry.npmjs.org/vite-tsconfig-paths 128ms (cache miss)
1645 timing metavuln:packument:vite-tsconfig-paths Completed in 131ms
1646 timing metavuln:load:security-advisory:vite-tsconfig-paths:u4GYj3X5lumBl2qXyVyop3T32GKOYgJzejrbOo6ijt9+JItvwGfVDlhZgbTnYVc0gaCrgt6JriyZZ6VluS1bYg== Completed in 2ms
1647 http fetch GET 200 https://registry.npmjs.org/@vitejs%2fplugin-react 139ms (cache miss)
1648 timing metavuln:packument:@vitejs/plugin-react Completed in 140ms
1649 timing metavuln:load:security-advisory:@vitejs/plugin-react:u4GYj3X5lumBl2qXyVyop3T32GKOYgJzejrbOo6ijt9+JItvwGfVDlhZgbTnYVc0gaCrgt6JriyZZ6VluS1bYg== Completed in 15ms
1650 timing metavuln:cache:put:security-advisory:vitefu:bWxU11R8+h6BEtENvITsJsqskaZKKNhqjFggbSoOgI0dQXh2yIhaZ5QuLT+FjgrORdBNboGVCnL4veFiTyYSZQ== Completed in 49ms
1651 timing metavuln:calculate:security-advisory:vitefu:u4GYj3X5lumBl2qXyVyop3T32GKOYgJzejrbOo6ijt9+JItvwGfVDlhZgbTnYVc0gaCrgt6JriyZZ6VluS1bYg== Completed in 159ms
1652 http fetch GET 200 https://registry.npmjs.org/caniuse-lite/-/caniuse-lite-1.0.30001793.tgz 47523ms (cache miss)
1653 timing reifyNode:node_modules/caniuse-lite Completed in 47670ms
1654 timing metavuln:cache:put:security-advisory:vite-tsconfig-paths:zf3eMle0NxE06EKzPMwJci8aoQZGPjJqSMTZoiM65C69BKglQMtwK8nl4FMf/wW8EXogPCF4R6Pa6sBANVofyA== Completed in 40ms
1655 timing metavuln:calculate:security-advisory:vite-tsconfig-paths:u4GYj3X5lumBl2qXyVyop3T32GKOYgJzejrbOo6ijt9+JItvwGfVDlhZgbTnYVc0gaCrgt6JriyZZ6VluS1bYg== Completed in 175ms
1656 timing metavuln:cache:put:security-advisory:@vitejs/plugin-react:8qqU48vPAREa7Dl4HK4M72U8PVuuO9VsmFi77JEsSqIsH+oEWZfEDy3SNaTZkgrX5XNNpi7wUj4WWXNmxueFYQ== Completed in 22ms
1657 timing metavuln:calculate:security-advisory:@vitejs/plugin-react:u4GYj3X5lumBl2qXyVyop3T32GKOYgJzejrbOo6ijt9+JItvwGfVDlhZgbTnYVc0gaCrgt6JriyZZ6VluS1bYg== Completed in 178ms
1658 http fetch GET 200 https://registry.npmjs.org/@cloudflare%2fvite-plugin 199ms (cache miss)
1659 timing metavuln:packument:@cloudflare/vite-plugin Completed in 209ms
1660 timing metavuln:load:security-advisory:@cloudflare/vite-plugin:u4GYj3X5lumBl2qXyVyop3T32GKOYgJzejrbOo6ijt9+JItvwGfVDlhZgbTnYVc0gaCrgt6JriyZZ6VluS1bYg== Completed in 31ms
1661 timing metavuln:cache:put:security-advisory:@cloudflare/vite-plugin:aqmisDGjCgYZZZEK4EcI+yusIigyQ6Bn0a45rfbIEXU80OUpTxsT1zD2R7CoGcNT6q4NYaQZBXspxUOabOlZ5A== Completed in 17ms
1662 timing metavuln:calculate:security-advisory:@cloudflare/vite-plugin:u4GYj3X5lumBl2qXyVyop3T32GKOYgJzejrbOo6ijt9+JItvwGfVDlhZgbTnYVc0gaCrgt6JriyZZ6VluS1bYg== Completed in 257ms
1663 timing metavuln:cache:get:security-advisory:miniflare:WvZh5R7Pf7p/6vLV1/aRP5PuQaVlAM1gL3dJLAqZbiCgqEar52wuA8tzlPIkQ6VK9svb4fcA0VKfqDnpgoIUag== Completed in 1ms
1664 timing metavuln:load:security-advisory:miniflare:riCaqXeEj3LGJHsuDUezanD1igwJ1gD5B0Z0jDf8slGSkFNcUxH/yz4/VwuWsi+XAx/SPZKMWI5kAltGWYRGUg== Completed in 116ms
1665 timing metavuln:cache:get:security-advisory:@cloudflare/vite-plugin:kKK/jqWKCip1ZiKB3+2pxyjmJo9LgQAxG9/uytuEf/hwIRiCS7lay7SDZfmwF/zw8K6P/TWbcepiKarc5lz4ZA== Completed in 118ms
1666 timing metavuln:load:security-advisory:@cloudflare/vite-plugin:riCaqXeEj3LGJHsuDUezanD1igwJ1gD5B0Z0jDf8slGSkFNcUxH/yz4/VwuWsi+XAx/SPZKMWI5kAltGWYRGUg== Completed in 30ms
1667 timing metavuln:cache:put:security-advisory:miniflare:WvZh5R7Pf7p/6vLV1/aRP5PuQaVlAM1gL3dJLAqZbiCgqEar52wuA8tzlPIkQ6VK9svb4fcA0VKfqDnpgoIUag== Completed in 52ms
1668 timing metavuln:calculate:security-advisory:miniflare:riCaqXeEj3LGJHsuDUezanD1igwJ1gD5B0Z0jDf8slGSkFNcUxH/yz4/VwuWsi+XAx/SPZKMWI5kAltGWYRGUg== Completed in 169ms
1669 timing metavuln:cache:put:security-advisory:@cloudflare/vite-plugin:kKK/jqWKCip1ZiKB3+2pxyjmJo9LgQAxG9/uytuEf/hwIRiCS7lay7SDZfmwF/zw8K6P/TWbcepiKarc5lz4ZA== Completed in 21ms
1670 timing metavuln:calculate:security-advisory:@cloudflare/vite-plugin:riCaqXeEj3LGJHsuDUezanD1igwJ1gD5B0Z0jDf8slGSkFNcUxH/yz4/VwuWsi+XAx/SPZKMWI5kAltGWYRGUg== Completed in 170ms
1671 timing metavuln:cache:get:security-advisory:@esbuild-kit/esm-loader:dM1raP9ooaG7+TcdvwY6fejABcBRVEb0szo3xbZeRxxOvzToM7WmZiJGxBVMqoOQFvc6vPF/chev1Lo81TfpHw== Completed in 2ms
1672 http fetch GET 200 https://registry.npmjs.org/@esbuild-kit%2fesm-loader 88ms (cache miss)
1673 timing metavuln:packument:@esbuild-kit/esm-loader Completed in 90ms
1674 timing metavuln:load:security-advisory:@esbuild-kit/esm-loader:QWr7rHrhIrLlRjYpr1VfwIE8AKAqPNpFR+YQLZGNvf4WWxomgQSvZ8bNzzflX9CujuIG+R/G+IIytOgslFjuSg== Completed in 1ms
1675 timing metavuln:cache:put:security-advisory:@esbuild-kit/esm-loader:dM1raP9ooaG7+TcdvwY6fejABcBRVEb0szo3xbZeRxxOvzToM7WmZiJGxBVMqoOQFvc6vPF/chev1Lo81TfpHw== Completed in 17ms
1676 timing metavuln:calculate:security-advisory:@esbuild-kit/esm-loader:QWr7rHrhIrLlRjYpr1VfwIE8AKAqPNpFR+YQLZGNvf4WWxomgQSvZ8bNzzflX9CujuIG+R/G+IIytOgslFjuSg== Completed in 109ms
1677 timing metavuln:cache:get:security-advisory:@cloudflare/vite-plugin:b8VwqdVu8/VK7ymSTO6crVhcVMZjDIyeeN2jUu02OyXA8vdzZQ2jrQFrvVuvhRCqsgJ95KybzEiu0e2viRWzBA== Completed in 1ms
1678 timing metavuln:load:security-advisory:@cloudflare/vite-plugin:IbwLhHamLsqAJhkmLvB3/H06G7FSgnuaJYfxC1yc97O6kz5SYUX2UG6qcZSxh46cbJEGu4i2PXDBcyf29SNr5A== Completed in 2344ms
1679 timing metavuln:cache:put:security-advisory:@cloudflare/vite-plugin:b8VwqdVu8/VK7ymSTO6crVhcVMZjDIyeeN2jUu02OyXA8vdzZQ2jrQFrvVuvhRCqsgJ95KybzEiu0e2viRWzBA== Completed in 22ms
1680 timing metavuln:calculate:security-advisory:@cloudflare/vite-plugin:IbwLhHamLsqAJhkmLvB3/H06G7FSgnuaJYfxC1yc97O6kz5SYUX2UG6qcZSxh46cbJEGu4i2PXDBcyf29SNr5A== Completed in 2367ms
1681 timing metavuln:cache:get:security-advisory:@cloudflare/vite-plugin:ofPB9Qg9kWK/ritGQY36+CMt/Zu3KoiIFx+7BH/ZnKfg27lG7wNXcR+bOQlccIiSujqaxSD567m/ANsjn/bO2g== Completed in 1ms
1682 timing metavuln:load:security-advisory:@cloudflare/vite-plugin:F3YS9EIqRmPHuIMAv82ofeDHSaSJFdIhILv9Ee0TjpCHbv24RnSsg7Ecdi6mjJbImXIRuwNx2RHcYUsGkRyFoQ== Completed in 588ms
1683 timing metavuln:cache:get:security-advisory:wrangler:1BNrzFT4UAhyNgCj/ypMTm652NS3Ab5AhhPsvkNvaT4vNyhSVa1wRJFqd4aE13HwmdtvgG96KJkwWkrahg2T9g== Completed in 590ms
1684 timing metavuln:load:security-advisory:wrangler:F3YS9EIqRmPHuIMAv82ofeDHSaSJFdIhILv9Ee0TjpCHbv24RnSsg7Ecdi6mjJbImXIRuwNx2RHcYUsGkRyFoQ== Completed in 1990ms
1685 timing metavuln:cache:put:security-advisory:@cloudflare/vite-plugin:ofPB9Qg9kWK/ritGQY36+CMt/Zu3KoiIFx+7BH/ZnKfg27lG7wNXcR+bOQlccIiSujqaxSD567m/ANsjn/bO2g== Completed in 2020ms
1686 timing metavuln:calculate:security-advisory:@cloudflare/vite-plugin:F3YS9EIqRmPHuIMAv82ofeDHSaSJFdIhILv9Ee0TjpCHbv24RnSsg7Ecdi6mjJbImXIRuwNx2RHcYUsGkRyFoQ== Completed in 2609ms
1687 timing metavuln:cache:put:security-advisory:wrangler:1BNrzFT4UAhyNgCj/ypMTm652NS3Ab5AhhPsvkNvaT4vNyhSVa1wRJFqd4aE13HwmdtvgG96KJkwWkrahg2T9g== Completed in 37ms
1688 timing metavuln:calculate:security-advisory:wrangler:F3YS9EIqRmPHuIMAv82ofeDHSaSJFdIhILv9Ee0TjpCHbv24RnSsg7Ecdi6mjJbImXIRuwNx2RHcYUsGkRyFoQ== Completed in 2617ms
1689 timing metavuln:cache:get:security-advisory:drizzle-kit:Uc7Kn2n/59d0y84Uj5hqxpVLrBgJFuvxmrmjnbcQpD2jgoLZJ1K0am3genLjBDtC7ZkUekAgQDM6OlubPKQ5HA== Completed in 3ms
1690 http fetch GET 200 https://registry.npmjs.org/drizzle-kit 271ms (cache miss)
1691 timing metavuln:packument:drizzle-kit Completed in 280ms
1692 timing metavuln:load:security-advisory:drizzle-kit:dM1raP9ooaG7+TcdvwY6fejABcBRVEb0szo3xbZeRxxOvzToM7WmZiJGxBVMqoOQFvc6vPF/chev1Lo81TfpHw== Completed in 20ms
1693 timing metavuln:cache:put:security-advisory:drizzle-kit:Uc7Kn2n/59d0y84Uj5hqxpVLrBgJFuvxmrmjnbcQpD2jgoLZJ1K0am3genLjBDtC7ZkUekAgQDM6OlubPKQ5HA== Completed in 20ms
1694 timing metavuln:calculate:security-advisory:drizzle-kit:dM1raP9ooaG7+TcdvwY6fejABcBRVEb0szo3xbZeRxxOvzToM7WmZiJGxBVMqoOQFvc6vPF/chev1Lo81TfpHw== Completed in 320ms
1695 timing auditReport:init Completed in 52776ms
1696 timing reify:audit Completed in 53390ms
1697 http fetch GET 200 https://registry.npmjs.org/@cloudflare/workerd-windows-64/-/workerd-windows-64-1.20260515.1.tgz 53387ms (cache miss)
1698 timing reifyNode:node_modules/@cloudflare/workerd-windows-64 Completed in 53513ms
1699 http fetch GET 200 https://registry.npmjs.org/@next/swc-win32-x64-msvc/-/swc-win32-x64-msvc-16.2.6.tgz 55297ms (cache miss)
1700 timing reifyNode:node_modules/@next/swc-win32-x64-msvc Completed in 55422ms
1701 http fetch GET 200 https://registry.npmjs.org/drizzle-orm/-/drizzle-orm-0.45.2.tgz 68618ms (cache miss)
1702 timing reifyNode:node_modules/drizzle-orm Completed in 68771ms
1703 http fetch GET 200 https://registry.npmjs.org/next/-/next-16.2.6.tgz 95651ms (cache miss)
1704 timing reifyNode:node_modules/next Completed in 95787ms
1705 timing reify:unpack Completed in 95795ms
1706 timing reify:unretire Completed in 6ms
1707 timing build:queue Completed in 17ms
1708 timing build:link:node_modules/wrangler/node_modules/esbuild Completed in 145ms
1709 timing build:link:node_modules/@typescript-eslint/typescript-estree/node_modules/semver Completed in 146ms
1710 timing build:link:node_modules/@shuding/opentype.js Completed in 150ms
1711 timing build:link:node_modules/baseline-browser-mapping Completed in 150ms
1712 timing build:link:node_modules/drizzle-kit/node_modules/esbuild Completed in 146ms
1713 timing build:link:node_modules/@babel/parser Completed in 151ms
1714 timing build:link:node_modules/acorn Completed in 150ms
1715 timing build:link:node_modules/browserslist Completed in 150ms
1716 timing build:link:node_modules/eslint Completed in 150ms
1717 timing build:link:node_modules/image-size Completed in 149ms
1718 timing build:link:node_modules/jiti Completed in 149ms
1719 timing build:link:node_modules/loose-envify Completed in 149ms
1720 timing build:link:node_modules/json5 Completed in 149ms
1721 timing build:link:node_modules/jsesc Completed in 149ms
1722 timing build:link:node_modules/esbuild Completed in 150ms
1723 timing build:link:node_modules/napi-postinstall Completed in 149ms
1724 timing build:link:node_modules/js-yaml Completed in 149ms
1725 timing build:link:node_modules/miniflare Completed in 149ms
1726 timing build:link:node_modules/nanoid Completed in 149ms
1727 timing build:link:node_modules/srvx Completed in 148ms
1728 timing build:link:node_modules/resolve Completed in 149ms
1729 timing build:link:node_modules/next Completed in 149ms
1730 timing build:link:node_modules/rolldown Completed in 149ms
1731 timing build:link:node_modules/terser Completed in 148ms
1732 timing build:link:node_modules/tsx Completed in 148ms
1733 timing build:link:node_modules/tsconfck Completed in 148ms
1734 timing build:link:node_modules/update-browserslist-db Completed in 148ms
1735 timing build:link:node_modules/semver Completed in 148ms
1736 timing build:link:node_modules/typescript Completed in 148ms
1737 timing build:link:node_modules/vite Completed in 148ms
1738 timing build:link:node_modules/vinext Completed in 148ms
1739 timing build:link:node_modules/which Completed in 147ms
1740 timing build:link:node_modules/webpack Completed in 148ms
1741 timing build:link:node_modules/workerd Completed in 148ms
1742 timing build:link:node_modules/is-bun-module/node_modules/semver Completed in 147ms
1743 timing build:link:node_modules/@esbuild-kit/core-utils/node_modules/esbuild Completed in 148ms
1744 timing build:link:node_modules/wrangler Completed in 148ms
1745 timing build:link:node_modules/tsconfig-paths/node_modules/json5 Completed in 147ms
1746 timing build:link:node_modules/sharp/node_modules/semver Completed in 147ms
1747 timing build:link:node_modules/drizzle-kit Completed in 153ms
1748 timing build:link Completed in 154ms
1749 info run esbuild@0.28.0 postinstall node_modules/esbuild node install.js
1750 info run workerd@1.20260515.1 postinstall node_modules/workerd node install.js
1751 info run esbuild@0.18.20 postinstall node_modules/@esbuild-kit/core-utils/node_modules/esbuild node install.js
1752 info run esbuild@0.25.12 postinstall node_modules/drizzle-kit/node_modules/esbuild node install.js
1753 info run esbuild@0.27.3 postinstall node_modules/wrangler/node_modules/esbuild node install.js
1754 info run esbuild@0.27.3 postinstall { code: 0, signal: null }
1755 timing build:run:postinstall:node_modules/wrangler/node_modules/esbuild Completed in 398ms
1756 info run esbuild@0.25.12 postinstall { code: 0, signal: null }
1757 timing build:run:postinstall:node_modules/drizzle-kit/node_modules/esbuild Completed in 624ms
1758 info run esbuild@0.28.0 postinstall { code: 0, signal: null }
1759 timing build:run:postinstall:node_modules/esbuild Completed in 1775ms
1760 info run esbuild@0.18.20 postinstall { code: 0, signal: null }
1761 timing build:run:postinstall:node_modules/@esbuild-kit/core-utils/node_modules/esbuild Completed in 1727ms
1762 info run workerd@1.20260515.1 postinstall { code: 0, signal: null }
1763 timing build:run:postinstall:node_modules/workerd Completed in 4053ms
1764 timing build:run:postinstall Completed in 4111ms
1765 timing build:deps Completed in 4283ms
1766 timing build Completed in 4284ms
1767 timing reify:build Completed in 4285ms
1768 timing reify:trash Completed in 1459ms
1769 timing reify:save Completed in 283ms
1770 timing reify Completed in 103491ms
1771 silly CHANGE node_modules/@esbuild-kit/core-utils/node_modules/@esbuild/win32-ia32
1772 silly CHANGE node_modules/@esbuild-kit/core-utils/node_modules/@esbuild/win32-arm64
1773 silly CHANGE node_modules/@esbuild-kit/core-utils/node_modules/@esbuild/sunos-x64
1774 silly CHANGE node_modules/@esbuild-kit/core-utils/node_modules/@esbuild/openbsd-x64
1775 silly CHANGE node_modules/@esbuild-kit/core-utils/node_modules/@esbuild/netbsd-x64
1776 silly CHANGE node_modules/@esbuild-kit/core-utils/node_modules/@esbuild/linux-riscv64
1777 silly CHANGE node_modules/@esbuild-kit/core-utils/node_modules/@esbuild/linux-x64
1778 silly CHANGE node_modules/@esbuild-kit/core-utils/node_modules/@esbuild/linux-s390x
1779 silly CHANGE node_modules/@esbuild-kit/core-utils/node_modules/@esbuild/linux-loong64
1780 silly CHANGE node_modules/@esbuild-kit/core-utils/node_modules/@esbuild/linux-ppc64
1781 silly CHANGE node_modules/@esbuild-kit/core-utils/node_modules/@esbuild/linux-arm64
1782 silly CHANGE node_modules/@esbuild-kit/core-utils/node_modules/@esbuild/linux-mips64el
1783 silly CHANGE node_modules/@esbuild-kit/core-utils/node_modules/@esbuild/linux-arm
1784 silly CHANGE node_modules/@esbuild-kit/core-utils/node_modules/@esbuild/linux-ia32
1785 silly CHANGE node_modules/@esbuild-kit/core-utils/node_modules/@esbuild/darwin-x64
1786 silly CHANGE node_modules/@esbuild-kit/core-utils/node_modules/@esbuild/freebsd-x64
1787 silly CHANGE node_modules/@esbuild-kit/core-utils/node_modules/@esbuild/freebsd-arm64
1788 silly CHANGE node_modules/@esbuild-kit/core-utils/node_modules/@esbuild/darwin-arm64
1789 silly CHANGE node_modules/@esbuild-kit/core-utils/node_modules/@esbuild/android-x64
1790 silly CHANGE node_modules/@esbuild-kit/core-utils/node_modules/@esbuild/android-arm64
1791 silly CHANGE node_modules/@esbuild-kit/core-utils/node_modules/@esbuild/android-arm
1792 silly CHANGE node_modules/@esbuild-kit/core-utils/node_modules/esbuild
1793 silly CHANGE node_modules/tsconfig-paths/node_modules/json5
1794 silly CHANGE node_modules/sharp/node_modules/semver
1795 silly CHANGE node_modules/is-bun-module/node_modules/semver
1796 silly CHANGE node_modules/@vitejs/plugin-rsc
1797 silly CHANGE node_modules/@vitejs/plugin-rsc/node_modules/@rolldown/pluginutils
1798 silly CHANGE node_modules/@vitejs/plugin-react
1799 silly CHANGE node_modules/@vercel/og
1800 silly CHANGE node_modules/@unrs/resolver-binding-win32-ia32-msvc
1801 silly CHANGE node_modules/@unrs/resolver-binding-win32-arm64-msvc
1802 silly CHANGE node_modules/@unrs/resolver-binding-wasm32-wasi
1803 silly CHANGE node_modules/@unrs/resolver-binding-linux-x64-musl
1804 silly CHANGE node_modules/@unrs/resolver-binding-linux-s390x-gnu
1805 silly CHANGE node_modules/@unrs/resolver-binding-linux-x64-gnu
1806 silly CHANGE node_modules/@unrs/resolver-binding-linux-riscv64-musl
1807 silly CHANGE node_modules/@unrs/resolver-binding-linux-riscv64-gnu
1808 silly CHANGE node_modules/@unrs/resolver-binding-linux-ppc64-gnu
1809 silly CHANGE node_modules/@unrs/resolver-binding-linux-arm64-musl
1810 silly CHANGE node_modules/@unrs/resolver-binding-linux-arm64-gnu
1811 silly CHANGE node_modules/@unrs/resolver-binding-linux-arm-musleabihf
1812 silly CHANGE node_modules/@unrs/resolver-binding-linux-arm-gnueabihf
1813 silly CHANGE node_modules/@unrs/resolver-binding-freebsd-x64
1814 silly CHANGE node_modules/@unrs/resolver-binding-darwin-x64
1815 silly CHANGE node_modules/@unrs/resolver-binding-darwin-arm64
1816 silly CHANGE node_modules/@unrs/resolver-binding-android-arm-eabi
1817 silly CHANGE node_modules/@unrs/resolver-binding-android-arm64
1818 silly CHANGE node_modules/@typescript-eslint/utils
1819 silly CHANGE node_modules/@typescript-eslint/typescript-estree
1820 silly CHANGE node_modules/@typescript-eslint/typescript-estree/node_modules/semver
1821 silly CHANGE node_modules/@typescript-eslint/typescript-estree/node_modules/brace-expansion
1822 silly CHANGE node_modules/@typescript-eslint/typescript-estree/node_modules/balanced-match
1823 silly CHANGE node_modules/@typescript-eslint/typescript-estree/node_modules/minimatch
1824 silly CHANGE node_modules/@typescript-eslint/visitor-keys
1825 silly CHANGE node_modules/@typescript-eslint/visitor-keys/node_modules/eslint-visitor-keys
1826 silly CHANGE node_modules/@typescript-eslint/types
1827 silly CHANGE node_modules/@typescript-eslint/type-utils
1828 silly CHANGE node_modules/@typescript-eslint/scope-manager
1829 silly CHANGE node_modules/@typescript-eslint/tsconfig-utils
1830 silly CHANGE node_modules/@typescript-eslint/parser
1831 silly CHANGE node_modules/@typescript-eslint/project-service
1832 silly CHANGE node_modules/@typescript-eslint/eslint-plugin
1833 silly CHANGE node_modules/@typescript-eslint/eslint-plugin/node_modules/ignore
1834 silly CHANGE node_modules/@unpic/react
1835 silly CHANGE node_modules/@types/node
1836 silly CHANGE node_modules/@unpic/core
1837 silly CHANGE node_modules/@tailwindcss/postcss
1838 silly CHANGE node_modules/@tailwindcss/oxide-win32-x64-msvc
1839 silly CHANGE node_modules/@tailwindcss/oxide-win32-arm64-msvc
1840 silly CHANGE node_modules/@tailwindcss/oxide-linux-x64-musl
1841 silly CHANGE node_modules/@tailwindcss/oxide-wasm32-wasi
1842 silly CHANGE node_modules/@tailwindcss/oxide-linux-x64-gnu
1843 silly CHANGE node_modules/@tailwindcss/oxide-linux-arm64-musl
1844 silly CHANGE node_modules/@tailwindcss/oxide-linux-arm64-gnu
1845 silly CHANGE node_modules/@tailwindcss/oxide-freebsd-x64
1846 silly CHANGE node_modules/@tailwindcss/oxide-linux-arm-gnueabihf
1847 silly CHANGE node_modules/@tailwindcss/oxide-android-arm64
1848 silly CHANGE node_modules/@tailwindcss/oxide-darwin-x64
1849 silly CHANGE node_modules/@tailwindcss/oxide-darwin-arm64
1850 silly CHANGE node_modules/@tailwindcss/oxide
1851 silly CHANGE node_modules/@tailwindcss/node
1852 silly CHANGE node_modules/@speed-highlight/core
1853 silly CHANGE node_modules/@sindresorhus/is
1854 silly CHANGE node_modules/@rolldown/binding-win32-x64-msvc
1855 silly CHANGE node_modules/@rolldown/pluginutils
1856 silly CHANGE node_modules/@resvg/resvg-wasm
1857 silly CHANGE node_modules/@rolldown/binding-linux-x64-musl
1858 silly CHANGE node_modules/@shuding/opentype.js
1859 silly CHANGE node_modules/@rolldown/binding-openharmony-arm64
1860 silly CHANGE node_modules/@rolldown/binding-win32-arm64-msvc
1861 silly CHANGE node_modules/@rolldown/binding-wasm32-wasi
1862 silly CHANGE node_modules/@rolldown/binding-wasm32-wasi/node_modules/@napi-rs/wasm-runtime
1863 silly CHANGE node_modules/@rolldown/binding-linux-s390x-gnu
1864 silly CHANGE node_modules/@rolldown/binding-linux-x64-gnu
1865 silly CHANGE node_modules/@rolldown/binding-linux-ppc64-gnu
1866 silly CHANGE node_modules/@rolldown/binding-linux-arm64-gnu
1867 silly CHANGE node_modules/@rolldown/binding-linux-arm64-musl
1868 silly CHANGE node_modules/@rolldown/binding-linux-arm-gnueabihf
1869 silly CHANGE node_modules/@rolldown/binding-freebsd-x64
1870 silly CHANGE node_modules/@rolldown/binding-darwin-x64
1871 silly CHANGE node_modules/@rolldown/binding-darwin-arm64
1872 silly CHANGE node_modules/@poppinss/exception
1873 silly CHANGE node_modules/@rolldown/binding-android-arm64
1874 silly CHANGE node_modules/@poppinss/dumper
1875 silly CHANGE node_modules/@poppinss/dumper/node_modules/supports-color
1876 silly CHANGE node_modules/@poppinss/colors
1877 silly CHANGE node_modules/@oxc-project/types
1878 silly CHANGE node_modules/@next/swc-linux-arm64-musl
1879 silly CHANGE node_modules/@next/swc-win32-x64-msvc
1880 silly CHANGE node_modules/@next/swc-win32-arm64-msvc
1881 silly CHANGE node_modules/@next/swc-linux-x64-musl
1882 silly CHANGE node_modules/@next/swc-linux-arm64-gnu
1883 silly CHANGE node_modules/@next/swc-linux-x64-gnu
1884 silly CHANGE node_modules/@next/swc-darwin-arm64
1885 silly CHANGE node_modules/@next/swc-darwin-x64
1886 silly CHANGE node_modules/@next/eslint-plugin-next
1887 silly CHANGE node_modules/@next/env
1888 silly CHANGE node_modules/@img/sharp-win32-arm64
1889 silly CHANGE node_modules/@img/sharp-win32-ia32
1890 silly CHANGE node_modules/@img/sharp-wasm32
1891 silly CHANGE node_modules/@img/sharp-linuxmusl-x64
1892 silly CHANGE node_modules/@img/sharp-linux-x64
1893 silly CHANGE node_modules/@img/sharp-linux-s390x
1894 silly CHANGE node_modules/@img/sharp-linuxmusl-arm64
1895 silly CHANGE node_modules/@img/sharp-linux-arm64
1896 silly CHANGE node_modules/@img/sharp-linux-arm
1897 silly CHANGE node_modules/@img/sharp-linux-ppc64
1898 silly CHANGE node_modules/@img/sharp-linux-riscv64
1899 silly CHANGE node_modules/@img/sharp-libvips-linuxmusl-x64
1900 silly CHANGE node_modules/@img/sharp-libvips-linuxmusl-arm64
1901 silly CHANGE node_modules/@img/sharp-libvips-linux-x64
1902 silly CHANGE node_modules/@img/sharp-libvips-linux-arm64
1903 silly CHANGE node_modules/@img/sharp-libvips-linux-riscv64
1904 silly CHANGE node_modules/@img/sharp-libvips-linux-s390x
1905 silly CHANGE node_modules/@img/sharp-libvips-linux-ppc64
1906 silly CHANGE node_modules/@img/sharp-libvips-linux-arm
1907 silly CHANGE node_modules/@img/sharp-libvips-darwin-x64
1908 silly CHANGE node_modules/@img/sharp-libvips-darwin-arm64
1909 silly CHANGE node_modules/@img/sharp-darwin-x64
1910 silly CHANGE node_modules/@img/sharp-darwin-arm64
1911 silly CHANGE node_modules/@esbuild/win32-ia32
1912 silly CHANGE node_modules/@esbuild/win32-arm64
1913 silly CHANGE node_modules/@esbuild/openharmony-arm64
1914 silly CHANGE node_modules/@esbuild/sunos-x64
1915 silly CHANGE node_modules/@esbuild/openbsd-x64
1916 silly CHANGE node_modules/@esbuild/openbsd-arm64
1917 silly CHANGE node_modules/@esbuild/netbsd-arm64
1918 silly CHANGE node_modules/@esbuild/netbsd-x64
1919 silly CHANGE node_modules/@esbuild/linux-s390x
1920 silly CHANGE node_modules/@esbuild/linux-x64
1921 silly CHANGE node_modules/@esbuild/linux-riscv64
1922 silly CHANGE node_modules/@esbuild/linux-mips64el
1923 silly CHANGE node_modules/@esbuild/linux-ppc64
1924 silly CHANGE node_modules/@esbuild/linux-loong64
1925 silly CHANGE node_modules/@esbuild/linux-ia32
1926 silly CHANGE node_modules/@esbuild/linux-arm64
1927 silly CHANGE node_modules/@esbuild/linux-arm
1928 silly CHANGE node_modules/@esbuild/freebsd-arm64
1929 silly CHANGE node_modules/@esbuild/freebsd-x64
1930 silly CHANGE node_modules/@esbuild/darwin-x64
1931 silly CHANGE node_modules/@esbuild/darwin-arm64
1932 silly CHANGE node_modules/@esbuild/android-arm
1933 silly CHANGE node_modules/@esbuild/android-x64
1934 silly CHANGE node_modules/@esbuild/aix-ppc64
1935 silly CHANGE node_modules/@esbuild/android-arm64
1936 silly CHANGE node_modules/@cspotcode/source-map-support
1937 silly CHANGE node_modules/@cspotcode/source-map-support/node_modules/@jridgewell/trace-mapping
1938 silly CHANGE node_modules/@cloudflare/workerd-linux-64
1939 silly CHANGE node_modules/@cloudflare/workerd-windows-64
1940 silly CHANGE node_modules/@cloudflare/workerd-linux-arm64
1941 silly CHANGE node_modules/@cloudflare/workerd-darwin-64
1942 silly CHANGE node_modules/@cloudflare/vite-plugin
1943 silly CHANGE node_modules/@cloudflare/workerd-darwin-arm64
1944 silly CHANGE node_modules/@cloudflare/kv-asset-handler
1945 silly CHANGE node_modules/@cloudflare/unenv-preset
1946 silly CHANGE node_modules/@babel/parser
1947 silly CHANGE node_modules/youch-core
1948 silly CHANGE node_modules/youch
1949 silly CHANGE node_modules/yoga-layout
1950 silly CHANGE node_modules/wrangler
1951 silly CHANGE node_modules/wrangler/node_modules/@esbuild/win32-ia32
1952 silly CHANGE node_modules/wrangler/node_modules/@esbuild/win32-x64
1953 silly CHANGE node_modules/wrangler/node_modules/@esbuild/win32-arm64
1954 silly CHANGE node_modules/wrangler/node_modules/@esbuild/sunos-x64
1955 silly CHANGE node_modules/wrangler/node_modules/@esbuild/openbsd-arm64
1956 silly CHANGE node_modules/wrangler/node_modules/@esbuild/openharmony-arm64
1957 silly CHANGE node_modules/wrangler/node_modules/@esbuild/openbsd-x64
1958 silly CHANGE node_modules/wrangler/node_modules/@esbuild/netbsd-x64
1959 silly CHANGE node_modules/wrangler/node_modules/@esbuild/netbsd-arm64
1960 silly CHANGE node_modules/wrangler/node_modules/@esbuild/linux-s390x
1961 silly CHANGE node_modules/wrangler/node_modules/@esbuild/linux-riscv64
1962 silly CHANGE node_modules/wrangler/node_modules/@esbuild/linux-ppc64
1963 silly CHANGE node_modules/wrangler/node_modules/@esbuild/linux-x64
1964 silly CHANGE node_modules/wrangler/node_modules/@esbuild/linux-mips64el
1965 silly CHANGE node_modules/wrangler/node_modules/@esbuild/linux-loong64
1966 silly CHANGE node_modules/wrangler/node_modules/@esbuild/linux-ia32
1967 silly CHANGE node_modules/wrangler/node_modules/@esbuild/linux-arm64
1968 silly CHANGE node_modules/wrangler/node_modules/@esbuild/linux-arm
1969 silly CHANGE node_modules/wrangler/node_modules/@esbuild/freebsd-arm64
1970 silly CHANGE node_modules/wrangler/node_modules/@esbuild/freebsd-x64
1971 silly CHANGE node_modules/wrangler/node_modules/@esbuild/darwin-arm64
1972 silly CHANGE node_modules/wrangler/node_modules/@esbuild/darwin-x64
1973 silly CHANGE node_modules/wrangler/node_modules/@esbuild/android-x64
1974 silly CHANGE node_modules/wrangler/node_modules/@esbuild/android-arm
1975 silly CHANGE node_modules/wrangler/node_modules/@esbuild/android-arm64
1976 silly CHANGE node_modules/wrangler/node_modules/@esbuild/aix-ppc64
1977 silly CHANGE node_modules/wrangler/node_modules/esbuild
1978 silly CHANGE node_modules/ws
1979 silly CHANGE node_modules/workerd
1980 silly CHANGE node_modules/which
1981 silly CHANGE node_modules/webpack
1982 silly CHANGE node_modules/webpack/node_modules/eslint-scope
1983 silly CHANGE node_modules/webpack/node_modules/estraverse
1984 silly CHANGE node_modules/webpack-sources
1985 silly CHANGE node_modules/watchpack
1986 silly CHANGE node_modules/web-vitals
1987 silly CHANGE node_modules/vite-tsconfig-paths
1988 silly CHANGE node_modules/vite-plugin-commonjs
1989 silly CHANGE node_modules/vite-plugin-dynamic-import
1990 silly CHANGE node_modules/vite-plugin-dynamic-import/node_modules/glob-parent
1991 silly CHANGE node_modules/vite-plugin-dynamic-import/node_modules/fast-glob
1992 silly CHANGE node_modules/vite-plugin-dynamic-import/node_modules/es-module-lexer
1993 silly CHANGE node_modules/vitefu
1994 silly CHANGE node_modules/vite
1995 silly CHANGE node_modules/vite/node_modules/picomatch
1996 silly CHANGE node_modules/vite/node_modules/lightningcss-win32-x64-msvc
1997 silly CHANGE node_modules/vite/node_modules/lightningcss-win32-arm64-msvc
1998 silly CHANGE node_modules/vite/node_modules/lightningcss-linux-x64-musl
1999 silly CHANGE node_modules/vite/node_modules/lightningcss-linux-arm64-musl
2000 silly CHANGE node_modules/vite/node_modules/lightningcss-linux-x64-gnu
2001 silly CHANGE node_modules/vite/node_modules/lightningcss-linux-arm-gnueabihf
2002 silly CHANGE node_modules/vite/node_modules/lightningcss-freebsd-x64
2003 silly CHANGE node_modules/vite/node_modules/lightningcss-linux-arm64-gnu
2004 silly CHANGE node_modules/vite/node_modules/lightningcss-darwin-x64
2005 silly CHANGE node_modules/vite/node_modules/lightningcss-darwin-arm64
2006 silly CHANGE node_modules/vite/node_modules/lightningcss-android-arm64
2007 silly CHANGE node_modules/vite/node_modules/lightningcss
2008 silly CHANGE node_modules/update-browserslist-db
2009 silly CHANGE node_modules/vinext
2010 silly CHANGE node_modules/unicode-trie
2011 silly CHANGE node_modules/unpic
2012 silly CHANGE node_modules/undici
2013 silly CHANGE node_modules/unenv
2014 silly CHANGE node_modules/typescript
2015 silly CHANGE node_modules/typescript-eslint
2016 silly CHANGE node_modules/turbo-stream
2017 silly CHANGE node_modules/tsx
2018 silly CHANGE node_modules/tsconfck
2019 silly CHANGE node_modules/tiny-inflate
2020 silly CHANGE node_modules/terser
2021 silly CHANGE node_modules/terser-webpack-plugin
2022 silly CHANGE node_modules/tailwindcss
2023 silly CHANGE node_modules/strip-literal
2024 silly CHANGE node_modules/strip-literal/node_modules/js-tokens
2025 silly CHANGE node_modules/string.prototype.codepointat
2026 silly CHANGE node_modules/srvx
2027 silly CHANGE node_modules/semver
2028 silly CHANGE node_modules/schema-utils
2029 silly CHANGE node_modules/schema-utils/node_modules/ajv-keywords
2030 silly CHANGE node_modules/schema-utils/node_modules/ajv
2031 silly CHANGE node_modules/schema-utils/node_modules/json-schema-traverse
2032 silly CHANGE node_modules/satori
2033 silly CHANGE node_modules/rolldown
2034 silly CHANGE node_modules/resolve
2035 silly CHANGE node_modules/react-server-dom-webpack
2036 silly CHANGE node_modules/parse-css-color
2037 silly CHANGE node_modules/pako
2038 silly CHANGE node_modules/node-releases
2039 silly CHANGE node_modules/next
2040 silly CHANGE node_modules/next/node_modules/postcss
2041 silly CHANGE node_modules/nanoid
2042 silly CHANGE node_modules/napi-postinstall
2043 silly CHANGE node_modules/miniflare
2044 silly CHANGE node_modules/loose-envify
2045 silly CHANGE node_modules/loader-runner
2046 silly CHANGE node_modules/lightningcss-linux-x64-musl
2047 silly CHANGE node_modules/linebreak
2048 silly CHANGE node_modules/lightningcss-win32-x64-msvc
2049 silly CHANGE node_modules/lightningcss-linux-x64-gnu
2050 silly CHANGE node_modules/lightningcss-win32-arm64-msvc
2051 silly CHANGE node_modules/lightningcss-linux-arm64-gnu
2052 silly CHANGE node_modules/lightningcss-linux-arm64-musl
2053 silly CHANGE node_modules/lightningcss-darwin-arm64
2054 silly CHANGE node_modules/lightningcss-linux-arm-gnueabihf
2055 silly CHANGE node_modules/lightningcss-freebsd-x64
2056 silly CHANGE node_modules/lightningcss-darwin-x64
2057 silly CHANGE node_modules/lightningcss-android-arm64
2058 silly CHANGE node_modules/lightningcss
2059 silly CHANGE node_modules/json5
2060 silly CHANGE node_modules/jsesc
2061 silly CHANGE node_modules/js-yaml
2062 silly CHANGE node_modules/jiti
2063 silly CHANGE node_modules/ipaddr.js
2064 silly CHANGE node_modules/image-size
2065 silly CHANGE node_modules/hex-rgb
2066 silly CHANGE node_modules/globrex
2067 silly CHANGE node_modules/fsevents
2068 silly CHANGE node_modules/fflate
2069 silly CHANGE node_modules/estree-walker
2070 silly CHANGE node_modules/eslint
2071 silly CHANGE node_modules/eslint-config-next
2072 silly CHANGE node_modules/eslint-config-next/node_modules/globals
2073 silly CHANGE node_modules/esbuild
2074 silly CHANGE node_modules/es-module-lexer
2075 silly CHANGE node_modules/error-stack-parser-es
2076 silly CHANGE node_modules/emoji-regex-xs
2077 silly CHANGE node_modules/enhanced-resolve
2078 silly CHANGE node_modules/electron-to-chromium
2079 silly CHANGE node_modules/drizzle-kit
2080 silly CHANGE node_modules/drizzle-kit/node_modules/@esbuild/win32-x64
2081 silly CHANGE node_modules/drizzle-kit/node_modules/@esbuild/win32-ia32
2082 silly CHANGE node_modules/drizzle-kit/node_modules/@esbuild/sunos-x64
2083 silly CHANGE node_modules/drizzle-kit/node_modules/@esbuild/openharmony-arm64
2084 silly CHANGE node_modules/drizzle-kit/node_modules/@esbuild/win32-arm64
2085 silly CHANGE node_modules/drizzle-kit/node_modules/@esbuild/netbsd-x64
2086 silly CHANGE node_modules/drizzle-kit/node_modules/@esbuild/openbsd-x64
2087 silly CHANGE node_modules/drizzle-kit/node_modules/@esbuild/openbsd-arm64
2088 silly CHANGE node_modules/drizzle-kit/node_modules/@esbuild/netbsd-arm64
2089 silly CHANGE node_modules/drizzle-kit/node_modules/@esbuild/linux-x64
2090 silly CHANGE node_modules/drizzle-kit/node_modules/@esbuild/linux-s390x
2091 silly CHANGE node_modules/drizzle-kit/node_modules/@esbuild/linux-ppc64
2092 silly CHANGE node_modules/drizzle-kit/node_modules/@esbuild/linux-riscv64
2093 silly CHANGE node_modules/drizzle-kit/node_modules/@esbuild/linux-mips64el
2094 silly CHANGE node_modules/drizzle-kit/node_modules/@esbuild/linux-arm64
2095 silly CHANGE node_modules/drizzle-kit/node_modules/@esbuild/linux-arm
2096 silly CHANGE node_modules/drizzle-kit/node_modules/@esbuild/linux-ia32
2097 silly CHANGE node_modules/drizzle-kit/node_modules/@esbuild/linux-loong64
2098 silly CHANGE node_modules/drizzle-kit/node_modules/@esbuild/freebsd-arm64
2099 silly CHANGE node_modules/drizzle-kit/node_modules/@esbuild/freebsd-x64
2100 silly CHANGE node_modules/drizzle-kit/node_modules/@esbuild/darwin-arm64
2101 silly CHANGE node_modules/drizzle-kit/node_modules/@esbuild/darwin-x64
2102 silly CHANGE node_modules/drizzle-kit/node_modules/@esbuild/aix-ppc64
2103 silly CHANGE node_modules/drizzle-kit/node_modules/@esbuild/android-arm
2104 silly CHANGE node_modules/drizzle-kit/node_modules/@esbuild/android-x64
2105 silly CHANGE node_modules/drizzle-kit/node_modules/@esbuild/android-arm64
2106 silly CHANGE node_modules/drizzle-kit/node_modules/esbuild
2107 silly CHANGE node_modules/drizzle-orm
2108 silly CHANGE node_modules/css-gradient-parser
2109 silly CHANGE node_modules/css-box-shadow
2110 silly CHANGE node_modules/css-background-parser
2111 silly CHANGE node_modules/caniuse-lite
2112 silly CHANGE node_modules/browserslist
2113 silly CHANGE node_modules/blake3-wasm
2114 silly CHANGE node_modules/baseline-browser-mapping
2115 silly CHANGE node_modules/base64-js
2116 silly CHANGE node_modules/acorn-import-phases
2117 silly CHANGE node_modules/acorn-loose
2118 silly CHANGE node_modules/acorn
2119 timing command:install Completed in 103759ms
2120 verbose exit 0
2121 timing npm Completed in 104663ms
2122 info ok
