0 verbose cli C:\Program Files\nodejs\node.exe C:\Users\mathe\AppData\Roaming\npm\node_modules\npm\bin\npm-cli.js
1 info using npm@10.5.2
2 info using node@v24.15.0
3 timing npm:load:whichnode Completed in 1ms
4 timing config:load:defaults Completed in 1ms
5 timing config:load:file:C:\Users\mathe\AppData\Roaming\npm\node_modules\npm\npmrc Completed in 3ms
6 timing config:load:builtin Completed in 3ms
7 timing config:load:cli Completed in 2ms
8 timing config:load:env Completed in 0ms
9 timing config:load:file:D:\programas\Projetos de programação\Afiliados Netbox\Site institucional - Netbox\.npmrc Completed in 1ms
10 timing config:load:project Completed in 2ms
11 timing config:load:file:C:\Users\mathe\.npmrc Completed in 0ms
12 timing config:load:user Completed in 0ms
13 timing config:load:file:C:\Users\mathe\AppData\Roaming\npm\etc\npmrc Completed in 0ms
14 timing config:load:global Completed in 0ms
15 timing config:load:setEnvs Completed in 1ms
16 timing config:load Completed in 10ms
17 timing npm:load:configload Completed in 11ms
18 timing config:load:flatten Completed in 2ms
19 timing npm:load:mkdirpcache Completed in 1ms
20 timing npm:load:mkdirplogs Completed in 24ms
21 verbose title npm install
22 verbose argv "install" "--cache" ".npm-cache"
23 timing npm:load:setTitle Completed in 0ms
24 timing npm:load:display Completed in 1ms
25 verbose logfile logs-max:10 dir:D:\programas\Projetos de programação\Afiliados Netbox\Site institucional - Netbox\.npm-cache\_logs\2026-07-30T18_08_51_284Z-
26 verbose logfile D:\programas\Projetos de programação\Afiliados Netbox\Site institucional - Netbox\.npm-cache\_logs\2026-07-30T18_08_51_284Z-debug-0.log
27 timing npm:load:logFile Completed in 3ms
28 timing npm:load:timers Completed in 0ms
29 timing npm:load:configScope Completed in 0ms
30 timing npm:load Completed in 61ms
31 timing arborist:ctor Completed in 2ms
32 silly logfile done cleaning log files
33 timing idealTree:init Completed in 470ms
34 timing idealTree:userRequests Completed in 1ms
35 silly idealTree buildDeps
36 timing idealTree:#root Completed in 0ms
37 timing idealTree:buildDeps Completed in 1ms
38 timing idealTree:fixDepFlags Completed in 0ms
39 timing idealTree Completed in 478ms
40 verbose shrinkwrap failed to load node_modules/.package-lock.json out of date, updated: node_modules
41 timing reify:loadTrees Completed in 744ms
42 timing reify:diffTrees Completed in 8ms
43 silly reify mark retired [
43 silly reify   'D:\\programas\\Projetos de programação\\Afiliados Netbox\\Site institucional - Netbox\\node_modules\\acorn-import-phases'
43 silly reify ]
44 silly reify mark retired [
44 silly reify   'D:\\programas\\Projetos de programação\\Afiliados Netbox\\Site institucional - Netbox\\node_modules\\acorn-loose'
44 silly reify ]
45 silly reify mark retired [
45 silly reify   'D:\\programas\\Projetos de programação\\Afiliados Netbox\\Site institucional - Netbox\\node_modules\\base64-js'
45 silly reify ]
46 silly reify mark retired [
46 silly reify   'D:\\programas\\Projetos de programação\\Afiliados Netbox\\Site institucional - Netbox\\node_modules\\blake3-wasm'
46 silly reify ]
47 silly reify mark retired [
47 silly reify   'D:\\programas\\Projetos de programação\\Afiliados Netbox\\Site institucional - Netbox\\node_modules\\baseline-browser-mapping'
47 silly reify ]
48 silly reify mark retired [
48 silly reify   'D:\\programas\\Projetos de programação\\Afiliados Netbox\\Site institucional - Netbox\\node_modules\\caniuse-lite'
48 silly reify ]
49 silly reify mark retired [
49 silly reify   'D:\\programas\\Projetos de programação\\Afiliados Netbox\\Site institucional - Netbox\\node_modules\\css-background-parser'
49 silly reify ]
50 silly reify mark retired [
50 silly reify   'D:\\programas\\Projetos de programação\\Afiliados Netbox\\Site institucional - Netbox\\node_modules\\css-box-shadow'
50 silly reify ]
51 silly reify mark retired [
51 silly reify   'D:\\programas\\Projetos de programação\\Afiliados Netbox\\Site institucional - Netbox\\node_modules\\css-gradient-parser'
51 silly reify ]
52 silly reify mark retired [
52 silly reify   'D:\\programas\\Projetos de programação\\Afiliados Netbox\\Site institucional - Netbox\\node_modules\\drizzle-kit'
52 silly reify ]
53 silly reify mark retired [
53 silly reify   'D:\\programas\\Projetos de programação\\Afiliados Netbox\\Site institucional - Netbox\\node_modules\\electron-to-chromium'
53 silly reify ]
54 silly reify mark retired [
54 silly reify   'D:\\programas\\Projetos de programação\\Afiliados Netbox\\Site institucional - Netbox\\node_modules\\emoji-regex-xs'
54 silly reify ]
55 silly reify mark retired [
55 silly reify   'D:\\programas\\Projetos de programação\\Afiliados Netbox\\Site institucional - Netbox\\node_modules\\drizzle-orm'
55 silly reify ]
56 silly reify mark retired [
56 silly reify   'D:\\programas\\Projetos de programação\\Afiliados Netbox\\Site institucional - Netbox\\node_modules\\enhanced-resolve'
56 silly reify ]
57 silly reify mark retired [
57 silly reify   'D:\\programas\\Projetos de programação\\Afiliados Netbox\\Site institucional - Netbox\\node_modules\\error-stack-parser-es'
57 silly reify ]
58 silly reify mark retired [
58 silly reify   'D:\\programas\\Projetos de programação\\Afiliados Netbox\\Site institucional - Netbox\\node_modules\\es-module-lexer'
58 silly reify ]
59 silly reify mark retired [
59 silly reify   'D:\\programas\\Projetos de programação\\Afiliados Netbox\\Site institucional - Netbox\\node_modules\\eslint-config-next'
59 silly reify ]
60 silly reify mark retired [
60 silly reify   'D:\\programas\\Projetos de programação\\Afiliados Netbox\\Site institucional - Netbox\\node_modules\\estree-walker'
60 silly reify ]
61 silly reify mark retired [
61 silly reify   'D:\\programas\\Projetos de programação\\Afiliados Netbox\\Site institucional - Netbox\\node_modules\\fflate'
61 silly reify ]
62 silly reify mark retired [
62 silly reify   'D:\\programas\\Projetos de programação\\Afiliados Netbox\\Site institucional - Netbox\\node_modules\\fsevents'
62 silly reify ]
63 silly reify mark retired [
63 silly reify   'D:\\programas\\Projetos de programação\\Afiliados Netbox\\Site institucional - Netbox\\node_modules\\globrex'
63 silly reify ]
64 silly reify mark retired [
64 silly reify   'D:\\programas\\Projetos de programação\\Afiliados Netbox\\Site institucional - Netbox\\node_modules\\hex-rgb'
64 silly reify ]
65 silly reify mark retired [
65 silly reify   'D:\\programas\\Projetos de programação\\Afiliados Netbox\\Site institucional - Netbox\\node_modules\\image-size'
65 silly reify ]
66 silly reify mark retired [
66 silly reify   'D:\\programas\\Projetos de programação\\Afiliados Netbox\\Site institucional - Netbox\\node_modules\\ipaddr.js'
66 silly reify ]
67 silly reify mark retired [
67 silly reify   'D:\\programas\\Projetos de programação\\Afiliados Netbox\\Site institucional - Netbox\\node_modules\\lightningcss'
67 silly reify ]
68 silly reify mark retired [
68 silly reify   'D:\\programas\\Projetos de programação\\Afiliados Netbox\\Site institucional - Netbox\\node_modules\\lightningcss-android-arm64'
68 silly reify ]
69 silly reify mark retired [
69 silly reify   'D:\\programas\\Projetos de programação\\Afiliados Netbox\\Site institucional - Netbox\\node_modules\\lightningcss-darwin-arm64'
69 silly reify ]
70 silly reify mark retired [
70 silly reify   'D:\\programas\\Projetos de programação\\Afiliados Netbox\\Site institucional - Netbox\\node_modules\\lightningcss-darwin-x64'
70 silly reify ]
71 silly reify mark retired [
71 silly reify   'D:\\programas\\Projetos de programação\\Afiliados Netbox\\Site institucional - Netbox\\node_modules\\lightningcss-freebsd-x64'
71 silly reify ]
72 silly reify mark retired [
72 silly reify   'D:\\programas\\Projetos de programação\\Afiliados Netbox\\Site institucional - Netbox\\node_modules\\lightningcss-linux-arm64-gnu'
72 silly reify ]
73 silly reify mark retired [
73 silly reify   'D:\\programas\\Projetos de programação\\Afiliados Netbox\\Site institucional - Netbox\\node_modules\\lightningcss-linux-arm-gnueabihf'
73 silly reify ]
74 silly reify mark retired [
74 silly reify   'D:\\programas\\Projetos de programação\\Afiliados Netbox\\Site institucional - Netbox\\node_modules\\lightningcss-linux-x64-gnu'
74 silly reify ]
75 silly reify mark retired [
75 silly reify   'D:\\programas\\Projetos de programação\\Afiliados Netbox\\Site institucional - Netbox\\node_modules\\lightningcss-linux-arm64-musl'
75 silly reify ]
76 silly reify mark retired [
76 silly reify   'D:\\programas\\Projetos de programação\\Afiliados Netbox\\Site institucional - Netbox\\node_modules\\lightningcss-win32-arm64-msvc'
76 silly reify ]
77 silly reify mark retired [
77 silly reify   'D:\\programas\\Projetos de programação\\Afiliados Netbox\\Site institucional - Netbox\\node_modules\\lightningcss-linux-x64-musl'
77 silly reify ]
78 silly reify mark retired [
78 silly reify   'D:\\programas\\Projetos de programação\\Afiliados Netbox\\Site institucional - Netbox\\node_modules\\lightningcss-win32-x64-msvc'
78 silly reify ]
79 silly reify mark retired [
79 silly reify   'D:\\programas\\Projetos de programação\\Afiliados Netbox\\Site institucional - Netbox\\node_modules\\linebreak'
79 silly reify ]
80 silly reify mark retired [
80 silly reify   'D:\\programas\\Projetos de programação\\Afiliados Netbox\\Site institucional - Netbox\\node_modules\\loader-runner'
80 silly reify ]
81 silly reify mark retired [
81 silly reify   'D:\\programas\\Projetos de programação\\Afiliados Netbox\\Site institucional - Netbox\\node_modules\\miniflare'
81 silly reify ]
82 silly reify mark retired [
82 silly reify   'D:\\programas\\Projetos de programação\\Afiliados Netbox\\Site institucional - Netbox\\node_modules\\node-releases'
82 silly reify ]
83 silly reify mark retired [
83 silly reify   'D:\\programas\\Projetos de programação\\Afiliados Netbox\\Site institucional - Netbox\\node_modules\\next'
83 silly reify ]
84 silly reify mark retired [
84 silly reify   'D:\\programas\\Projetos de programação\\Afiliados Netbox\\Site institucional - Netbox\\node_modules\\pako'
84 silly reify ]
85 silly reify mark retired [
85 silly reify   'D:\\programas\\Projetos de programação\\Afiliados Netbox\\Site institucional - Netbox\\node_modules\\parse-css-color'
85 silly reify ]
86 silly reify mark retired [
86 silly reify   'D:\\programas\\Projetos de programação\\Afiliados Netbox\\Site institucional - Netbox\\node_modules\\react-server-dom-webpack'
86 silly reify ]
87 silly reify mark retired [
87 silly reify   'D:\\programas\\Projetos de programação\\Afiliados Netbox\\Site institucional - Netbox\\node_modules\\resolve'
87 silly reify ]
88 silly reify mark retired [
88 silly reify   'D:\\programas\\Projetos de programação\\Afiliados Netbox\\Site institucional - Netbox\\node_modules\\rolldown'
88 silly reify ]
89 silly reify mark retired [
89 silly reify   'D:\\programas\\Projetos de programação\\Afiliados Netbox\\Site institucional - Netbox\\node_modules\\satori'
89 silly reify ]
90 silly reify mark retired [
90 silly reify   'D:\\programas\\Projetos de programação\\Afiliados Netbox\\Site institucional - Netbox\\node_modules\\schema-utils'
90 silly reify ]
91 silly reify mark retired [
91 silly reify   'D:\\programas\\Projetos de programação\\Afiliados Netbox\\Site institucional - Netbox\\node_modules\\srvx'
91 silly reify ]
92 silly reify mark retired [
92 silly reify   'D:\\programas\\Projetos de programação\\Afiliados Netbox\\Site institucional - Netbox\\node_modules\\string.prototype.codepointat'
92 silly reify ]
93 silly reify mark retired [
93 silly reify   'D:\\programas\\Projetos de programação\\Afiliados Netbox\\Site institucional - Netbox\\node_modules\\strip-literal'
93 silly reify ]
94 silly reify mark retired [
94 silly reify   'D:\\programas\\Projetos de programação\\Afiliados Netbox\\Site institucional - Netbox\\node_modules\\terser'
94 silly reify ]
95 silly reify mark retired [
95 silly reify   'D:\\programas\\Projetos de programação\\Afiliados Netbox\\Site institucional - Netbox\\node_modules\\tailwindcss'
95 silly reify ]
96 silly reify mark retired [
96 silly reify   'D:\\programas\\Projetos de programação\\Afiliados Netbox\\Site institucional - Netbox\\node_modules\\terser-webpack-plugin'
96 silly reify ]
97 silly reify mark retired [
97 silly reify   'D:\\programas\\Projetos de programação\\Afiliados Netbox\\Site institucional - Netbox\\node_modules\\tiny-inflate'
97 silly reify ]
98 silly reify mark retired [
98 silly reify   'D:\\programas\\Projetos de programação\\Afiliados Netbox\\Site institucional - Netbox\\node_modules\\tsconfck'
98 silly reify ]
99 silly reify mark retired [
99 silly reify   'D:\\programas\\Projetos de programação\\Afiliados Netbox\\Site institucional - Netbox\\node_modules\\tsx'
99 silly reify ]
100 silly reify mark retired [
100 silly reify   'D:\\programas\\Projetos de programação\\Afiliados Netbox\\Site institucional - Netbox\\node_modules\\turbo-stream'
100 silly reify ]
101 silly reify mark retired [
101 silly reify   'D:\\programas\\Projetos de programação\\Afiliados Netbox\\Site institucional - Netbox\\node_modules\\typescript-eslint'
101 silly reify ]
102 silly reify mark retired [
102 silly reify   'D:\\programas\\Projetos de programação\\Afiliados Netbox\\Site institucional - Netbox\\node_modules\\undici'
102 silly reify ]
103 silly reify mark retired [
103 silly reify   'D:\\programas\\Projetos de programação\\Afiliados Netbox\\Site institucional - Netbox\\node_modules\\unenv'
103 silly reify ]
104 silly reify mark retired [
104 silly reify   'D:\\programas\\Projetos de programação\\Afiliados Netbox\\Site institucional - Netbox\\node_modules\\unicode-trie'
104 silly reify ]
105 silly reify mark retired [
105 silly reify   'D:\\programas\\Projetos de programação\\Afiliados Netbox\\Site institucional - Netbox\\node_modules\\unpic'
105 silly reify ]
106 silly reify mark retired [
106 silly reify   'D:\\programas\\Projetos de programação\\Afiliados Netbox\\Site institucional - Netbox\\node_modules\\vinext'
106 silly reify ]
107 silly reify mark retired [
107 silly reify   'D:\\programas\\Projetos de programação\\Afiliados Netbox\\Site institucional - Netbox\\node_modules\\vite'
107 silly reify ]
108 silly reify mark retired [
108 silly reify   'D:\\programas\\Projetos de programação\\Afiliados Netbox\\Site institucional - Netbox\\node_modules\\vite-plugin-commonjs'
108 silly reify ]
109 silly reify mark retired [
109 silly reify   'D:\\programas\\Projetos de programação\\Afiliados Netbox\\Site institucional - Netbox\\node_modules\\vite-plugin-dynamic-import'
109 silly reify ]
110 silly reify mark retired [
110 silly reify   'D:\\programas\\Projetos de programação\\Afiliados Netbox\\Site institucional - Netbox\\node_modules\\vitefu'
110 silly reify ]
111 silly reify mark retired [
111 silly reify   'D:\\programas\\Projetos de programação\\Afiliados Netbox\\Site institucional - Netbox\\node_modules\\vite-tsconfig-paths'
111 silly reify ]
112 silly reify mark retired [
112 silly reify   'D:\\programas\\Projetos de programação\\Afiliados Netbox\\Site institucional - Netbox\\node_modules\\web-vitals'
112 silly reify ]
113 silly reify mark retired [
113 silly reify   'D:\\programas\\Projetos de programação\\Afiliados Netbox\\Site institucional - Netbox\\node_modules\\watchpack'
113 silly reify ]
114 silly reify mark retired [
114 silly reify   'D:\\programas\\Projetos de programação\\Afiliados Netbox\\Site institucional - Netbox\\node_modules\\webpack-sources'
114 silly reify ]
115 silly reify mark retired [
115 silly reify   'D:\\programas\\Projetos de programação\\Afiliados Netbox\\Site institucional - Netbox\\node_modules\\webpack'
115 silly reify ]
116 silly reify mark retired [
116 silly reify   'D:\\programas\\Projetos de programação\\Afiliados Netbox\\Site institucional - Netbox\\node_modules\\workerd'
116 silly reify ]
117 silly reify mark retired [
117 silly reify   'D:\\programas\\Projetos de programação\\Afiliados Netbox\\Site institucional - Netbox\\node_modules\\wrangler'
117 silly reify ]
118 silly reify mark retired [
118 silly reify   'D:\\programas\\Projetos de programação\\Afiliados Netbox\\Site institucional - Netbox\\node_modules\\ws'
118 silly reify ]
119 silly reify mark retired [
119 silly reify   'D:\\programas\\Projetos de programação\\Afiliados Netbox\\Site institucional - Netbox\\node_modules\\yoga-layout'
119 silly reify ]
120 silly reify mark retired [
120 silly reify   'D:\\programas\\Projetos de programação\\Afiliados Netbox\\Site institucional - Netbox\\node_modules\\youch-core'
120 silly reify ]
121 silly reify mark retired [
121 silly reify   'D:\\programas\\Projetos de programação\\Afiliados Netbox\\Site institucional - Netbox\\node_modules\\youch'
121 silly reify ]
122 silly reify mark retired [
122 silly reify   'D:\\programas\\Projetos de programação\\Afiliados Netbox\\Site institucional - Netbox\\node_modules\\@cloudflare\\unenv-preset'
122 silly reify ]
123 silly reify mark retired [
123 silly reify   'D:\\programas\\Projetos de programação\\Afiliados Netbox\\Site institucional - Netbox\\node_modules\\@cloudflare\\kv-asset-handler'
123 silly reify ]
124 silly reify mark retired [
124 silly reify   'D:\\programas\\Projetos de programação\\Afiliados Netbox\\Site institucional - Netbox\\node_modules\\@cloudflare\\workerd-darwin-64'
124 silly reify ]
125 silly reify mark retired [
125 silly reify   'D:\\programas\\Projetos de programação\\Afiliados Netbox\\Site institucional - Netbox\\node_modules\\@cloudflare\\workerd-darwin-arm64'
125 silly reify ]
126 silly reify mark retired [
126 silly reify   'D:\\programas\\Projetos de programação\\Afiliados Netbox\\Site institucional - Netbox\\node_modules\\@cloudflare\\workerd-linux-64'
126 silly reify ]
127 silly reify mark retired [
127 silly reify   'D:\\programas\\Projetos de programação\\Afiliados Netbox\\Site institucional - Netbox\\node_modules\\@cloudflare\\vite-plugin'
127 silly reify ]
128 silly reify mark retired [
128 silly reify   'D:\\programas\\Projetos de programação\\Afiliados Netbox\\Site institucional - Netbox\\node_modules\\@cloudflare\\workerd-linux-arm64'
128 silly reify ]
129 silly reify mark retired [
129 silly reify   'D:\\programas\\Projetos de programação\\Afiliados Netbox\\Site institucional - Netbox\\node_modules\\@cloudflare\\workerd-windows-64'
129 silly reify ]
130 silly reify mark retired [
130 silly reify   'D:\\programas\\Projetos de programação\\Afiliados Netbox\\Site institucional - Netbox\\node_modules\\@cspotcode\\source-map-support'
130 silly reify ]
131 silly reify mark retired [
131 silly reify   'D:\\programas\\Projetos de programação\\Afiliados Netbox\\Site institucional - Netbox\\node_modules\\@esbuild\\android-arm'
131 silly reify ]
132 silly reify mark retired [
132 silly reify   'D:\\programas\\Projetos de programação\\Afiliados Netbox\\Site institucional - Netbox\\node_modules\\@esbuild\\android-arm64'
132 silly reify ]
133 silly reify mark retired [
133 silly reify   'D:\\programas\\Projetos de programação\\Afiliados Netbox\\Site institucional - Netbox\\node_modules\\@esbuild\\aix-ppc64'
133 silly reify ]
134 silly reify mark retired [
134 silly reify   'D:\\programas\\Projetos de programação\\Afiliados Netbox\\Site institucional - Netbox\\node_modules\\@esbuild\\android-x64'
134 silly reify ]
135 silly reify mark retired [
135 silly reify   'D:\\programas\\Projetos de programação\\Afiliados Netbox\\Site institucional - Netbox\\node_modules\\@esbuild\\darwin-arm64'
135 silly reify ]
136 silly reify mark retired [
136 silly reify   'D:\\programas\\Projetos de programação\\Afiliados Netbox\\Site institucional - Netbox\\node_modules\\@esbuild\\darwin-x64'
136 silly reify ]
137 silly reify mark retired [
137 silly reify   'D:\\programas\\Projetos de programação\\Afiliados Netbox\\Site institucional - Netbox\\node_modules\\@esbuild\\freebsd-x64'
137 silly reify ]
138 silly reify mark retired [
138 silly reify   'D:\\programas\\Projetos de programação\\Afiliados Netbox\\Site institucional - Netbox\\node_modules\\@esbuild\\freebsd-arm64'
138 silly reify ]
139 silly reify mark retired [
139 silly reify   'D:\\programas\\Projetos de programação\\Afiliados Netbox\\Site institucional - Netbox\\node_modules\\@esbuild\\linux-arm'
139 silly reify ]
140 silly reify mark retired [
140 silly reify   'D:\\programas\\Projetos de programação\\Afiliados Netbox\\Site institucional - Netbox\\node_modules\\@esbuild\\linux-ia32'
140 silly reify ]
141 silly reify mark retired [
141 silly reify   'D:\\programas\\Projetos de programação\\Afiliados Netbox\\Site institucional - Netbox\\node_modules\\@esbuild\\linux-mips64el'
141 silly reify ]
142 silly reify mark retired [
142 silly reify   'D:\\programas\\Projetos de programação\\Afiliados Netbox\\Site institucional - Netbox\\node_modules\\@esbuild\\linux-loong64'
142 silly reify ]
143 silly reify mark retired [
143 silly reify   'D:\\programas\\Projetos de programação\\Afiliados Netbox\\Site institucional - Netbox\\node_modules\\@esbuild\\linux-arm64'
143 silly reify ]
144 silly reify mark retired [
144 silly reify   'D:\\programas\\Projetos de programação\\Afiliados Netbox\\Site institucional - Netbox\\node_modules\\@esbuild\\linux-ppc64'
144 silly reify ]
145 silly reify mark retired [
145 silly reify   'D:\\programas\\Projetos de programação\\Afiliados Netbox\\Site institucional - Netbox\\node_modules\\@esbuild\\linux-riscv64'
145 silly reify ]
146 silly reify mark retired [
146 silly reify   'D:\\programas\\Projetos de programação\\Afiliados Netbox\\Site institucional - Netbox\\node_modules\\@esbuild\\linux-x64'
146 silly reify ]
147 silly reify mark retired [
147 silly reify   'D:\\programas\\Projetos de programação\\Afiliados Netbox\\Site institucional - Netbox\\node_modules\\@esbuild\\linux-s390x'
147 silly reify ]
148 silly reify mark retired [
148 silly reify   'D:\\programas\\Projetos de programação\\Afiliados Netbox\\Site institucional - Netbox\\node_modules\\@esbuild\\netbsd-x64'
148 silly reify ]
149 silly reify mark retired [
149 silly reify   'D:\\programas\\Projetos de programação\\Afiliados Netbox\\Site institucional - Netbox\\node_modules\\@esbuild\\openbsd-x64'
149 silly reify ]
150 silly reify mark retired [
150 silly reify   'D:\\programas\\Projetos de programação\\Afiliados Netbox\\Site institucional - Netbox\\node_modules\\@esbuild\\openbsd-arm64'
150 silly reify ]
151 silly reify mark retired [
151 silly reify   'D:\\programas\\Projetos de programação\\Afiliados Netbox\\Site institucional - Netbox\\node_modules\\@esbuild\\netbsd-arm64'
151 silly reify ]
152 silly reify mark retired [
152 silly reify   'D:\\programas\\Projetos de programação\\Afiliados Netbox\\Site institucional - Netbox\\node_modules\\@esbuild\\openharmony-arm64'
152 silly reify ]
153 silly reify mark retired [
153 silly reify   'D:\\programas\\Projetos de programação\\Afiliados Netbox\\Site institucional - Netbox\\node_modules\\@esbuild\\sunos-x64'
153 silly reify ]
154 silly reify mark retired [
154 silly reify   'D:\\programas\\Projetos de programação\\Afiliados Netbox\\Site institucional - Netbox\\node_modules\\@esbuild\\win32-arm64'
154 silly reify ]
155 silly reify mark retired [
155 silly reify   'D:\\programas\\Projetos de programação\\Afiliados Netbox\\Site institucional - Netbox\\node_modules\\@esbuild\\win32-ia32'
155 silly reify ]
156 silly reify mark retired [
156 silly reify   'D:\\programas\\Projetos de programação\\Afiliados Netbox\\Site institucional - Netbox\\node_modules\\@img\\sharp-darwin-arm64'
156 silly reify ]
157 silly reify mark retired [
157 silly reify   'D:\\programas\\Projetos de programação\\Afiliados Netbox\\Site institucional - Netbox\\node_modules\\@img\\sharp-libvips-darwin-arm64'
157 silly reify ]
158 silly reify mark retired [
158 silly reify   'D:\\programas\\Projetos de programação\\Afiliados Netbox\\Site institucional - Netbox\\node_modules\\@img\\sharp-libvips-darwin-x64'
158 silly reify ]
159 silly reify mark retired [
159 silly reify   'D:\\programas\\Projetos de programação\\Afiliados Netbox\\Site institucional - Netbox\\node_modules\\@img\\sharp-libvips-linux-arm64'
159 silly reify ]
160 silly reify mark retired [
160 silly reify   'D:\\programas\\Projetos de programação\\Afiliados Netbox\\Site institucional - Netbox\\node_modules\\@img\\sharp-libvips-linux-arm'
160 silly reify ]
161 silly reify mark retired [
161 silly reify   'D:\\programas\\Projetos de programação\\Afiliados Netbox\\Site institucional - Netbox\\node_modules\\@img\\sharp-darwin-x64'
161 silly reify ]
162 silly reify mark retired [
162 silly reify   'D:\\programas\\Projetos de programação\\Afiliados Netbox\\Site institucional - Netbox\\node_modules\\@img\\sharp-libvips-linux-s390x'
162 silly reify ]
163 silly reify mark retired [
163 silly reify   'D:\\programas\\Projetos de programação\\Afiliados Netbox\\Site institucional - Netbox\\node_modules\\@img\\sharp-libvips-linux-riscv64'
163 silly reify ]
164 silly reify mark retired [
164 silly reify   'D:\\programas\\Projetos de programação\\Afiliados Netbox\\Site institucional - Netbox\\node_modules\\@img\\sharp-libvips-linuxmusl-arm64'
164 silly reify ]
165 silly reify mark retired [
165 silly reify   'D:\\programas\\Projetos de programação\\Afiliados Netbox\\Site institucional - Netbox\\node_modules\\@img\\sharp-libvips-linux-x64'
165 silly reify ]
166 silly reify mark retired [
166 silly reify   'D:\\programas\\Projetos de programação\\Afiliados Netbox\\Site institucional - Netbox\\node_modules\\@img\\sharp-libvips-linux-ppc64'
166 silly reify ]
167 silly reify mark retired [
167 silly reify   'D:\\programas\\Projetos de programação\\Afiliados Netbox\\Site institucional - Netbox\\node_modules\\@img\\sharp-libvips-linuxmusl-x64'
167 silly reify ]
168 silly reify mark retired [
168 silly reify   'D:\\programas\\Projetos de programação\\Afiliados Netbox\\Site institucional - Netbox\\node_modules\\@img\\sharp-linux-ppc64'
168 silly reify ]
169 silly reify mark retired [
169 silly reify   'D:\\programas\\Projetos de programação\\Afiliados Netbox\\Site institucional - Netbox\\node_modules\\@img\\sharp-linux-arm'
169 silly reify ]
170 silly reify mark retired [
170 silly reify   'D:\\programas\\Projetos de programação\\Afiliados Netbox\\Site institucional - Netbox\\node_modules\\@img\\sharp-linux-x64'
170 silly reify ]
171 silly reify mark retired [
171 silly reify   'D:\\programas\\Projetos de programação\\Afiliados Netbox\\Site institucional - Netbox\\node_modules\\@img\\sharp-linux-riscv64'
171 silly reify ]
172 silly reify mark retired [
172 silly reify   'D:\\programas\\Projetos de programação\\Afiliados Netbox\\Site institucional - Netbox\\node_modules\\@img\\sharp-linux-s390x'
172 silly reify ]
173 silly reify mark retired [
173 silly reify   'D:\\programas\\Projetos de programação\\Afiliados Netbox\\Site institucional - Netbox\\node_modules\\@img\\sharp-linux-arm64'
173 silly reify ]
174 silly reify mark retired [
174 silly reify   'D:\\programas\\Projetos de programação\\Afiliados Netbox\\Site institucional - Netbox\\node_modules\\@img\\sharp-linuxmusl-arm64'
174 silly reify ]
175 silly reify mark retired [
175 silly reify   'D:\\programas\\Projetos de programação\\Afiliados Netbox\\Site institucional - Netbox\\node_modules\\@img\\sharp-linuxmusl-x64'
175 silly reify ]
176 silly reify mark retired [
176 silly reify   'D:\\programas\\Projetos de programação\\Afiliados Netbox\\Site institucional - Netbox\\node_modules\\@img\\sharp-wasm32'
176 silly reify ]
177 silly reify mark retired [
177 silly reify   'D:\\programas\\Projetos de programação\\Afiliados Netbox\\Site institucional - Netbox\\node_modules\\@img\\sharp-win32-arm64'
177 silly reify ]
178 silly reify mark retired [
178 silly reify   'D:\\programas\\Projetos de programação\\Afiliados Netbox\\Site institucional - Netbox\\node_modules\\@img\\sharp-win32-ia32'
178 silly reify ]
179 silly reify mark retired [
179 silly reify   'D:\\programas\\Projetos de programação\\Afiliados Netbox\\Site institucional - Netbox\\node_modules\\@next\\env'
179 silly reify ]
180 silly reify mark retired [
180 silly reify   'D:\\programas\\Projetos de programação\\Afiliados Netbox\\Site institucional - Netbox\\node_modules\\@next\\swc-darwin-x64'
180 silly reify ]
181 silly reify mark retired [
181 silly reify   'D:\\programas\\Projetos de programação\\Afiliados Netbox\\Site institucional - Netbox\\node_modules\\@next\\swc-darwin-arm64'
181 silly reify ]
182 silly reify mark retired [
182 silly reify   'D:\\programas\\Projetos de programação\\Afiliados Netbox\\Site institucional - Netbox\\node_modules\\@next\\swc-linux-arm64-gnu'
182 silly reify ]
183 silly reify mark retired [
183 silly reify   'D:\\programas\\Projetos de programação\\Afiliados Netbox\\Site institucional - Netbox\\node_modules\\@next\\swc-linux-x64-gnu'
183 silly reify ]
184 silly reify mark retired [
184 silly reify   'D:\\programas\\Projetos de programação\\Afiliados Netbox\\Site institucional - Netbox\\node_modules\\@next\\swc-linux-arm64-musl'
184 silly reify ]
185 silly reify mark retired [
185 silly reify   'D:\\programas\\Projetos de programação\\Afiliados Netbox\\Site institucional - Netbox\\node_modules\\@next\\swc-linux-x64-musl'
185 silly reify ]
186 silly reify mark retired [
186 silly reify   'D:\\programas\\Projetos de programação\\Afiliados Netbox\\Site institucional - Netbox\\node_modules\\@next\\swc-win32-x64-msvc'
186 silly reify ]
187 silly reify mark retired [
187 silly reify   'D:\\programas\\Projetos de programação\\Afiliados Netbox\\Site institucional - Netbox\\node_modules\\@next\\eslint-plugin-next'
187 silly reify ]
188 silly reify mark retired [
188 silly reify   'D:\\programas\\Projetos de programação\\Afiliados Netbox\\Site institucional - Netbox\\node_modules\\@next\\swc-win32-arm64-msvc'
188 silly reify ]
189 silly reify mark retired [
189 silly reify   'D:\\programas\\Projetos de programação\\Afiliados Netbox\\Site institucional - Netbox\\node_modules\\@oxc-project\\types'
189 silly reify ]
190 silly reify mark retired [
190 silly reify   'D:\\programas\\Projetos de programação\\Afiliados Netbox\\Site institucional - Netbox\\node_modules\\@poppinss\\colors'
190 silly reify ]
191 silly reify mark retired [
191 silly reify   'D:\\programas\\Projetos de programação\\Afiliados Netbox\\Site institucional - Netbox\\node_modules\\@poppinss\\dumper'
191 silly reify ]
192 silly reify mark retired [
192 silly reify   'D:\\programas\\Projetos de programação\\Afiliados Netbox\\Site institucional - Netbox\\node_modules\\@poppinss\\exception'
192 silly reify ]
193 silly reify mark retired [
193 silly reify   'D:\\programas\\Projetos de programação\\Afiliados Netbox\\Site institucional - Netbox\\node_modules\\@resvg\\resvg-wasm'
193 silly reify ]
194 silly reify mark retired [
194 silly reify   'D:\\programas\\Projetos de programação\\Afiliados Netbox\\Site institucional - Netbox\\node_modules\\@rolldown\\binding-android-arm64'
194 silly reify ]
195 silly reify mark retired [
195 silly reify   'D:\\programas\\Projetos de programação\\Afiliados Netbox\\Site institucional - Netbox\\node_modules\\@rolldown\\binding-linux-arm-gnueabihf'
195 silly reify ]
196 silly reify mark retired [
196 silly reify   'D:\\programas\\Projetos de programação\\Afiliados Netbox\\Site institucional - Netbox\\node_modules\\@rolldown\\binding-darwin-arm64'
196 silly reify ]
197 silly reify mark retired [
197 silly reify   'D:\\programas\\Projetos de programação\\Afiliados Netbox\\Site institucional - Netbox\\node_modules\\@rolldown\\binding-freebsd-x64'
197 silly reify ]
198 silly reify mark retired [
198 silly reify   'D:\\programas\\Projetos de programação\\Afiliados Netbox\\Site institucional - Netbox\\node_modules\\@rolldown\\binding-darwin-x64'
198 silly reify ]
199 silly reify mark retired [
199 silly reify   'D:\\programas\\Projetos de programação\\Afiliados Netbox\\Site institucional - Netbox\\node_modules\\@rolldown\\binding-linux-arm64-gnu'
199 silly reify ]
200 silly reify mark retired [
200 silly reify   'D:\\programas\\Projetos de programação\\Afiliados Netbox\\Site institucional - Netbox\\node_modules\\@rolldown\\binding-linux-ppc64-gnu'
200 silly reify ]
201 silly reify mark retired [
201 silly reify   'D:\\programas\\Projetos de programação\\Afiliados Netbox\\Site institucional - Netbox\\node_modules\\@rolldown\\binding-linux-arm64-musl'
201 silly reify ]
202 silly reify mark retired [
202 silly reify   'D:\\programas\\Projetos de programação\\Afiliados Netbox\\Site institucional - Netbox\\node_modules\\@rolldown\\binding-linux-s390x-gnu'
202 silly reify ]
203 silly reify mark retired [
203 silly reify   'D:\\programas\\Projetos de programação\\Afiliados Netbox\\Site institucional - Netbox\\node_modules\\@rolldown\\binding-linux-x64-gnu'
203 silly reify ]
204 silly reify mark retired [
204 silly reify   'D:\\programas\\Projetos de programação\\Afiliados Netbox\\Site institucional - Netbox\\node_modules\\@rolldown\\binding-linux-x64-musl'
204 silly reify ]
205 silly reify mark retired [
205 silly reify   'D:\\programas\\Projetos de programação\\Afiliados Netbox\\Site institucional - Netbox\\node_modules\\@rolldown\\binding-wasm32-wasi'
205 silly reify ]
206 silly reify mark retired [
206 silly reify   'D:\\programas\\Projetos de programação\\Afiliados Netbox\\Site institucional - Netbox\\node_modules\\@rolldown\\binding-openharmony-arm64'
206 silly reify ]
207 silly reify mark retired [
207 silly reify   'D:\\programas\\Projetos de programação\\Afiliados Netbox\\Site institucional - Netbox\\node_modules\\@rolldown\\binding-win32-arm64-msvc'
207 silly reify ]
208 silly reify mark retired [
208 silly reify   'D:\\programas\\Projetos de programação\\Afiliados Netbox\\Site institucional - Netbox\\node_modules\\@shuding\\opentype.js'
208 silly reify ]
209 silly reify mark retired [
209 silly reify   'D:\\programas\\Projetos de programação\\Afiliados Netbox\\Site institucional - Netbox\\node_modules\\@rolldown\\pluginutils'
209 silly reify ]
210 silly reify mark retired [
210 silly reify   'D:\\programas\\Projetos de programação\\Afiliados Netbox\\Site institucional - Netbox\\node_modules\\@speed-highlight\\core'
210 silly reify ]
211 silly reify mark retired [
211 silly reify   'D:\\programas\\Projetos de programação\\Afiliados Netbox\\Site institucional - Netbox\\node_modules\\@rolldown\\binding-win32-x64-msvc'
211 silly reify ]
212 silly reify mark retired [
212 silly reify   'D:\\programas\\Projetos de programação\\Afiliados Netbox\\Site institucional - Netbox\\node_modules\\@sindresorhus\\is'
212 silly reify ]
213 silly reify mark retired [
213 silly reify   'D:\\programas\\Projetos de programação\\Afiliados Netbox\\Site institucional - Netbox\\node_modules\\@tailwindcss\\node'
213 silly reify ]
214 silly reify mark retired [
214 silly reify   'D:\\programas\\Projetos de programação\\Afiliados Netbox\\Site institucional - Netbox\\node_modules\\@tailwindcss\\oxide'
214 silly reify ]
215 silly reify mark retired [
215 silly reify   'D:\\programas\\Projetos de programação\\Afiliados Netbox\\Site institucional - Netbox\\node_modules\\@tailwindcss\\oxide-android-arm64'
215 silly reify ]
216 silly reify mark retired [
216 silly reify   'D:\\programas\\Projetos de programação\\Afiliados Netbox\\Site institucional - Netbox\\node_modules\\@tailwindcss\\oxide-darwin-arm64'
216 silly reify ]
217 silly reify mark retired [
217 silly reify   'D:\\programas\\Projetos de programação\\Afiliados Netbox\\Site institucional - Netbox\\node_modules\\@tailwindcss\\oxide-freebsd-x64'
217 silly reify ]
218 silly reify mark retired [
218 silly reify   'D:\\programas\\Projetos de programação\\Afiliados Netbox\\Site institucional - Netbox\\node_modules\\@tailwindcss\\oxide-linux-arm64-gnu'
218 silly reify ]
219 silly reify mark retired [
219 silly reify   'D:\\programas\\Projetos de programação\\Afiliados Netbox\\Site institucional - Netbox\\node_modules\\@tailwindcss\\oxide-darwin-x64'
219 silly reify ]
220 silly reify mark retired [
220 silly reify   'D:\\programas\\Projetos de programação\\Afiliados Netbox\\Site institucional - Netbox\\node_modules\\@tailwindcss\\oxide-linux-arm-gnueabihf'
220 silly reify ]
221 silly reify mark retired [
221 silly reify   'D:\\programas\\Projetos de programação\\Afiliados Netbox\\Site institucional - Netbox\\node_modules\\@tailwindcss\\oxide-linux-arm64-musl'
221 silly reify ]
222 silly reify mark retired [
222 silly reify   'D:\\programas\\Projetos de programação\\Afiliados Netbox\\Site institucional - Netbox\\node_modules\\@tailwindcss\\oxide-linux-x64-gnu'
222 silly reify ]
223 silly reify mark retired [
223 silly reify   'D:\\programas\\Projetos de programação\\Afiliados Netbox\\Site institucional - Netbox\\node_modules\\@tailwindcss\\oxide-linux-x64-musl'
223 silly reify ]
224 silly reify mark retired [
224 silly reify   'D:\\programas\\Projetos de programação\\Afiliados Netbox\\Site institucional - Netbox\\node_modules\\@tailwindcss\\oxide-win32-arm64-msvc'
224 silly reify ]
225 silly reify mark retired [
225 silly reify   'D:\\programas\\Projetos de programação\\Afiliados Netbox\\Site institucional - Netbox\\node_modules\\@tailwindcss\\oxide-wasm32-wasi'
225 silly reify ]
226 silly reify mark retired [
226 silly reify   'D:\\programas\\Projetos de programação\\Afiliados Netbox\\Site institucional - Netbox\\node_modules\\@tailwindcss\\postcss'
226 silly reify ]
227 silly reify mark retired [
227 silly reify   'D:\\programas\\Projetos de programação\\Afiliados Netbox\\Site institucional - Netbox\\node_modules\\@tailwindcss\\oxide-win32-x64-msvc'
227 silly reify ]
228 silly reify mark retired [
228 silly reify   'D:\\programas\\Projetos de programação\\Afiliados Netbox\\Site institucional - Netbox\\node_modules\\@types\\node'
228 silly reify ]
229 silly reify mark retired [
229 silly reify   'D:\\programas\\Projetos de programação\\Afiliados Netbox\\Site institucional - Netbox\\node_modules\\@unpic\\core'
229 silly reify ]
230 silly reify mark retired [
230 silly reify   'D:\\programas\\Projetos de programação\\Afiliados Netbox\\Site institucional - Netbox\\node_modules\\@unpic\\react'
230 silly reify ]
231 silly reify mark retired [
231 silly reify   'D:\\programas\\Projetos de programação\\Afiliados Netbox\\Site institucional - Netbox\\node_modules\\@typescript-eslint\\parser'
231 silly reify ]
232 silly reify mark retired [
232 silly reify   'D:\\programas\\Projetos de programação\\Afiliados Netbox\\Site institucional - Netbox\\node_modules\\@typescript-eslint\\eslint-plugin'
232 silly reify ]
233 silly reify mark retired [
233 silly reify   'D:\\programas\\Projetos de programação\\Afiliados Netbox\\Site institucional - Netbox\\node_modules\\@typescript-eslint\\project-service'
233 silly reify ]
234 silly reify mark retired [
234 silly reify   'D:\\programas\\Projetos de programação\\Afiliados Netbox\\Site institucional - Netbox\\node_modules\\@typescript-eslint\\tsconfig-utils'
234 silly reify ]
235 silly reify mark retired [
235 silly reify   'D:\\programas\\Projetos de programação\\Afiliados Netbox\\Site institucional - Netbox\\node_modules\\@typescript-eslint\\scope-manager'
235 silly reify ]
236 silly reify mark retired [
236 silly reify   'D:\\programas\\Projetos de programação\\Afiliados Netbox\\Site institucional - Netbox\\node_modules\\@typescript-eslint\\types'
236 silly reify ]
237 silly reify mark retired [
237 silly reify   'D:\\programas\\Projetos de programação\\Afiliados Netbox\\Site institucional - Netbox\\node_modules\\@typescript-eslint\\type-utils'
237 silly reify ]
238 silly reify mark retired [
238 silly reify   'D:\\programas\\Projetos de programação\\Afiliados Netbox\\Site institucional - Netbox\\node_modules\\@typescript-eslint\\visitor-keys'
238 silly reify ]
239 silly reify mark retired [
239 silly reify   'D:\\programas\\Projetos de programação\\Afiliados Netbox\\Site institucional - Netbox\\node_modules\\@typescript-eslint\\utils'
239 silly reify ]
240 silly reify mark retired [
240 silly reify   'D:\\programas\\Projetos de programação\\Afiliados Netbox\\Site institucional - Netbox\\node_modules\\@typescript-eslint\\typescript-estree'
240 silly reify ]
241 silly reify mark retired [
241 silly reify   'D:\\programas\\Projetos de programação\\Afiliados Netbox\\Site institucional - Netbox\\node_modules\\@unrs\\resolver-binding-android-arm-eabi'
241 silly reify ]
242 silly reify mark retired [
242 silly reify   'D:\\programas\\Projetos de programação\\Afiliados Netbox\\Site institucional - Netbox\\node_modules\\@unrs\\resolver-binding-android-arm64'
242 silly reify ]
243 silly reify mark retired [
243 silly reify   'D:\\programas\\Projetos de programação\\Afiliados Netbox\\Site institucional - Netbox\\node_modules\\@unrs\\resolver-binding-freebsd-x64'
243 silly reify ]
244 silly reify mark retired [
244 silly reify   'D:\\programas\\Projetos de programação\\Afiliados Netbox\\Site institucional - Netbox\\node_modules\\@unrs\\resolver-binding-darwin-arm64'
244 silly reify ]
245 silly reify mark retired [
245 silly reify   'D:\\programas\\Projetos de programação\\Afiliados Netbox\\Site institucional - Netbox\\node_modules\\@unrs\\resolver-binding-linux-arm-musleabihf'
245 silly reify ]
246 silly reify mark retired [
246 silly reify   'D:\\programas\\Projetos de programação\\Afiliados Netbox\\Site institucional - Netbox\\node_modules\\@unrs\\resolver-binding-darwin-x64'
246 silly reify ]
247 silly reify mark retired [
247 silly reify   'D:\\programas\\Projetos de programação\\Afiliados Netbox\\Site institucional - Netbox\\node_modules\\@unrs\\resolver-binding-linux-arm-gnueabihf'
247 silly reify ]
248 silly reify mark retired [
248 silly reify   'D:\\programas\\Projetos de programação\\Afiliados Netbox\\Site institucional - Netbox\\node_modules\\@unrs\\resolver-binding-linux-ppc64-gnu'
248 silly reify ]
249 silly reify mark retired [
249 silly reify   'D:\\programas\\Projetos de programação\\Afiliados Netbox\\Site institucional - Netbox\\node_modules\\@unrs\\resolver-binding-linux-arm64-gnu'
249 silly reify ]
250 silly reify mark retired [
250 silly reify   'D:\\programas\\Projetos de programação\\Afiliados Netbox\\Site institucional - Netbox\\node_modules\\@unrs\\resolver-binding-linux-riscv64-gnu'
250 silly reify ]
251 silly reify mark retired [
251 silly reify   'D:\\programas\\Projetos de programação\\Afiliados Netbox\\Site institucional - Netbox\\node_modules\\@unrs\\resolver-binding-linux-arm64-musl'
251 silly reify ]
252 silly reify mark retired [
252 silly reify   'D:\\programas\\Projetos de programação\\Afiliados Netbox\\Site institucional - Netbox\\node_modules\\@unrs\\resolver-binding-linux-riscv64-musl'
252 silly reify ]
253 silly reify mark retired [
253 silly reify   'D:\\programas\\Projetos de programação\\Afiliados Netbox\\Site institucional - Netbox\\node_modules\\@unrs\\resolver-binding-linux-s390x-gnu'
253 silly reify ]
254 silly reify mark retired [
254 silly reify   'D:\\programas\\Projetos de programação\\Afiliados Netbox\\Site institucional - Netbox\\node_modules\\@unrs\\resolver-binding-linux-x64-gnu'
254 silly reify ]
255 silly reify mark retired [
255 silly reify   'D:\\programas\\Projetos de programação\\Afiliados Netbox\\Site institucional - Netbox\\node_modules\\@unrs\\resolver-binding-linux-x64-musl'
255 silly reify ]
256 silly reify mark retired [
256 silly reify   'D:\\programas\\Projetos de programação\\Afiliados Netbox\\Site institucional - Netbox\\node_modules\\@unrs\\resolver-binding-wasm32-wasi'
256 silly reify ]
257 silly reify mark retired [
257 silly reify   'D:\\programas\\Projetos de programação\\Afiliados Netbox\\Site institucional - Netbox\\node_modules\\@unrs\\resolver-binding-win32-arm64-msvc'
257 silly reify ]
258 silly reify mark retired [
258 silly reify   'D:\\programas\\Projetos de programação\\Afiliados Netbox\\Site institucional - Netbox\\node_modules\\@unrs\\resolver-binding-win32-ia32-msvc'
258 silly reify ]
259 silly reify mark retired [
259 silly reify   'D:\\programas\\Projetos de programação\\Afiliados Netbox\\Site institucional - Netbox\\node_modules\\@vitejs\\plugin-rsc'
259 silly reify ]
260 silly reify mark retired [
260 silly reify   'D:\\programas\\Projetos de programação\\Afiliados Netbox\\Site institucional - Netbox\\node_modules\\@vitejs\\plugin-react'
260 silly reify ]
261 silly reify mark retired [
261 silly reify   'D:\\programas\\Projetos de programação\\Afiliados Netbox\\Site institucional - Netbox\\node_modules\\@vercel\\og'
261 silly reify ]
262 silly reify mark retired [
262 silly reify   'D:\\programas\\Projetos de programação\\Afiliados Netbox\\Site institucional - Netbox\\node_modules\\acorn',
262 silly reify   'D:\\programas\\Projetos de programação\\Afiliados Netbox\\Site institucional - Netbox\\node_modules\\.bin\\acorn',
262 silly reify   'D:\\programas\\Projetos de programação\\Afiliados Netbox\\Site institucional - Netbox\\node_modules\\.bin\\acorn.cmd',
262 silly reify   'D:\\programas\\Projetos de programação\\Afiliados Netbox\\Site institucional - Netbox\\node_modules\\.bin\\acorn.ps1'
262 silly reify ]
263 silly reify mark retired [
263 silly reify   'D:\\programas\\Projetos de programação\\Afiliados Netbox\\Site institucional - Netbox\\node_modules\\browserslist',
263 silly reify   'D:\\programas\\Projetos de programação\\Afiliados Netbox\\Site institucional - Netbox\\node_modules\\.bin\\browserslist',
263 silly reify   'D:\\programas\\Projetos de programação\\Afiliados Netbox\\Site institucional - Netbox\\node_modules\\.bin\\browserslist.cmd',
263 silly reify   'D:\\programas\\Projetos de programação\\Afiliados Netbox\\Site institucional - Netbox\\node_modules\\.bin\\browserslist.ps1'
263 silly reify ]
264 silly reify mark retired [
264 silly reify   'D:\\programas\\Projetos de programação\\Afiliados Netbox\\Site institucional - Netbox\\node_modules\\eslint',
264 silly reify   'D:\\programas\\Projetos de programação\\Afiliados Netbox\\Site institucional - Netbox\\node_modules\\.bin\\eslint',
264 silly reify   'D:\\programas\\Projetos de programação\\Afiliados Netbox\\Site institucional - Netbox\\node_modules\\.bin\\eslint.cmd',
264 silly reify   'D:\\programas\\Projetos de programação\\Afiliados Netbox\\Site institucional - Netbox\\node_modules\\.bin\\eslint.ps1'
264 silly reify ]
265 silly reify mark retired [
265 silly reify   'D:\\programas\\Projetos de programação\\Afiliados Netbox\\Site institucional - Netbox\\node_modules\\is-bun-module\\node_modules\\semver',
265 silly reify   'D:\\programas\\Projetos de programação\\Afiliados Netbox\\Site institucional - Netbox\\node_modules\\is-bun-module\\node_modules\\.bin\\semver',
265 silly reify   'D:\\programas\\Projetos de programação\\Afiliados Netbox\\Site institucional - Netbox\\node_modules\\is-bun-module\\node_modules\\.bin\\semver.cmd',
265 silly reify   'D:\\programas\\Projetos de programação\\Afiliados Netbox\\Site institucional - Netbox\\node_modules\\is-bun-module\\node_modules\\.bin\\semver.ps1'
265 silly reify ]
266 silly reify mark retired [
266 silly reify   'D:\\programas\\Projetos de programação\\Afiliados Netbox\\Site institucional - Netbox\\node_modules\\jsesc',
266 silly reify   'D:\\programas\\Projetos de programação\\Afiliados Netbox\\Site institucional - Netbox\\node_modules\\.bin\\jsesc',
266 silly reify   'D:\\programas\\Projetos de programação\\Afiliados Netbox\\Site institucional - Netbox\\node_modules\\.bin\\jsesc.cmd',
266 silly reify   'D:\\programas\\Projetos de programação\\Afiliados Netbox\\Site institucional - Netbox\\node_modules\\.bin\\jsesc.ps1'
266 silly reify ]
267 silly reify mark retired [
267 silly reify   'D:\\programas\\Projetos de programação\\Afiliados Netbox\\Site institucional - Netbox\\node_modules\\jiti',
267 silly reify   'D:\\programas\\Projetos de programação\\Afiliados Netbox\\Site institucional - Netbox\\node_modules\\.bin\\jiti',
267 silly reify   'D:\\programas\\Projetos de programação\\Afiliados Netbox\\Site institucional - Netbox\\node_modules\\.bin\\jiti.cmd',
267 silly reify   'D:\\programas\\Projetos de programação\\Afiliados Netbox\\Site institucional - Netbox\\node_modules\\.bin\\jiti.ps1'
267 silly reify ]
268 silly reify mark retired [
268 silly reify   'D:\\programas\\Projetos de programação\\Afiliados Netbox\\Site institucional - Netbox\\node_modules\\js-yaml',
268 silly reify   'D:\\programas\\Projetos de programação\\Afiliados Netbox\\Site institucional - Netbox\\node_modules\\.bin\\js-yaml',
268 silly reify   'D:\\programas\\Projetos de programação\\Afiliados Netbox\\Site institucional - Netbox\\node_modules\\.bin\\js-yaml.cmd',
268 silly reify   'D:\\programas\\Projetos de programação\\Afiliados Netbox\\Site institucional - Netbox\\node_modules\\.bin\\js-yaml.ps1'
268 silly reify ]
269 silly reify mark retired [
269 silly reify   'D:\\programas\\Projetos de programação\\Afiliados Netbox\\Site institucional - Netbox\\node_modules\\json5',
269 silly reify   'D:\\programas\\Projetos de programação\\Afiliados Netbox\\Site institucional - Netbox\\node_modules\\.bin\\json5',
269 silly reify   'D:\\programas\\Projetos de programação\\Afiliados Netbox\\Site institucional - Netbox\\node_modules\\.bin\\json5.cmd',
269 silly reify   'D:\\programas\\Projetos de programação\\Afiliados Netbox\\Site institucional - Netbox\\node_modules\\.bin\\json5.ps1'
269 silly reify ]
270 silly reify mark retired [
270 silly reify   'D:\\programas\\Projetos de programação\\Afiliados Netbox\\Site institucional - Netbox\\node_modules\\loose-envify',
270 silly reify   'D:\\programas\\Projetos de programação\\Afiliados Netbox\\Site institucional - Netbox\\node_modules\\.bin\\loose-envify',
270 silly reify   'D:\\programas\\Projetos de programação\\Afiliados Netbox\\Site institucional - Netbox\\node_modules\\.bin\\loose-envify.cmd',
270 silly reify   'D:\\programas\\Projetos de programação\\Afiliados Netbox\\Site institucional - Netbox\\node_modules\\.bin\\loose-envify.ps1'
270 silly reify ]
271 silly reify mark retired [
271 silly reify   'D:\\programas\\Projetos de programação\\Afiliados Netbox\\Site institucional - Netbox\\node_modules\\nanoid',
271 silly reify   'D:\\programas\\Projetos de programação\\Afiliados Netbox\\Site institucional - Netbox\\node_modules\\.bin\\nanoid',
271 silly reify   'D:\\programas\\Projetos de programação\\Afiliados Netbox\\Site institucional - Netbox\\node_modules\\.bin\\nanoid.cmd',
271 silly reify   'D:\\programas\\Projetos de programação\\Afiliados Netbox\\Site institucional - Netbox\\node_modules\\.bin\\nanoid.ps1'
271 silly reify ]
272 silly reify mark retired [
272 silly reify   'D:\\programas\\Projetos de programação\\Afiliados Netbox\\Site institucional - Netbox\\node_modules\\napi-postinstall',
272 silly reify   'D:\\programas\\Projetos de programação\\Afiliados Netbox\\Site institucional - Netbox\\node_modules\\.bin\\napi-postinstall',
272 silly reify   'D:\\programas\\Projetos de programação\\Afiliados Netbox\\Site institucional - Netbox\\node_modules\\.bin\\napi-postinstall.cmd',
272 silly reify   'D:\\programas\\Projetos de programação\\Afiliados Netbox\\Site institucional - Netbox\\node_modules\\.bin\\napi-postinstall.ps1'
272 silly reify ]
273 silly reify mark retired [
273 silly reify   'D:\\programas\\Projetos de programação\\Afiliados Netbox\\Site institucional - Netbox\\node_modules\\sharp\\node_modules\\semver',
273 silly reify   'D:\\programas\\Projetos de programação\\Afiliados Netbox\\Site institucional - Netbox\\node_modules\\sharp\\node_modules\\.bin\\semver',
273 silly reify   'D:\\programas\\Projetos de programação\\Afiliados Netbox\\Site institucional - Netbox\\node_modules\\sharp\\node_modules\\.bin\\semver.cmd',
273 silly reify   'D:\\programas\\Projetos de programação\\Afiliados Netbox\\Site institucional - Netbox\\node_modules\\sharp\\node_modules\\.bin\\semver.ps1'
273 silly reify ]
274 silly reify mark retired [
274 silly reify   'D:\\programas\\Projetos de programação\\Afiliados Netbox\\Site institucional - Netbox\\node_modules\\semver',
274 silly reify   'D:\\programas\\Projetos de programação\\Afiliados Netbox\\Site institucional - Netbox\\node_modules\\.bin\\semver',
274 silly reify   'D:\\programas\\Projetos de programação\\Afiliados Netbox\\Site institucional - Netbox\\node_modules\\.bin\\semver.cmd',
274 silly reify   'D:\\programas\\Projetos de programação\\Afiliados Netbox\\Site institucional - Netbox\\node_modules\\.bin\\semver.ps1'
274 silly reify ]
275 silly reify mark retired [
275 silly reify   'D:\\programas\\Projetos de programação\\Afiliados Netbox\\Site institucional - Netbox\\node_modules\\tsconfig-paths\\node_modules\\json5',
275 silly reify   'D:\\programas\\Projetos de programação\\Afiliados Netbox\\Site institucional - Netbox\\node_modules\\tsconfig-paths\\node_modules\\.bin\\json5',
275 silly reify   'D:\\programas\\Projetos de programação\\Afiliados Netbox\\Site institucional - Netbox\\node_modules\\tsconfig-paths\\node_modules\\.bin\\json5.cmd',
275 silly reify   'D:\\programas\\Projetos de programação\\Afiliados Netbox\\Site institucional - Netbox\\node_modules\\tsconfig-paths\\node_modules\\.bin\\json5.ps1'
275 silly reify ]
276 silly reify mark retired [
276 silly reify   'D:\\programas\\Projetos de programação\\Afiliados Netbox\\Site institucional - Netbox\\node_modules\\update-browserslist-db',
276 silly reify   'D:\\programas\\Projetos de programação\\Afiliados Netbox\\Site institucional - Netbox\\node_modules\\.bin\\update-browserslist-db',
276 silly reify   'D:\\programas\\Projetos de programação\\Afiliados Netbox\\Site institucional - Netbox\\node_modules\\.bin\\update-browserslist-db.cmd',
276 silly reify   'D:\\programas\\Projetos de programação\\Afiliados Netbox\\Site institucional - Netbox\\node_modules\\.bin\\update-browserslist-db.ps1'
276 silly reify ]
277 silly reify mark retired [
277 silly reify   'D:\\programas\\Projetos de programação\\Afiliados Netbox\\Site institucional - Netbox\\node_modules\\typescript',
277 silly reify   'D:\\programas\\Projetos de programação\\Afiliados Netbox\\Site institucional - Netbox\\node_modules\\.bin\\tsc',
277 silly reify   'D:\\programas\\Projetos de programação\\Afiliados Netbox\\Site institucional - Netbox\\node_modules\\.bin\\tsc.cmd',
277 silly reify   'D:\\programas\\Projetos de programação\\Afiliados Netbox\\Site institucional - Netbox\\node_modules\\.bin\\tsc.ps1',
277 silly reify   'D:\\programas\\Projetos de programação\\Afiliados Netbox\\Site institucional - Netbox\\node_modules\\.bin\\tsserver',
277 silly reify   'D:\\programas\\Projetos de programação\\Afiliados Netbox\\Site institucional - Netbox\\node_modules\\.bin\\tsserver.cmd',
277 silly reify   'D:\\programas\\Projetos de programação\\Afiliados Netbox\\Site institucional - Netbox\\node_modules\\.bin\\tsserver.ps1'
277 silly reify ]
278 silly reify mark retired [
278 silly reify   'D:\\programas\\Projetos de programação\\Afiliados Netbox\\Site institucional - Netbox\\node_modules\\esbuild',
278 silly reify   'D:\\programas\\Projetos de programação\\Afiliados Netbox\\Site institucional - Netbox\\node_modules\\.bin\\esbuild',
278 silly reify   'D:\\programas\\Projetos de programação\\Afiliados Netbox\\Site institucional - Netbox\\node_modules\\.bin\\esbuild.cmd',
278 silly reify   'D:\\programas\\Projetos de programação\\Afiliados Netbox\\Site institucional - Netbox\\node_modules\\.bin\\esbuild.ps1'
278 silly reify ]
279 silly reify mark retired [
279 silly reify   'D:\\programas\\Projetos de programação\\Afiliados Netbox\\Site institucional - Netbox\\node_modules\\which',
279 silly reify   'D:\\programas\\Projetos de programação\\Afiliados Netbox\\Site institucional - Netbox\\node_modules\\.bin\\node-which',
279 silly reify   'D:\\programas\\Projetos de programação\\Afiliados Netbox\\Site institucional - Netbox\\node_modules\\.bin\\node-which.cmd',
279 silly reify   'D:\\programas\\Projetos de programação\\Afiliados Netbox\\Site institucional - Netbox\\node_modules\\.bin\\node-which.ps1'
279 silly reify ]
280 silly reify mark retired [
280 silly reify   'D:\\programas\\Projetos de programação\\Afiliados Netbox\\Site institucional - Netbox\\node_modules\\@esbuild-kit\\core-utils\\node_modules\\@esbuild\\darwin-arm64'
280 silly reify ]
281 silly reify mark retired [
281 silly reify   'D:\\programas\\Projetos de programação\\Afiliados Netbox\\Site institucional - Netbox\\node_modules\\@esbuild-kit\\core-utils\\node_modules\\@esbuild\\android-arm64'
281 silly reify ]
282 silly reify mark retired [
282 silly reify   'D:\\programas\\Projetos de programação\\Afiliados Netbox\\Site institucional - Netbox\\node_modules\\@esbuild-kit\\core-utils\\node_modules\\@esbuild\\android-arm'
282 silly reify ]
283 silly reify mark retired [
283 silly reify   'D:\\programas\\Projetos de programação\\Afiliados Netbox\\Site institucional - Netbox\\node_modules\\@esbuild-kit\\core-utils\\node_modules\\@esbuild\\android-x64'
283 silly reify ]
284 silly reify mark retired [
284 silly reify   'D:\\programas\\Projetos de programação\\Afiliados Netbox\\Site institucional - Netbox\\node_modules\\@esbuild-kit\\core-utils\\node_modules\\@esbuild\\darwin-x64'
284 silly reify ]
285 silly reify mark retired [
285 silly reify   'D:\\programas\\Projetos de programação\\Afiliados Netbox\\Site institucional - Netbox\\node_modules\\@esbuild-kit\\core-utils\\node_modules\\@esbuild\\freebsd-x64'
285 silly reify ]
286 silly reify mark retired [
286 silly reify   'D:\\programas\\Projetos de programação\\Afiliados Netbox\\Site institucional - Netbox\\node_modules\\@esbuild-kit\\core-utils\\node_modules\\@esbuild\\linux-arm64'
286 silly reify ]
287 silly reify mark retired [
287 silly reify   'D:\\programas\\Projetos de programação\\Afiliados Netbox\\Site institucional - Netbox\\node_modules\\@esbuild-kit\\core-utils\\node_modules\\@esbuild\\freebsd-arm64'
287 silly reify ]
288 silly reify mark retired [
288 silly reify   'D:\\programas\\Projetos de programação\\Afiliados Netbox\\Site institucional - Netbox\\node_modules\\@esbuild-kit\\core-utils\\node_modules\\@esbuild\\linux-arm'
288 silly reify ]
289 silly reify mark retired [
289 silly reify   'D:\\programas\\Projetos de programação\\Afiliados Netbox\\Site institucional - Netbox\\node_modules\\@esbuild-kit\\core-utils\\node_modules\\@esbuild\\linux-ppc64'
289 silly reify ]
290 silly reify mark retired [
290 silly reify   'D:\\programas\\Projetos de programação\\Afiliados Netbox\\Site institucional - Netbox\\node_modules\\@esbuild-kit\\core-utils\\node_modules\\@esbuild\\linux-loong64'
290 silly reify ]
291 silly reify mark retired [
291 silly reify   'D:\\programas\\Projetos de programação\\Afiliados Netbox\\Site institucional - Netbox\\node_modules\\@esbuild-kit\\core-utils\\node_modules\\@esbuild\\linux-ia32'
291 silly reify ]
292 silly reify mark retired [
292 silly reify   'D:\\programas\\Projetos de programação\\Afiliados Netbox\\Site institucional - Netbox\\node_modules\\@esbuild-kit\\core-utils\\node_modules\\@esbuild\\linux-mips64el'
292 silly reify ]
293 silly reify mark retired [
293 silly reify   'D:\\programas\\Projetos de programação\\Afiliados Netbox\\Site institucional - Netbox\\node_modules\\@esbuild-kit\\core-utils\\node_modules\\@esbuild\\linux-riscv64'
293 silly reify ]
294 silly reify mark retired [
294 silly reify   'D:\\programas\\Projetos de programação\\Afiliados Netbox\\Site institucional - Netbox\\node_modules\\@esbuild-kit\\core-utils\\node_modules\\@esbuild\\linux-s390x'
294 silly reify ]
295 silly reify mark retired [
295 silly reify   'D:\\programas\\Projetos de programação\\Afiliados Netbox\\Site institucional - Netbox\\node_modules\\@esbuild-kit\\core-utils\\node_modules\\@esbuild\\openbsd-x64'
295 silly reify ]
296 silly reify mark retired [
296 silly reify   'D:\\programas\\Projetos de programação\\Afiliados Netbox\\Site institucional - Netbox\\node_modules\\@esbuild-kit\\core-utils\\node_modules\\@esbuild\\linux-x64'
296 silly reify ]
297 silly reify mark retired [
297 silly reify   'D:\\programas\\Projetos de programação\\Afiliados Netbox\\Site institucional - Netbox\\node_modules\\@esbuild-kit\\core-utils\\node_modules\\@esbuild\\netbsd-x64'
297 silly reify ]
298 silly reify mark retired [
298 silly reify   'D:\\programas\\Projetos de programação\\Afiliados Netbox\\Site institucional - Netbox\\node_modules\\@esbuild-kit\\core-utils\\node_modules\\@esbuild\\win32-arm64'
298 silly reify ]
299 silly reify mark retired [
299 silly reify   'D:\\programas\\Projetos de programação\\Afiliados Netbox\\Site institucional - Netbox\\node_modules\\@esbuild-kit\\core-utils\\node_modules\\@esbuild\\sunos-x64'
299 silly reify ]
300 silly reify mark retired [
300 silly reify   'D:\\programas\\Projetos de programação\\Afiliados Netbox\\Site institucional - Netbox\\node_modules\\@esbuild-kit\\core-utils\\node_modules\\@esbuild\\win32-ia32'
300 silly reify ]
301 silly reify mark retired [
301 silly reify   'D:\\programas\\Projetos de programação\\Afiliados Netbox\\Site institucional - Netbox\\node_modules\\@esbuild-kit\\core-utils\\node_modules\\esbuild',
301 silly reify   'D:\\programas\\Projetos de programação\\Afiliados Netbox\\Site institucional - Netbox\\node_modules\\@esbuild-kit\\core-utils\\node_modules\\.bin\\esbuild',
301 silly reify   'D:\\programas\\Projetos de programação\\Afiliados Netbox\\Site institucional - Netbox\\node_modules\\@esbuild-kit\\core-utils\\node_modules\\.bin\\esbuild.cmd',
301 silly reify   'D:\\programas\\Projetos de programação\\Afiliados Netbox\\Site institucional - Netbox\\node_modules\\@esbuild-kit\\core-utils\\node_modules\\.bin\\esbuild.ps1'
301 silly reify ]
302 silly reify mark retired [
302 silly reify   'D:\\programas\\Projetos de programação\\Afiliados Netbox\\Site institucional - Netbox\\node_modules\\@babel\\parser',
302 silly reify   'D:\\programas\\Projetos de programação\\Afiliados Netbox\\Site institucional - Netbox\\node_modules\\.bin\\parser',
302 silly reify   'D:\\programas\\Projetos de programação\\Afiliados Netbox\\Site institucional - Netbox\\node_modules\\.bin\\parser.cmd',
302 silly reify   'D:\\programas\\Projetos de programação\\Afiliados Netbox\\Site institucional - Netbox\\node_modules\\.bin\\parser.ps1'
302 silly reify ]
303 silly reify moves {
303 silly reify   'D:\\programas\\Projetos de programação\\Afiliados Netbox\\Site institucional - Netbox\\node_modules\\acorn-import-phases': 'D:\\programas\\Projetos de programação\\Afiliados Netbox\\Site institucional - Netbox\\node_modules\\.acorn-import-phases-HPNggcUd',
303 silly reify   'D:\\programas\\Projetos de programação\\Afiliados Netbox\\Site institucional - Netbox\\node_modules\\acorn-loose': 'D:\\programas\\Projetos de programação\\Afiliados Netbox\\Site institucional - Netbox\\node_modules\\.acorn-loose-r9fqz6uP',
303 silly reify   'D:\\programas\\Projetos de programação\\Afiliados Netbox\\Site institucional - Netbox\\node_modules\\base64-js': 'D:\\programas\\Projetos de programação\\Afiliados Netbox\\Site institucional - Netbox\\node_modules\\.base64-js-b4YP0v54',
303 silly reify   'D:\\programas\\Projetos de programação\\Afiliados Netbox\\Site institucional - Netbox\\node_modules\\blake3-wasm': 'D:\\programas\\Projetos de programação\\Afiliados Netbox\\Site institucional - Netbox\\node_modules\\.blake3-wasm-wji22Cja',
303 silly reify   'D:\\programas\\Projetos de programação\\Afiliados Netbox\\Site institucional - Netbox\\node_modules\\baseline-browser-mapping': 'D:\\programas\\Projetos de programação\\Afiliados Netbox\\Site institucional - Netbox\\node_modules\\.baseline-browser-mapping-Wd6BY1Qg',
303 silly reify   'D:\\programas\\Projetos de programação\\Afiliados Netbox\\Site institucional - Netbox\\node_modules\\caniuse-lite': 'D:\\programas\\Projetos de programação\\Afiliados Netbox\\Site institucional - Netbox\\node_modules\\.caniuse-lite-8OY8fm6j',
303 silly reify   'D:\\programas\\Projetos de programação\\Afiliados Netbox\\Site institucional - Netbox\\node_modules\\css-background-parser': 'D:\\programas\\Projetos de programação\\Afiliados Netbox\\Site institucional - Netbox\\node_modules\\.css-background-parser-9XpgldmJ',
303 silly reify   'D:\\programas\\Projetos de programação\\Afiliados Netbox\\Site institucional - Netbox\\node_modules\\css-box-shadow': 'D:\\programas\\Projetos de programação\\Afiliados Netbox\\Site institucional - Netbox\\node_modules\\.css-box-shadow-YBPNtKih',
303 silly reify   'D:\\programas\\Projetos de programação\\Afiliados Netbox\\Site institucional - Netbox\\node_modules\\css-gradient-parser': 'D:\\programas\\Projetos de programação\\Afiliados Netbox\\Site institucional - Netbox\\node_modules\\.css-gradient-parser-246lxpRb',
303 silly reify   'D:\\programas\\Projetos de programação\\Afiliados Netbox\\Site institucional - Netbox\\node_modules\\drizzle-kit': 'D:\\programas\\Projetos de programação\\Afiliados Netbox\\Site institucional - Netbox\\node_modules\\.drizzle-kit-jYKlTngp',
303 silly reify   'D:\\programas\\Projetos de programação\\Afiliados Netbox\\Site institucional - Netbox\\node_modules\\electron-to-chromium': 'D:\\programas\\Projetos de programação\\Afiliados Netbox\\Site institucional - Netbox\\node_modules\\.electron-to-chromium-na8tMaHI',
303 silly reify   'D:\\programas\\Projetos de programação\\Afiliados Netbox\\Site institucional - Netbox\\node_modules\\emoji-regex-xs': 'D:\\programas\\Projetos de programação\\Afiliados Netbox\\Site institucional - Netbox\\node_modules\\.emoji-regex-xs-1tppN6Zo',
303 silly reify   'D:\\programas\\Projetos de programação\\Afiliados Netbox\\Site institucional - Netbox\\node_modules\\drizzle-orm': 'D:\\programas\\Projetos de programação\\Afiliados Netbox\\Site institucional - Netbox\\node_modules\\.drizzle-orm-ePpMzaYN',
303 silly reify   'D:\\programas\\Projetos de programação\\Afiliados Netbox\\Site institucional - Netbox\\node_modules\\enhanced-resolve': 'D:\\programas\\Projetos de programação\\Afiliados Netbox\\Site institucional - Netbox\\node_modules\\.enhanced-resolve-nTLRFDcg',
303 silly reify   'D:\\programas\\Projetos de programação\\Afiliados Netbox\\Site institucional - Netbox\\node_modules\\error-stack-parser-es': 'D:\\programas\\Projetos de programação\\Afiliados Netbox\\Site institucional - Netbox\\node_modules\\.error-stack-parser-es-NgI2dS2a',
303 silly reify   'D:\\programas\\Projetos de programação\\Afiliados Netbox\\Site institucional - Netbox\\node_modules\\es-module-lexer': 'D:\\programas\\Projetos de programação\\Afiliados Netbox\\Site institucional - Netbox\\node_modules\\.es-module-lexer-bD2pBZyw',
303 silly reify   'D:\\programas\\Projetos de programação\\Afiliados Netbox\\Site institucional - Netbox\\node_modules\\eslint-config-next': 'D:\\programas\\Projetos de programação\\Afiliados Netbox\\Site institucional - Netbox\\node_modules\\.eslint-config-next-11L0nNOx',
303 silly reify   'D:\\programas\\Projetos de programação\\Afiliados Netbox\\Site institucional - Netbox\\node_modules\\estree-walker': 'D:\\programas\\Projetos de programação\\Afiliados Netbox\\Site institucional - Netbox\\node_modules\\.estree-walker-2Dk1VZTE',
303 silly reify   'D:\\programas\\Projetos de programação\\Afiliados Netbox\\Site institucional - Netbox\\node_modules\\fflate': 'D:\\programas\\Projetos de programação\\Afiliados Netbox\\Site institucional - Netbox\\node_modules\\.fflate-NR1TWuZk',
303 silly reify   'D:\\programas\\Projetos de programação\\Afiliados Netbox\\Site institucional - Netbox\\node_modules\\fsevents': 'D:\\programas\\Projetos de programação\\Afiliados Netbox\\Site institucional - Netbox\\node_modules\\.fsevents-aOVQCNwh',
303 silly reify   'D:\\programas\\Projetos de programação\\Afiliados Netbox\\Site institucional - Netbox\\node_modules\\globrex': 'D:\\programas\\Projetos de programação\\Afiliados Netbox\\Site institucional - Netbox\\node_modules\\.globrex-hei2X0x6',
303 silly reify   'D:\\programas\\Projetos de programação\\Afiliados Netbox\\Site institucional - Netbox\\node_modules\\hex-rgb': 'D:\\programas\\Projetos de programação\\Afiliados Netbox\\Site institucional - Netbox\\node_modules\\.hex-rgb-cTYBLMTU',
303 silly reify   'D:\\programas\\Projetos de programação\\Afiliados Netbox\\Site institucional - Netbox\\node_modules\\image-size': 'D:\\programas\\Projetos de programação\\Afiliados Netbox\\Site institucional - Netbox\\node_modules\\.image-size-i4SdsgWR',
303 silly reify   'D:\\programas\\Projetos de programação\\Afiliados Netbox\\Site institucional - Netbox\\node_modules\\ipaddr.js': 'D:\\programas\\Projetos de programação\\Afiliados Netbox\\Site institucional - Netbox\\node_modules\\.ipaddr.js-pecdW9BD',
303 silly reify   'D:\\programas\\Projetos de programação\\Afiliados Netbox\\Site institucional - Netbox\\node_modules\\lightningcss': 'D:\\programas\\Projetos de programação\\Afiliados Netbox\\Site institucional - Netbox\\node_modules\\.lightningcss-fOX5hrgz',
303 silly reify   'D:\\programas\\Projetos de programação\\Afiliados Netbox\\Site institucional - Netbox\\node_modules\\lightningcss-android-arm64': 'D:\\programas\\Projetos de programação\\Afiliados Netbox\\Site institucional - Netbox\\node_modules\\.lightningcss-android-arm64-rtUrR4T8',
303 silly reify   'D:\\programas\\Projetos de programação\\Afiliados Netbox\\Site institucional - Netbox\\node_modules\\lightningcss-darwin-arm64': 'D:\\programas\\Projetos de programação\\Afiliados Netbox\\Site institucional - Netbox\\node_modules\\.lightningcss-darwin-arm64-GCgqhTLn',
303 silly reify   'D:\\programas\\Projetos de programação\\Afiliados Netbox\\Site institucional - Netbox\\node_modules\\lightningcss-darwin-x64': 'D:\\programas\\Projetos de programação\\Afiliados Netbox\\Site institucional - Netbox\\node_modules\\.lightningcss-darwin-x64-w74NBf1V',
303 silly reify   'D:\\programas\\Projetos de programação\\Afiliados Netbox\\Site institucional - Netbox\\node_modules\\lightningcss-freebsd-x64': 'D:\\programas\\Projetos de programação\\Afiliados Netbox\\Site institucional - Netbox\\node_modules\\.lightningcss-freebsd-x64-nj8Mc3tl',
303 silly reify   'D:\\programas\\Projetos de programação\\Afiliados Netbox\\Site institucional - Netbox\\node_modules\\lightningcss-linux-arm64-gnu': 'D:\\programas\\Projetos de programação\\Afiliados Netbox\\Site institucional - Netbox\\node_modules\\.lightningcss-linux-arm64-gnu-u9UH7ccn',
303 silly reify   'D:\\programas\\Projetos de programação\\Afiliados Netbox\\Site institucional - Netbox\\node_modules\\lightningcss-linux-arm-gnueabihf': 'D:\\programas\\Projetos de programação\\Afiliados Netbox\\Site institucional - Netbox\\node_modules\\.lightningcss-linux-arm-gnueabihf-oS7QYGov',
303 silly reify   'D:\\programas\\Projetos de programação\\Afiliados Netbox\\Site institucional - Netbox\\node_modules\\lightningcss-linux-x64-gnu': 'D:\\programas\\Projetos de programação\\Afiliados Netbox\\Site institucional - Netbox\\node_modules\\.lightningcss-linux-x64-gnu-QploXXqs',
303 silly reify   'D:\\programas\\Projetos de programação\\Afiliados Netbox\\Site institucional - Netbox\\node_modules\\lightningcss-linux-arm64-musl': 'D:\\programas\\Projetos de programação\\Afiliados Netbox\\Site institucional - Netbox\\node_modules\\.lightningcss-linux-arm64-musl-Ms6OwwtM',
303 silly reify   'D:\\programas\\Projetos de programação\\Afiliados Netbox\\Site institucional - Netbox\\node_modules\\lightningcss-win32-arm64-msvc': 'D:\\programas\\Projetos de programação\\Afiliados Netbox\\Site institucional - Netbox\\node_modules\\.lightningcss-win32-arm64-msvc-OvXaBFr5',
303 silly reify   'D:\\programas\\Projetos de programação\\Afiliados Netbox\\Site institucional - Netbox\\node_modules\\lightningcss-linux-x64-musl': 'D:\\programas\\Projetos de programação\\Afiliados Netbox\\Site institucional - Netbox\\node_modules\\.lightningcss-linux-x64-musl-8asGFioP',
303 silly reify   'D:\\programas\\Projetos de programação\\Afiliados Netbox\\Site institucional - Netbox\\node_modules\\lightningcss-win32-x64-msvc': 'D:\\programas\\Projetos de programação\\Afiliados Netbox\\Site institucional - Netbox\\node_modules\\.lightningcss-win32-x64-msvc-CRW6TYxs',
303 silly reify   'D:\\programas\\Projetos de programação\\Afiliados Netbox\\Site institucional - Netbox\\node_modules\\linebreak': 'D:\\programas\\Projetos de programação\\Afiliados Netbox\\Site institucional - Netbox\\node_modules\\.linebreak-VlLukWhu',
303 silly reify   'D:\\programas\\Projetos de programação\\Afiliados Netbox\\Site institucional - Netbox\\node_modules\\loader-runner': 'D:\\programas\\Projetos de programação\\Afiliados Netbox\\Site institucional - Netbox\\node_modules\\.loader-runner-u62Jg2qC',
303 silly reify   'D:\\programas\\Projetos de programação\\Afiliados Netbox\\Site institucional - Netbox\\node_modules\\miniflare': 'D:\\programas\\Projetos de programação\\Afiliados Netbox\\Site institucional - Netbox\\node_modules\\.miniflare-C3vFFC3B',
303 silly reify   'D:\\programas\\Projetos de programação\\Afiliados Netbox\\Site institucional - Netbox\\node_modules\\node-releases': 'D:\\programas\\Projetos de programação\\Afiliados Netbox\\Site institucional - Netbox\\node_modules\\.node-releases-MgGszpn2',
303 silly reify   'D:\\programas\\Projetos de programação\\Afiliados Netbox\\Site institucional - Netbox\\node_modules\\next': 'D:\\programas\\Projetos de programação\\Afiliados Netbox\\Site institucional - Netbox\\node_modules\\.next-gcZMseLU',
303 silly reify   'D:\\programas\\Projetos de programação\\Afiliados Netbox\\Site institucional - Netbox\\node_modules\\pako': 'D:\\programas\\Projetos de programação\\Afiliados Netbox\\Site institucional - Netbox\\node_modules\\.pako-0nsMVu4u',
303 silly reify   'D:\\programas\\Projetos de programação\\Afiliados Netbox\\Site institucional - Netbox\\node_modules\\parse-css-color': 'D:\\programas\\Projetos de programação\\Afiliados Netbox\\Site institucional - Netbox\\node_modules\\.parse-css-color-3eZA0Nbr',
303 silly reify   'D:\\programas\\Projetos de programação\\Afiliados Netbox\\Site institucional - Netbox\\node_modules\\react-server-dom-webpack': 'D:\\programas\\Projetos de programação\\Afiliados Netbox\\Site institucional - Netbox\\node_modules\\.react-server-dom-webpack-H48cKlGr',
303 silly reify   'D:\\programas\\Projetos de programação\\Afiliados Netbox\\Site institucional - Netbox\\node_modules\\resolve': 'D:\\programas\\Projetos de programação\\Afiliados Netbox\\Site institucional - Netbox\\node_modules\\.resolve-NyR0m7k8',
303 silly reify   'D:\\programas\\Projetos de programação\\Afiliados Netbox\\Site institucional - Netbox\\node_modules\\rolldown': 'D:\\programas\\Projetos de programação\\Afiliados Netbox\\Site institucional - Netbox\\node_modules\\.rolldown-jZ1hkJxT',
303 silly reify   'D:\\programas\\Projetos de programação\\Afiliados Netbox\\Site institucional - Netbox\\node_modules\\satori': 'D:\\programas\\Projetos de programação\\Afiliados Netbox\\Site institucional - Netbox\\node_modules\\.satori-DC4R54lR',
303 silly reify   'D:\\programas\\Projetos de programação\\Afiliados Netbox\\Site institucional - Netbox\\node_modules\\schema-utils': 'D:\\programas\\Projetos de programação\\Afiliados Netbox\\Site institucional - Netbox\\node_modules\\.schema-utils-JqitwJvC',
303 silly reify   'D:\\programas\\Projetos de programação\\Afiliados Netbox\\Site institucional - Netbox\\node_modules\\srvx': 'D:\\programas\\Projetos de programação\\Afiliados Netbox\\Site institucional - Netbox\\node_modules\\.srvx-ERqBjYLO',
303 silly reify   'D:\\programas\\Projetos de programação\\Afiliados Netbox\\Site institucional - Netbox\\node_modules\\string.prototype.codepointat': 'D:\\programas\\Projetos de programação\\Afiliados Netbox\\Site institucional - Netbox\\node_modules\\.string.prototype.codepointat-OCqy6VPT',
303 silly reify   'D:\\programas\\Projetos de programação\\Afiliados Netbox\\Site institucional - Netbox\\node_modules\\strip-literal': 'D:\\programas\\Projetos de programação\\Afiliados Netbox\\Site institucional - Netbox\\node_modules\\.strip-literal-N6I9Rafy',
303 silly reify   'D:\\programas\\Projetos de programação\\Afiliados Netbox\\Site institucional - Netbox\\node_modules\\terser': 'D:\\programas\\Projetos de programação\\Afiliados Netbox\\Site institucional - Netbox\\node_modules\\.terser-rMsmBllI',
303 silly reify   'D:\\programas\\Projetos de programação\\Afiliados Netbox\\Site institucional - Netbox\\node_modules\\tailwindcss': 'D:\\programas\\Projetos de programação\\Afiliados Netbox\\Site institucional - Netbox\\node_modules\\.tailwindcss-jEjrbEPH',
303 silly reify   'D:\\programas\\Projetos de programação\\Afiliados Netbox\\Site institucional - Netbox\\node_modules\\terser-webpack-plugin': 'D:\\programas\\Projetos de programação\\Afiliados Netbox\\Site institucional - Netbox\\node_modules\\.terser-webpack-plugin-hKNpvbJ5',
303 silly reify   'D:\\programas\\Projetos de programação\\Afiliados Netbox\\Site institucional - Netbox\\node_modules\\tiny-inflate': 'D:\\programas\\Projetos de programação\\Afiliados Netbox\\Site institucional - Netbox\\node_modules\\.tiny-inflate-qGq4B2x9',
303 silly reify   'D:\\programas\\Projetos de programação\\Afiliados Netbox\\Site institucional - Netbox\\node_modules\\tsconfck': 'D:\\programas\\Projetos de programação\\Afiliados Netbox\\Site institucional - Netbox\\node_modules\\.tsconfck-16TIjbpp',
303 silly reify   'D:\\programas\\Projetos de programação\\Afiliados Netbox\\Site institucional - Netbox\\node_modules\\tsx': 'D:\\programas\\Projetos de programação\\Afiliados Netbox\\Site institucional - Netbox\\node_modules\\.tsx-mVBI4set',
303 silly reify   'D:\\programas\\Projetos de programação\\Afiliados Netbox\\Site institucional - Netbox\\node_modules\\turbo-stream': 'D:\\programas\\Projetos de programação\\Afiliados Netbox\\Site institucional - Netbox\\node_modules\\.turbo-stream-1Z7kBej9',
303 silly reify   'D:\\programas\\Projetos de programação\\Afiliados Netbox\\Site institucional - Netbox\\node_modules\\typescript-eslint': 'D:\\programas\\Projetos de programação\\Afiliados Netbox\\Site institucional - Netbox\\node_modules\\.typescript-eslint-iMKTznqk',
303 silly reify   'D:\\programas\\Projetos de programação\\Afiliados Netbox\\Site institucional - Netbox\\node_modules\\undici': 'D:\\programas\\Projetos de programação\\Afiliados Netbox\\Site institucional - Netbox\\node_modules\\.undici-lATHBReX',
303 silly reify   'D:\\programas\\Projetos de programação\\Afiliados Netbox\\Site institucional - Netbox\\node_modules\\unenv': 'D:\\programas\\Projetos de programação\\Afiliados Netbox\\Site institucional - Netbox\\node_modules\\.unenv-4v6dH7cZ',
303 silly reify   'D:\\programas\\Projetos de programação\\Afiliados Netbox\\Site institucional - Netbox\\node_modules\\unicode-trie': 'D:\\programas\\Projetos de programação\\Afiliados Netbox\\Site institucional - Netbox\\node_modules\\.unicode-trie-qjESvXht',
303 silly reify   'D:\\programas\\Projetos de programação\\Afiliados Netbox\\Site institucional - Netbox\\node_modules\\unpic': 'D:\\programas\\Projetos de programação\\Afiliados Netbox\\Site institucional - Netbox\\node_modules\\.unpic-QRywBKTe',
303 silly reify   'D:\\programas\\Projetos de programação\\Afiliados Netbox\\Site institucional - Netbox\\node_modules\\vinext': 'D:\\programas\\Projetos de programação\\Afiliados Netbox\\Site institucional - Netbox\\node_modules\\.vinext-VXHF4Xwz',
303 silly reify   'D:\\programas\\Projetos de programação\\Afiliados Netbox\\Site institucional - Netbox\\node_modules\\vite': 'D:\\programas\\Projetos de programação\\Afiliados Netbox\\Site institucional - Netbox\\node_modules\\.vite-PS1p6dPK',
303 silly reify   'D:\\programas\\Projetos de programação\\Afiliados Netbox\\Site institucional - Netbox\\node_modules\\vite-plugin-commonjs': 'D:\\programas\\Projetos de programação\\Afiliados Netbox\\Site institucional - Netbox\\node_modules\\.vite-plugin-commonjs-7lKCHPMv',
303 silly reify   'D:\\programas\\Projetos de programação\\Afiliados Netbox\\Site institucional - Netbox\\node_modules\\vite-plugin-dynamic-import': 'D:\\programas\\Projetos de programação\\Afiliados Netbox\\Site institucional - Netbox\\node_modules\\.vite-plugin-dynamic-import-nnBJJ16L',
303 silly reify   'D:\\programas\\Projetos de programação\\Afiliados Netbox\\Site institucional - Netbox\\node_modules\\vitefu': 'D:\\programas\\Projetos de programação\\Afiliados Netbox\\Site institucional - Netbox\\node_modules\\.vitefu-TJEV03qn',
303 silly reify   'D:\\programas\\Projetos de programação\\Afiliados Netbox\\Site institucional - Netbox\\node_modules\\vite-tsconfig-paths': 'D:\\programas\\Projetos de programação\\Afiliados Netbox\\Site institucional - Netbox\\node_modules\\.vite-tsconfig-paths-TO6J9UZV',
303 silly reify   'D:\\programas\\Projetos de programação\\Afiliados Netbox\\Site institucional - Netbox\\node_modules\\web-vitals': 'D:\\programas\\Projetos de programação\\Afiliados Netbox\\Site institucional - Netbox\\node_modules\\.web-vitals-g96Df8Uy',
303 silly reify   'D:\\programas\\Projetos de programação\\Afiliados Netbox\\Site institucional - Netbox\\node_modules\\watchpack': 'D:\\programas\\Projetos de programação\\Afiliados Netbox\\Site institucional - Netbox\\node_modules\\.watchpack-WLIjdxXA',
303 silly reify   'D:\\programas\\Projetos de programação\\Afiliados Netbox\\Site institucional - Netbox\\node_modules\\webpack-sources': 'D:\\programas\\Projetos de programação\\Afiliados Netbox\\Site institucional - Netbox\\node_modules\\.webpack-sources-IwxlVTqZ',
303 silly reify   'D:\\programas\\Projetos de programação\\Afiliados Netbox\\Site institucional - Netbox\\node_modules\\webpack': 'D:\\programas\\Projetos de programação\\Afiliados Netbox\\Site institucional - Netbox\\node_modules\\.webpack-sb8ZJAnQ',
303 silly reify   'D:\\programas\\Projetos de programação\\Afiliados Netbox\\Site institucional - Netbox\\node_modules\\workerd': 'D:\\programas\\Projetos de programação\\Afiliados Netbox\\Site institucional - Netbox\\node_modules\\.workerd-3Kmc5H1B',
303 silly reify   'D:\\programas\\Projetos de programação\\Afiliados Netbox\\Site institucional - Netbox\\node_modules\\wrangler': 'D:\\programas\\Projetos de programação\\Afiliados Netbox\\Site institucional - Netbox\\node_modules\\.wrangler-EbpwEEBs',
303 silly reify   'D:\\programas\\Projetos de programação\\Afiliados Netbox\\Site institucional - Netbox\\node_modules\\ws': 'D:\\programas\\Projetos de programação\\Afiliados Netbox\\Site institucional - Netbox\\node_modules\\.ws-Bx9t9gIH',
303 silly reify   'D:\\programas\\Projetos de programação\\Afiliados Netbox\\Site institucional - Netbox\\node_modules\\yoga-layout': 'D:\\programas\\Projetos de programação\\Afiliados Netbox\\Site institucional - Netbox\\node_modules\\.yoga-layout-kAWd2o1r',
303 silly reify   'D:\\programas\\Projetos de programação\\Afiliados Netbox\\Site institucional - Netbox\\node_modules\\youch-core': 'D:\\programas\\Projetos de programação\\Afiliados Netbox\\Site institucional - Netbox\\node_modules\\.youch-core-fopWFtFw',
303 silly reify   'D:\\programas\\Projetos de programação\\Afiliados Netbox\\Site institucional - Netbox\\node_modules\\youch': 'D:\\programas\\Projetos de programação\\Afiliados Netbox\\Site institucional - Netbox\\node_modules\\.youch-ZiJqPMKK',
303 silly reify   'D:\\programas\\Projetos de programação\\Afiliados Netbox\\Site institucional - Netbox\\node_modules\\@cloudflare\\unenv-preset': 'D:\\programas\\Projetos de programação\\Afiliados Netbox\\Site institucional - Netbox\\node_modules\\@cloudflare\\.unenv-preset-ebcnSp5V',
303 silly reify   'D:\\programas\\Projetos de programação\\Afiliados Netbox\\Site institucional - Netbox\\node_modules\\@cloudflare\\kv-asset-handler': 'D:\\programas\\Projetos de programação\\Afiliados Netbox\\Site institucional - Netbox\\node_modules\\@cloudflare\\.kv-asset-handler-WmQ325K9',
303 silly reify   'D:\\programas\\Projetos de programação\\Afiliados Netbox\\Site institucional - Netbox\\node_modules\\@cloudflare\\workerd-darwin-64': 'D:\\programas\\Projetos de programação\\Afiliados Netbox\\Site institucional - Netbox\\node_modules\\@cloudflare\\.workerd-darwin-64-ciE1Ff0X',
303 silly reify   'D:\\programas\\Projetos de programação\\Afiliados Netbox\\Site institucional - Netbox\\node_modules\\@cloudflare\\workerd-darwin-arm64': 'D:\\programas\\Projetos de programação\\Afiliados Netbox\\Site institucional - Netbox\\node_modules\\@cloudflare\\.workerd-darwin-arm64-CqLqAb7O',
303 silly reify   'D:\\programas\\Projetos de programação\\Afiliados Netbox\\Site institucional - Netbox\\node_modules\\@cloudflare\\workerd-linux-64': 'D:\\programas\\Projetos de programação\\Afiliados Netbox\\Site institucional - Netbox\\node_modules\\@cloudflare\\.workerd-linux-64-0yjDeLoR',
303 silly reify   'D:\\programas\\Projetos de programação\\Afiliados Netbox\\Site institucional - Netbox\\node_modules\\@cloudflare\\vite-plugin': 'D:\\programas\\Projetos de programação\\Afiliados Netbox\\Site institucional - Netbox\\node_modules\\@cloudflare\\.vite-plugin-ojLg4LGD',
303 silly reify   'D:\\programas\\Projetos de programação\\Afiliados Netbox\\Site institucional - Netbox\\node_modules\\@cloudflare\\workerd-linux-arm64': 'D:\\programas\\Projetos de programação\\Afiliados Netbox\\Site institucional - Netbox\\node_modules\\@cloudflare\\.workerd-linux-arm64-7FQGAuhe',
303 silly reify   'D:\\programas\\Projetos de programação\\Afiliados Netbox\\Site institucional - Netbox\\node_modules\\@cloudflare\\workerd-windows-64': 'D:\\programas\\Projetos de programação\\Afiliados Netbox\\Site institucional - Netbox\\node_modules\\@cloudflare\\.workerd-windows-64-Aq4Y6I28',
303 silly reify   'D:\\programas\\Projetos de programação\\Afiliados Netbox\\Site institucional - Netbox\\node_modules\\@cspotcode\\source-map-support': 'D:\\programas\\Projetos de programação\\Afiliados Netbox\\Site institucional - Netbox\\node_modules\\@cspotcode\\.source-map-support-M5YoMPme',
303 silly reify   'D:\\programas\\Projetos de programação\\Afiliados Netbox\\Site institucional - Netbox\\node_modules\\@esbuild\\android-arm': 'D:\\programas\\Projetos de programação\\Afiliados Netbox\\Site institucional - Netbox\\node_modules\\@esbuild\\.android-arm-oahx0Af0',
303 silly reify   'D:\\programas\\Projetos de programação\\Afiliados Netbox\\Site institucional - Netbox\\node_modules\\@esbuild\\android-arm64': 'D:\\programas\\Projetos de programação\\Afiliados Netbox\\Site institucional - Netbox\\node_modules\\@esbuild\\.android-arm64-mYa075OL',
303 silly reify   'D:\\programas\\Projetos de programação\\Afiliados Netbox\\Site institucional - Netbox\\node_modules\\@esbuild\\aix-ppc64': 'D:\\programas\\Projetos de programação\\Afiliados Netbox\\Site institucional - Netbox\\node_modules\\@esbuild\\.aix-ppc64-Silt3XEK',
303 silly reify   'D:\\programas\\Projetos de programação\\Afiliados Netbox\\Site institucional - Netbox\\node_modules\\@esbuild\\android-x64': 'D:\\programas\\Projetos de programação\\Afiliados Netbox\\Site institucional - Netbox\\node_modules\\@esbuild\\.android-x64-SZhSxjYG',
303 silly reify   'D:\\programas\\Projetos de programação\\Afiliados Netbox\\Site institucional - Netbox\\node_modules\\@esbuild\\darwin-arm64': 'D:\\programas\\Projetos de programação\\Afiliados Netbox\\Site institucional - Netbox\\node_modules\\@esbuild\\.darwin-arm64-zNiuhbxA',
303 silly reify   'D:\\programas\\Projetos de programação\\Afiliados Netbox\\Site institucional - Netbox\\node_modules\\@esbuild\\darwin-x64': 'D:\\programas\\Projetos de programação\\Afiliados Netbox\\Site institucional - Netbox\\node_modules\\@esbuild\\.darwin-x64-0LdYcgUD',
303 silly reify   'D:\\programas\\Projetos de programação\\Afiliados Netbox\\Site institucional - Netbox\\node_modules\\@esbuild\\freebsd-x64': 'D:\\programas\\Projetos de programação\\Afiliados Netbox\\Site institucional - Netbox\\node_modules\\@esbuild\\.freebsd-x64-isqLZmXF',
303 silly reify   'D:\\programas\\Projetos de programação\\Afiliados Netbox\\Site institucional - Netbox\\node_modules\\@esbuild\\freebsd-arm64': 'D:\\programas\\Projetos de programação\\Afiliados Netbox\\Site institucional - Netbox\\node_modules\\@esbuild\\.freebsd-arm64-KUO3pTVL',
303 silly reify   'D:\\programas\\Projetos de programação\\Afiliados Netbox\\Site institucional - Netbox\\node_modules\\@esbuild\\linux-arm': 'D:\\programas\\Projetos de programação\\Afiliados Netbox\\Site institucional - Netbox\\node_modules\\@esbuild\\.linux-arm-0SxtWVtT',
303 silly reify   'D:\\programas\\Projetos de programação\\Afiliados Netbox\\Site institucional - Netbox\\node_modules\\@esbuild\\linux-ia32': 'D:\\programas\\Projetos de programação\\Afiliados Netbox\\Site institucional - Netbox\\node_modules\\@esbuild\\.linux-ia32-pVAcFavc',
303 silly reify   'D:\\programas\\Projetos de programação\\Afiliados Netbox\\Site institucional - Netbox\\node_modules\\@esbuild\\linux-mips64el': 'D:\\programas\\Projetos de programação\\Afiliados Netbox\\Site institucional - Netbox\\node_modules\\@esbuild\\.linux-mips64el-334hkQQO',
303 silly reify   'D:\\programas\\Projetos de programação\\Afiliados Netbox\\Site institucional - Netbox\\node_modules\\@esbuild\\linux-loong64': 'D:\\programas\\Projetos de programação\\Afiliados Netbox\\Site institucional - Netbox\\node_modules\\@esbuild\\.linux-loong64-xVmhKmD1',
303 silly reify   'D:\\programas\\Projetos de programação\\Afiliados Netbox\\Site institucional - Netbox\\node_modules\\@esbuild\\linux-arm64': 'D:\\programas\\Projetos de programação\\Afiliados Netbox\\Site institucional - Netbox\\node_modules\\@esbuild\\.linux-arm64-ACzLiLa0',
303 silly reify   'D:\\programas\\Projetos de programação\\Afiliados Netbox\\Site institucional - Netbox\\node_modules\\@esbuild\\linux-ppc64': 'D:\\programas\\Projetos de programação\\Afiliados Netbox\\Site institucional - Netbox\\node_modules\\@esbuild\\.linux-ppc64-Za4wVPVU',
303 silly reify   'D:\\programas\\Projetos de programação\\Afiliados Netbox\\Site institucional - Netbox\\node_modules\\@esbuild\\linux-riscv64': 'D:\\programas\\Projetos de programação\\Afiliados Netbox\\Site institucional - Netbox\\node_modules\\@esbuild\\.linux-riscv64-nPlXFaRR',
303 silly reify   'D:\\programas\\Projetos de programação\\Afiliados Netbox\\Site institucional - Netbox\\node_modules\\@esbuild\\linux-x64': 'D:\\programas\\Projetos de programação\\Afiliados Netbox\\Site institucional - Netbox\\node_modules\\@esbuild\\.linux-x64-qtEnIQmg',
303 silly reify   'D:\\programas\\Projetos de programação\\Afiliados Netbox\\Site institucional - Netbox\\node_modules\\@esbuild\\linux-s390x': 'D:\\programas\\Projetos de programação\\Afiliados Netbox\\Site institucional - Netbox\\node_modules\\@esbuild\\.linux-s390x-uCOHL4J8',
303 silly reify   'D:\\programas\\Projetos de programação\\Afiliados Netbox\\Site institucional - Netbox\\node_modules\\@esbuild\\netbsd-x64': 'D:\\programas\\Projetos de programação\\Afiliados Netbox\\Site institucional - Netbox\\node_modules\\@esbuild\\.netbsd-x64-f1QFtULf',
303 silly reify   'D:\\programas\\Projetos de programação\\Afiliados Netbox\\Site institucional - Netbox\\node_modules\\@esbuild\\openbsd-x64': 'D:\\programas\\Projetos de programação\\Afiliados Netbox\\Site institucional - Netbox\\node_modules\\@esbuild\\.openbsd-x64-ukfzfuuL',
303 silly reify   'D:\\programas\\Projetos de programação\\Afiliados Netbox\\Site institucional - Netbox\\node_modules\\@esbuild\\openbsd-arm64': 'D:\\programas\\Projetos de programação\\Afiliados Netbox\\Site institucional - Netbox\\node_modules\\@esbuild\\.openbsd-arm64-JjnEa1GK',
303 silly reify   'D:\\programas\\Projetos de programação\\Afiliados Netbox\\Site institucional - Netbox\\node_modules\\@esbuild\\netbsd-arm64': 'D:\\programas\\Projetos de programação\\Afiliados Netbox\\Site institucional - Netbox\\node_modules\\@esbuild\\.netbsd-arm64-OIytsEyK',
303 silly reify   'D:\\programas\\Projetos de programação\\Afiliados Netbox\\Site institucional - Netbox\\node_modules\\@esbuild\\openharmony-arm64': 'D:\\programas\\Projetos de programação\\Afiliados Netbox\\Site institucional - Netbox\\node_modules\\@esbuild\\.openharmony-arm64-PdWqiQX0',
303 silly reify   'D:\\programas\\Projetos de programação\\Afiliados Netbox\\Site institucional - Netbox\\node_modules\\@esbuild\\sunos-x64': 'D:\\programas\\Projetos de programação\\Afiliados Netbox\\Site institucional - Netbox\\node_modules\\@esbuild\\.sunos-x64-fV7MKd0d',
303 silly reify   'D:\\programas\\Projetos de programação\\Afiliados Netbox\\Site institucional - Netbox\\node_modules\\@esbuild\\win32-arm64': 'D:\\programas\\Projetos de programação\\Afiliados Netbox\\Site institucional - Netbox\\node_modules\\@esbuild\\.win32-arm64-aG9NKjSd',
303 silly reify   'D:\\programas\\Projetos de programação\\Afiliados Netbox\\Site institucional - Netbox\\node_modules\\@esbuild\\win32-ia32': 'D:\\programas\\Projetos de programação\\Afiliados Netbox\\Site institucional - Netbox\\node_modules\\@esbuild\\.win32-ia32-MaJbJybf',
303 silly reify   'D:\\programas\\Projetos de programação\\Afiliados Netbox\\Site institucional - Netbox\\node_modules\\@img\\sharp-darwin-arm64': 'D:\\programas\\Projetos de programação\\Afiliados Netbox\\Site institucional - Netbox\\node_modules\\@img\\.sharp-darwin-arm64-ak1lTvxe',
303 silly reify   'D:\\programas\\Projetos de programação\\Afiliados Netbox\\Site institucional - Netbox\\node_modules\\@img\\sharp-libvips-darwin-arm64': 'D:\\programas\\Projetos de programação\\Afiliados Netbox\\Site institucional - Netbox\\node_modules\\@img\\.sharp-libvips-darwin-arm64-GJVS6nSQ',
303 silly reify   'D:\\programas\\Projetos de programação\\Afiliados Netbox\\Site institucional - Netbox\\node_modules\\@img\\sharp-libvips-darwin-x64': 'D:\\programas\\Projetos de programação\\Afiliados Netbox\\Site institucional - Netbox\\node_modules\\@img\\.sharp-libvips-darwin-x64-lRXhNuLP',
303 silly reify   'D:\\programas\\Projetos de programação\\Afiliados Netbox\\Site institucional - Netbox\\node_modules\\@img\\sharp-libvips-linux-arm64': 'D:\\programas\\Projetos de programação\\Afiliados Netbox\\Site institucional - Netbox\\node_modules\\@img\\.sharp-libvips-linux-arm64-X7GlBqgl',
303 silly reify   'D:\\programas\\Projetos de programação\\Afiliados Netbox\\Site institucional - Netbox\\node_modules\\@img\\sharp-libvips-linux-arm': 'D:\\programas\\Projetos de programação\\Afiliados Netbox\\Site institucional - Netbox\\node_modules\\@img\\.sharp-libvips-linux-arm-g8fcf9WU',
303 silly reify   'D:\\programas\\Projetos de programação\\Afiliados Netbox\\Site institucional - Netbox\\node_modules\\@img\\sharp-darwin-x64': 'D:\\programas\\Projetos de programação\\Afiliados Netbox\\Site institucional - Netbox\\node_modules\\@img\\.sharp-darwin-x64-xLph64wu',
303 silly reify   'D:\\programas\\Projetos de programação\\Afiliados Netbox\\Site institucional - Netbox\\node_modules\\@img\\sharp-libvips-linux-s390x': 'D:\\programas\\Projetos de programação\\Afiliados Netbox\\Site institucional - Netbox\\node_modules\\@img\\.sharp-libvips-linux-s390x-uYbOfgRb',
303 silly reify   'D:\\programas\\Projetos de programação\\Afiliados Netbox\\Site institucional - Netbox\\node_modules\\@img\\sharp-libvips-linux-riscv64': 'D:\\programas\\Projetos de programação\\Afiliados Netbox\\Site institucional - Netbox\\node_modules\\@img\\.sharp-libvips-linux-riscv64-fAYX0JH3',
303 silly reify   'D:\\programas\\Projetos de programação\\Afiliados Netbox\\Site institucional - Netbox\\node_modules\\@img\\sharp-libvips-linuxmusl-arm64': 'D:\\programas\\Projetos de programação\\Afiliados Netbox\\Site institucional - Netbox\\node_modules\\@img\\.sharp-libvips-linuxmusl-arm64-hYFjT4lr',
303 silly reify   'D:\\programas\\Projetos de programação\\Afiliados Netbox\\Site institucional - Netbox\\node_modules\\@img\\sharp-libvips-linux-x64': 'D:\\programas\\Projetos de programação\\Afiliados Netbox\\Site institucional - Netbox\\node_modules\\@img\\.sharp-libvips-linux-x64-qtcdB0CC',
303 silly reify   'D:\\programas\\Projetos de programação\\Afiliados Netbox\\Site institucional - Netbox\\node_modules\\@img\\sharp-libvips-linux-ppc64': 'D:\\programas\\Projetos de programação\\Afiliados Netbox\\Site institucional - Netbox\\node_modules\\@img\\.sharp-libvips-linux-ppc64-gmQ8GHgY',
303 silly reify   'D:\\programas\\Projetos de programação\\Afiliados Netbox\\Site institucional - Netbox\\node_modules\\@img\\sharp-libvips-linuxmusl-x64': 'D:\\programas\\Projetos de programação\\Afiliados Netbox\\Site institucional - Netbox\\node_modules\\@img\\.sharp-libvips-linuxmusl-x64-ffWe8JY2',
303 silly reify   'D:\\programas\\Projetos de programação\\Afiliados Netbox\\Site institucional - Netbox\\node_modules\\@img\\sharp-linux-ppc64': 'D:\\programas\\Projetos de programação\\Afiliados Netbox\\Site institucional - Netbox\\node_modules\\@img\\.sharp-linux-ppc64-uJk0WlJy',
303 silly reify   'D:\\programas\\Projetos de programação\\Afiliados Netbox\\Site institucional - Netbox\\node_modules\\@img\\sharp-linux-arm': 'D:\\programas\\Projetos de programação\\Afiliados Netbox\\Site institucional - Netbox\\node_modules\\@img\\.sharp-linux-arm-i63qnEjr',
303 silly reify   'D:\\programas\\Projetos de programação\\Afiliados Netbox\\Site institucional - Netbox\\node_modules\\@img\\sharp-linux-x64': 'D:\\programas\\Projetos de programação\\Afiliados Netbox\\Site institucional - Netbox\\node_modules\\@img\\.sharp-linux-x64-1DCN7VJt',
303 silly reify   'D:\\programas\\Projetos de programação\\Afiliados Netbox\\Site institucional - Netbox\\node_modules\\@img\\sharp-linux-riscv64': 'D:\\programas\\Projetos de programação\\Afiliados Netbox\\Site institucional - Netbox\\node_modules\\@img\\.sharp-linux-riscv64-RXWJTuax',
303 silly reify   'D:\\programas\\Projetos de programação\\Afiliados Netbox\\Site institucional - Netbox\\node_modules\\@img\\sharp-linux-s390x': 'D:\\programas\\Projetos de programação\\Afiliados Netbox\\Site institucional - Netbox\\node_modules\\@img\\.sharp-linux-s390x-qqjMPe7C',
303 silly reify   'D:\\programas\\Projetos de programação\\Afiliados Netbox\\Site institucional - Netbox\\node_modules\\@img\\sharp-linux-arm64': 'D:\\programas\\Projetos de programação\\Afiliados Netbox\\Site institucional - Netbox\\node_modules\\@img\\.sharp-linux-arm64-CBSZImrX',
303 silly reify   'D:\\programas\\Projetos de programação\\Afiliados Netbox\\Site institucional - Netbox\\node_modules\\@img\\sharp-linuxmusl-arm64': 'D:\\programas\\Projetos de programação\\Afiliados Netbox\\Site institucional - Netbox\\node_modules\\@img\\.sharp-linuxmusl-arm64-Ub6OT5VS',
303 silly reify   'D:\\programas\\Projetos de programação\\Afiliados Netbox\\Site institucional - Netbox\\node_modules\\@img\\sharp-linuxmusl-x64': 'D:\\programas\\Projetos de programação\\Afiliados Netbox\\Site institucional - Netbox\\node_modules\\@img\\.sharp-linuxmusl-x64-nV4ATkvt',
303 silly reify   'D:\\programas\\Projetos de programação\\Afiliados Netbox\\Site institucional - Netbox\\node_modules\\@img\\sharp-wasm32': 'D:\\programas\\Projetos de programação\\Afiliados Netbox\\Site institucional - Netbox\\node_modules\\@img\\.sharp-wasm32-R0PuTFaA',
303 silly reify   'D:\\programas\\Projetos de programação\\Afiliados Netbox\\Site institucional - Netbox\\node_modules\\@img\\sharp-win32-arm64': 'D:\\programas\\Projetos de programação\\Afiliados Netbox\\Site institucional - Netbox\\node_modules\\@img\\.sharp-win32-arm64-7CK89xxu',
303 silly reify   'D:\\programas\\Projetos de programação\\Afiliados Netbox\\Site institucional - Netbox\\node_modules\\@img\\sharp-win32-ia32': 'D:\\programas\\Projetos de programação\\Afiliados Netbox\\Site institucional - Netbox\\node_modules\\@img\\.sharp-win32-ia32-Y0eV5s8E',
303 silly reify   'D:\\programas\\Projetos de programação\\Afiliados Netbox\\Site institucional - Netbox\\node_modules\\@next\\env': 'D:\\programas\\Projetos de programação\\Afiliados Netbox\\Site institucional - Netbox\\node_modules\\@next\\.env-V6kqYafi',
303 silly reify   'D:\\programas\\Projetos de programação\\Afiliados Netbox\\Site institucional - Netbox\\node_modules\\@next\\swc-darwin-x64': 'D:\\programas\\Projetos de programação\\Afiliados Netbox\\Site institucional - Netbox\\node_modules\\@next\\.swc-darwin-x64-adRKMcfw',
303 silly reify   'D:\\programas\\Projetos de programação\\Afiliados Netbox\\Site institucional - Netbox\\node_modules\\@next\\swc-darwin-arm64': 'D:\\programas\\Projetos de programação\\Afiliados Netbox\\Site institucional - Netbox\\node_modules\\@next\\.swc-darwin-arm64-HMlKjWEK',
303 silly reify   'D:\\programas\\Projetos de programação\\Afiliados Netbox\\Site institucional - Netbox\\node_modules\\@next\\swc-linux-arm64-gnu': 'D:\\programas\\Projetos de programação\\Afiliados Netbox\\Site institucional - Netbox\\node_modules\\@next\\.swc-linux-arm64-gnu-fp6zQ9kj',
303 silly reify   'D:\\programas\\Projetos de programação\\Afiliados Netbox\\Site institucional - Netbox\\node_modules\\@next\\swc-linux-x64-gnu': 'D:\\programas\\Projetos de programação\\Afiliados Netbox\\Site institucional - Netbox\\node_modules\\@next\\.swc-linux-x64-gnu-ibClVkDZ',
303 silly reify   'D:\\programas\\Projetos de programação\\Afiliados Netbox\\Site institucional - Netbox\\node_modules\\@next\\swc-linux-arm64-musl': 'D:\\programas\\Projetos de programação\\Afiliados Netbox\\Site institucional - Netbox\\node_modules\\@next\\.swc-linux-arm64-musl-23cVMPCa',
303 silly reify   'D:\\programas\\Projetos de programação\\Afiliados Netbox\\Site institucional - Netbox\\node_modules\\@next\\swc-linux-x64-musl': 'D:\\programas\\Projetos de programação\\Afiliados Netbox\\Site institucional - Netbox\\node_modules\\@next\\.swc-linux-x64-musl-YL02sUiE',
303 silly reify   'D:\\programas\\Projetos de programação\\Afiliados Netbox\\Site institucional - Netbox\\node_modules\\@next\\swc-win32-x64-msvc': 'D:\\programas\\Projetos de programação\\Afiliados Netbox\\Site institucional - Netbox\\node_modules\\@next\\.swc-win32-x64-msvc-n8wrYAvZ',
303 silly reify   'D:\\programas\\Projetos de programação\\Afiliados Netbox\\Site institucional - Netbox\\node_modules\\@next\\eslint-plugin-next': 'D:\\programas\\Projetos de programação\\Afiliados Netbox\\Site institucional - Netbox\\node_modules\\@next\\.eslint-plugin-next-1fQVAJTj',
303 silly reify   'D:\\programas\\Projetos de programação\\Afiliados Netbox\\Site institucional - Netbox\\node_modules\\@next\\swc-win32-arm64-msvc': 'D:\\programas\\Projetos de programação\\Afiliados Netbox\\Site institucional - Netbox\\node_modules\\@next\\.swc-win32-arm64-msvc-2IPdBYkJ',
303 silly reify   'D:\\programas\\Projetos de programação\\Afiliados Netbox\\Site institucional - Netbox\\node_modules\\@oxc-project\\types': 'D:\\programas\\Projetos de programação\\Afiliados Netbox\\Site institucional - Netbox\\node_modules\\@oxc-project\\.types-Yceu5SG3',
303 silly reify   'D:\\programas\\Projetos de programação\\Afiliados Netbox\\Site institucional - Netbox\\node_modules\\@poppinss\\colors': 'D:\\programas\\Projetos de programação\\Afiliados Netbox\\Site institucional - Netbox\\node_modules\\@poppinss\\.colors-FONZLC4q',
303 silly reify   'D:\\programas\\Projetos de programação\\Afiliados Netbox\\Site institucional - Netbox\\node_modules\\@poppinss\\dumper': 'D:\\programas\\Projetos de programação\\Afiliados Netbox\\Site institucional - Netbox\\node_modules\\@poppinss\\.dumper-IujOrGPh',
303 silly reify   'D:\\programas\\Projetos de programação\\Afiliados Netbox\\Site institucional - Netbox\\node_modules\\@poppinss\\exception': 'D:\\programas\\Projetos de programação\\Afiliados Netbox\\Site institucional - Netbox\\node_modules\\@poppinss\\.exception-YyZ7afdc',
303 silly reify   'D:\\programas\\Projetos de programação\\Afiliados Netbox\\Site institucional - Netbox\\node_modules\\@resvg\\resvg-wasm': 'D:\\programas\\Projetos de programação\\Afiliados Netbox\\Site institucional - Netbox\\node_modules\\@resvg\\.resvg-wasm-hM3nEBlL',
303 silly reify   'D:\\programas\\Projetos de programação\\Afiliados Netbox\\Site institucional - Netbox\\node_modules\\@rolldown\\binding-android-arm64': 'D:\\programas\\Projetos de programação\\Afiliados Netbox\\Site institucional - Netbox\\node_modules\\@rolldown\\.binding-android-arm64-8EEp3TO0',
303 silly reify   'D:\\programas\\Projetos de programação\\Afiliados Netbox\\Site institucional - Netbox\\node_modules\\@rolldown\\binding-linux-arm-gnueabihf': 'D:\\programas\\Projetos de programação\\Afiliados Netbox\\Site institucional - Netbox\\node_modules\\@rolldown\\.binding-linux-arm-gnueabihf-UPTP2Mdn',
303 silly reify   'D:\\programas\\Projetos de programação\\Afiliados Netbox\\Site institucional - Netbox\\node_modules\\@rolldown\\binding-darwin-arm64': 'D:\\programas\\Projetos de programação\\Afiliados Netbox\\Site institucional - Netbox\\node_modules\\@rolldown\\.binding-darwin-arm64-nSxB9VIG',
303 silly reify   'D:\\programas\\Projetos de programação\\Afiliados Netbox\\Site institucional - Netbox\\node_modules\\@rolldown\\binding-freebsd-x64': 'D:\\programas\\Projetos de programação\\Afiliados Netbox\\Site institucional - Netbox\\node_modules\\@rolldown\\.binding-freebsd-x64-vyVdoXcq',
303 silly reify   'D:\\programas\\Projetos de programação\\Afiliados Netbox\\Site institucional - Netbox\\node_modules\\@rolldown\\binding-darwin-x64': 'D:\\programas\\Projetos de programação\\Afiliados Netbox\\Site institucional - Netbox\\node_modules\\@rolldown\\.binding-darwin-x64-IpbucnpO',
303 silly reify   'D:\\programas\\Projetos de programação\\Afiliados Netbox\\Site institucional - Netbox\\node_modules\\@rolldown\\binding-linux-arm64-gnu': 'D:\\programas\\Projetos de programação\\Afiliados Netbox\\Site institucional - Netbox\\node_modules\\@rolldown\\.binding-linux-arm64-gnu-5s7rEQxX',
303 silly reify   'D:\\programas\\Projetos de programação\\Afiliados Netbox\\Site institucional - Netbox\\node_modules\\@rolldown\\binding-linux-ppc64-gnu': 'D:\\programas\\Projetos de programação\\Afiliados Netbox\\Site institucional - Netbox\\node_modules\\@rolldown\\.binding-linux-ppc64-gnu-EuAlXZZp',
303 silly reify   'D:\\programas\\Projetos de programação\\Afiliados Netbox\\Site institucional - Netbox\\node_modules\\@rolldown\\binding-linux-arm64-musl': 'D:\\programas\\Projetos de programação\\Afiliados Netbox\\Site institucional - Netbox\\node_modules\\@rolldown\\.binding-linux-arm64-musl-MHaFwVhS',
303 silly reify   'D:\\programas\\Projetos de programação\\Afiliados Netbox\\Site institucional - Netbox\\node_modules\\@rolldown\\binding-linux-s390x-gnu': 'D:\\programas\\Projetos de programação\\Afiliados Netbox\\Site institucional - Netbox\\node_modules\\@rolldown\\.binding-linux-s390x-gnu-238exX9c',
303 silly reify   'D:\\programas\\Projetos de programação\\Afiliados Netbox\\Site institucional - Netbox\\node_modules\\@rolldown\\binding-linux-x64-gnu': 'D:\\programas\\Projetos de programação\\Afiliados Netbox\\Site institucional - Netbox\\node_modules\\@rolldown\\.binding-linux-x64-gnu-7BPkOi3L',
303 silly reify   'D:\\programas\\Projetos de programação\\Afiliados Netbox\\Site institucional - Netbox\\node_modules\\@rolldown\\binding-linux-x64-musl': 'D:\\programas\\Projetos de programação\\Afiliados Netbox\\Site institucional - Netbox\\node_modules\\@rolldown\\.binding-linux-x64-musl-14EBoLWL',
303 silly reify   'D:\\programas\\Projetos de programação\\Afiliados Netbox\\Site institucional - Netbox\\node_modules\\@rolldown\\binding-wasm32-wasi': 'D:\\programas\\Projetos de programação\\Afiliados Netbox\\Site institucional - Netbox\\node_modules\\@rolldown\\.binding-wasm32-wasi-kvhEX1LX',
303 silly reify   'D:\\programas\\Projetos de programação\\Afiliados Netbox\\Site institucional - Netbox\\node_modules\\@rolldown\\binding-openharmony-arm64': 'D:\\programas\\Projetos de programação\\Afiliados Netbox\\Site institucional - Netbox\\node_modules\\@rolldown\\.binding-openharmony-arm64-SlXzan30',
303 silly reify   'D:\\programas\\Projetos de programação\\Afiliados Netbox\\Site institucional - Netbox\\node_modules\\@rolldown\\binding-win32-arm64-msvc': 'D:\\programas\\Projetos de programação\\Afiliados Netbox\\Site institucional - Netbox\\node_modules\\@rolldown\\.binding-win32-arm64-msvc-wZm8tHg4',
303 silly reify   'D:\\programas\\Projetos de programação\\Afiliados Netbox\\Site institucional - Netbox\\node_modules\\@shuding\\opentype.js': 'D:\\programas\\Projetos de programação\\Afiliados Netbox\\Site institucional - Netbox\\node_modules\\@shuding\\.opentype.js-ek4nSmII',
303 silly reify   'D:\\programas\\Projetos de programação\\Afiliados Netbox\\Site institucional - Netbox\\node_modules\\@rolldown\\pluginutils': 'D:\\programas\\Projetos de programação\\Afiliados Netbox\\Site institucional - Netbox\\node_modules\\@rolldown\\.pluginutils-TqYlx1Jh',
303 silly reify   'D:\\programas\\Projetos de programação\\Afiliados Netbox\\Site institucional - Netbox\\node_modules\\@speed-highlight\\core': 'D:\\programas\\Projetos de programação\\Afiliados Netbox\\Site institucional - Netbox\\node_modules\\@speed-highlight\\.core-4qTXQtn7',
303 silly reify   'D:\\programas\\Projetos de programação\\Afiliados Netbox\\Site institucional - Netbox\\node_modules\\@rolldown\\binding-win32-x64-msvc': 'D:\\programas\\Projetos de programação\\Afiliados Netbox\\Site institucional - Netbox\\node_modules\\@rolldown\\.binding-win32-x64-msvc-p3wizw5m',
303 silly reify   'D:\\programas\\Projetos de programação\\Afiliados Netbox\\Site institucional - Netbox\\node_modules\\@sindresorhus\\is': 'D:\\programas\\Projetos de programação\\Afiliados Netbox\\Site institucional - Netbox\\node_modules\\@sindresorhus\\.is-vzIMDqsw',
303 silly reify   'D:\\programas\\Projetos de programação\\Afiliados Netbox\\Site institucional - Netbox\\node_modules\\@tailwindcss\\node': 'D:\\programas\\Projetos de programação\\Afiliados Netbox\\Site institucional - Netbox\\node_modules\\@tailwindcss\\.node-HnJ7UnHS',
303 silly reify   'D:\\programas\\Projetos de programação\\Afiliados Netbox\\Site institucional - Netbox\\node_modules\\@tailwindcss\\oxide': 'D:\\programas\\Projetos de programação\\Afiliados Netbox\\Site institucional - Netbox\\node_modules\\@tailwindcss\\.oxide-RiyYytqx',
303 silly reify   'D:\\programas\\Projetos de programação\\Afiliados Netbox\\Site institucional - Netbox\\node_modules\\@tailwindcss\\oxide-android-arm64': 'D:\\programas\\Projetos de programação\\Afiliados Netbox\\Site institucional - Netbox\\node_modules\\@tailwindcss\\.oxide-android-arm64-5CmlGI2i',
303 silly reify   'D:\\programas\\Projetos de programação\\Afiliados Netbox\\Site institucional - Netbox\\node_modules\\@tailwindcss\\oxide-darwin-arm64': 'D:\\programas\\Projetos de programação\\Afiliados Netbox\\Site institucional - Netbox\\node_modules\\@tailwindcss\\.oxide-darwin-arm64-OCMblxoU',
303 silly reify   'D:\\programas\\Projetos de programação\\Afiliados Netbox\\Site institucional - Netbox\\node_modules\\@tailwindcss\\oxide-freebsd-x64': 'D:\\programas\\Projetos de programação\\Afiliados Netbox\\Site institucional - Netbox\\node_modules\\@tailwindcss\\.oxide-freebsd-x64-nTHbN7x7',
303 silly reify   'D:\\programas\\Projetos de programação\\Afiliados Netbox\\Site institucional - Netbox\\node_modules\\@tailwindcss\\oxide-linux-arm64-gnu': 'D:\\programas\\Projetos de programação\\Afiliados Netbox\\Site institucional - Netbox\\node_modules\\@tailwindcss\\.oxide-linux-arm64-gnu-wXOYEKMx',
303 silly reify   'D:\\programas\\Projetos de programação\\Afiliados Netbox\\Site institucional - Netbox\\node_modules\\@tailwindcss\\oxide-darwin-x64': 'D:\\programas\\Projetos de programação\\Afiliados Netbox\\Site institucional - Netbox\\node_modules\\@tailwindcss\\.oxide-darwin-x64-HkYkKWHb',
303 silly reify   'D:\\programas\\Projetos de programação\\Afiliados Netbox\\Site institucional - Netbox\\node_modules\\@tailwindcss\\oxide-linux-arm-gnueabihf': 'D:\\programas\\Projetos de programação\\Afiliados Netbox\\Site institucional - Netbox\\node_modules\\@tailwindcss\\.oxide-linux-arm-gnueabihf-oMn79iC5',
303 silly reify   'D:\\programas\\Projetos de programação\\Afiliados Netbox\\Site institucional - Netbox\\node_modules\\@tailwindcss\\oxide-linux-arm64-musl': 'D:\\programas\\Projetos de programação\\Afiliados Netbox\\Site institucional - Netbox\\node_modules\\@tailwindcss\\.oxide-linux-arm64-musl-RwYS1WSN',
303 silly reify   'D:\\programas\\Projetos de programação\\Afiliados Netbox\\Site institucional - Netbox\\node_modules\\@tailwindcss\\oxide-linux-x64-gnu': 'D:\\programas\\Projetos de programação\\Afiliados Netbox\\Site institucional - Netbox\\node_modules\\@tailwindcss\\.oxide-linux-x64-gnu-4duzLuuq',
303 silly reify   'D:\\programas\\Projetos de programação\\Afiliados Netbox\\Site institucional - Netbox\\node_modules\\@tailwindcss\\oxide-linux-x64-musl': 'D:\\programas\\Projetos de programação\\Afiliados Netbox\\Site institucional - Netbox\\node_modules\\@tailwindcss\\.oxide-linux-x64-musl-ee0He6HC',
303 silly reify   'D:\\programas\\Projetos de programação\\Afiliados Netbox\\Site institucional - Netbox\\node_modules\\@tailwindcss\\oxide-win32-arm64-msvc': 'D:\\programas\\Projetos de programação\\Afiliados Netbox\\Site institucional - Netbox\\node_modules\\@tailwindcss\\.oxide-win32-arm64-msvc-BvaOug26',
303 silly reify   'D:\\programas\\Projetos de programação\\Afiliados Netbox\\Site institucional - Netbox\\node_modules\\@tailwindcss\\oxide-wasm32-wasi': 'D:\\programas\\Projetos de programação\\Afiliados Netbox\\Site institucional - Netbox\\node_modules\\@tailwindcss\\.oxide-wasm32-wasi-OTaiFhZQ',
303 silly reify   'D:\\programas\\Projetos de programação\\Afiliados Netbox\\Site institucional - Netbox\\node_modules\\@tailwindcss\\postcss': 'D:\\programas\\Projetos de programação\\Afiliados Netbox\\Site institucional - Netbox\\node_modules\\@tailwindcss\\.postcss-MhINp3FS',
303 silly reify   'D:\\programas\\Projetos de programação\\Afiliados Netbox\\Site institucional - Netbox\\node_modules\\@tailwindcss\\oxide-win32-x64-msvc': 'D:\\programas\\Projetos de programação\\Afiliados Netbox\\Site institucional - Netbox\\node_modules\\@tailwindcss\\.oxide-win32-x64-msvc-XfP4OBip',
303 silly reify   'D:\\programas\\Projetos de programação\\Afiliados Netbox\\Site institucional - Netbox\\node_modules\\@types\\node': 'D:\\programas\\Projetos de programação\\Afiliados Netbox\\Site institucional - Netbox\\node_modules\\@types\\.node-ulnkWdl0',
303 silly reify   'D:\\programas\\Projetos de programação\\Afiliados Netbox\\Site institucional - Netbox\\node_modules\\@unpic\\core': 'D:\\programas\\Projetos de programação\\Afiliados Netbox\\Site institucional - Netbox\\node_modules\\@unpic\\.core-omgeanzH',
303 silly reify   'D:\\programas\\Projetos de programação\\Afiliados Netbox\\Site institucional - Netbox\\node_modules\\@unpic\\react': 'D:\\programas\\Projetos de programação\\Afiliados Netbox\\Site institucional - Netbox\\node_modules\\@unpic\\.react-85wnfQkD',
303 silly reify   'D:\\programas\\Projetos de programação\\Afiliados Netbox\\Site institucional - Netbox\\node_modules\\@typescript-eslint\\parser': 'D:\\programas\\Projetos de programação\\Afiliados Netbox\\Site institucional - Netbox\\node_modules\\@typescript-eslint\\.parser-ikLnr0Wd',
303 silly reify   'D:\\programas\\Projetos de programação\\Afiliados Netbox\\Site institucional - Netbox\\node_modules\\@typescript-eslint\\eslint-plugin': 'D:\\programas\\Projetos de programação\\Afiliados Netbox\\Site institucional - Netbox\\node_modules\\@typescript-eslint\\.eslint-plugin-3aFvakdV',
303 silly reify   'D:\\programas\\Projetos de programação\\Afiliados Netbox\\Site institucional - Netbox\\node_modules\\@typescript-eslint\\project-service': 'D:\\programas\\Projetos de programação\\Afiliados Netbox\\Site institucional - Netbox\\node_modules\\@typescript-eslint\\.project-service-Cy0P8YPt',
303 silly reify   'D:\\programas\\Projetos de programação\\Afiliados Netbox\\Site institucional - Netbox\\node_modules\\@typescript-eslint\\tsconfig-utils': 'D:\\programas\\Projetos de programação\\Afiliados Netbox\\Site institucional - Netbox\\node_modules\\@typescript-eslint\\.tsconfig-utils-j7ztAFv4',
303 silly reify   'D:\\programas\\Projetos de programação\\Afiliados Netbox\\Site institucional - Netbox\\node_modules\\@typescript-eslint\\scope-manager': 'D:\\programas\\Projetos de programação\\Afiliados Netbox\\Site institucional - Netbox\\node_modules\\@typescript-eslint\\.scope-manager-Rg8hGzEu',
303 silly reify   'D:\\programas\\Projetos de programação\\Afiliados Netbox\\Site institucional - Netbox\\node_modules\\@typescript-eslint\\types': 'D:\\programas\\Projetos de programação\\Afiliados Netbox\\Site institucional - Netbox\\node_modules\\@typescript-eslint\\.types-qMq3ykxm',
303 silly reify   'D:\\programas\\Projetos de programação\\Afiliados Netbox\\Site institucional - Netbox\\node_modules\\@typescript-eslint\\type-utils': 'D:\\programas\\Projetos de programação\\Afiliados Netbox\\Site institucional - Netbox\\node_modules\\@typescript-eslint\\.type-utils-dlIeETyH',
303 silly reify   'D:\\programas\\Projetos de programação\\Afiliados Netbox\\Site institucional - Netbox\\node_modules\\@typescript-eslint\\visitor-keys': 'D:\\programas\\Projetos de programação\\Afiliados Netbox\\Site institucional - Netbox\\node_modules\\@typescript-eslint\\.visitor-keys-2C1Oe3h8',
303 silly reify   'D:\\programas\\Projetos de programação\\Afiliados Netbox\\Site institucional - Netbox\\node_modules\\@typescript-eslint\\utils': 'D:\\programas\\Projetos de programação\\Afiliados Netbox\\Site institucional - Netbox\\node_modules\\@typescript-eslint\\.utils-fhyq0JTj',
303 silly reify   'D:\\programas\\Projetos de programação\\Afiliados Netbox\\Site institucional - Netbox\\node_modules\\@typescript-eslint\\typescript-estree': 'D:\\programas\\Projetos de programação\\Afiliados Netbox\\Site institucional - Netbox\\node_modules\\@typescript-eslint\\.typescript-estree-wvyiTjlM',
303 silly reify   'D:\\programas\\Projetos de programação\\Afiliados Netbox\\Site institucional - Netbox\\node_modules\\@unrs\\resolver-binding-android-arm-eabi': 'D:\\programas\\Projetos de programação\\Afiliados Netbox\\Site institucional - Netbox\\node_modules\\@unrs\\.resolver-binding-android-arm-eabi-EhPgIl2n',
303 silly reify   'D:\\programas\\Projetos de programação\\Afiliados Netbox\\Site institucional - Netbox\\node_modules\\@unrs\\resolver-binding-android-arm64': 'D:\\programas\\Projetos de programação\\Afiliados Netbox\\Site institucional - Netbox\\node_modules\\@unrs\\.resolver-binding-android-arm64-Z36j68dO',
303 silly reify   'D:\\programas\\Projetos de programação\\Afiliados Netbox\\Site institucional - Netbox\\node_modules\\@unrs\\resolver-binding-freebsd-x64': 'D:\\programas\\Projetos de programação\\Afiliados Netbox\\Site institucional - Netbox\\node_modules\\@unrs\\.resolver-binding-freebsd-x64-LdgVeDcL',
303 silly reify   'D:\\programas\\Projetos de programação\\Afiliados Netbox\\Site institucional - Netbox\\node_modules\\@unrs\\resolver-binding-darwin-arm64': 'D:\\programas\\Projetos de programação\\Afiliados Netbox\\Site institucional - Netbox\\node_modules\\@unrs\\.resolver-binding-darwin-arm64-oxZ6urFv',
303 silly reify   'D:\\programas\\Projetos de programação\\Afiliados Netbox\\Site institucional - Netbox\\node_modules\\@unrs\\resolver-binding-linux-arm-musleabihf': 'D:\\programas\\Projetos de programação\\Afiliados Netbox\\Site institucional - Netbox\\node_modules\\@unrs\\.resolver-binding-linux-arm-musleabihf-TzP98JLo',
303 silly reify   'D:\\programas\\Projetos de programação\\Afiliados Netbox\\Site institucional - Netbox\\node_modules\\@unrs\\resolver-binding-darwin-x64': 'D:\\programas\\Projetos de programação\\Afiliados Netbox\\Site institucional - Netbox\\node_modules\\@unrs\\.resolver-binding-darwin-x64-COeMjFU9',
303 silly reify   'D:\\programas\\Projetos de programação\\Afiliados Netbox\\Site institucional - Netbox\\node_modules\\@unrs\\resolver-binding-linux-arm-gnueabihf': 'D:\\programas\\Projetos de programação\\Afiliados Netbox\\Site institucional - Netbox\\node_modules\\@unrs\\.resolver-binding-linux-arm-gnueabihf-nhrEEqMr',
303 silly reify   'D:\\programas\\Projetos de programação\\Afiliados Netbox\\Site institucional - Netbox\\node_modules\\@unrs\\resolver-binding-linux-ppc64-gnu': 'D:\\programas\\Projetos de programação\\Afiliados Netbox\\Site institucional - Netbox\\node_modules\\@unrs\\.resolver-binding-linux-ppc64-gnu-dilPHVJn',
303 silly reify   'D:\\programas\\Projetos de programação\\Afiliados Netbox\\Site institucional - Netbox\\node_modules\\@unrs\\resolver-binding-linux-arm64-gnu': 'D:\\programas\\Projetos de programação\\Afiliados Netbox\\Site institucional - Netbox\\node_modules\\@unrs\\.resolver-binding-linux-arm64-gnu-CobQ2ptl',
303 silly reify   'D:\\programas\\Projetos de programação\\Afiliados Netbox\\Site institucional - Netbox\\node_modules\\@unrs\\resolver-binding-linux-riscv64-gnu': 'D:\\programas\\Projetos de programação\\Afiliados Netbox\\Site institucional - Netbox\\node_modules\\@unrs\\.resolver-binding-linux-riscv64-gnu-r7a2AEGZ',
303 silly reify   'D:\\programas\\Projetos de programação\\Afiliados Netbox\\Site institucional - Netbox\\node_modules\\@unrs\\resolver-binding-linux-arm64-musl': 'D:\\programas\\Projetos de programação\\Afiliados Netbox\\Site institucional - Netbox\\node_modules\\@unrs\\.resolver-binding-linux-arm64-musl-JFRyW7Aj',
303 silly reify   'D:\\programas\\Projetos de programação\\Afiliados Netbox\\Site institucional - Netbox\\node_modules\\@unrs\\resolver-binding-linux-riscv64-musl': 'D:\\programas\\Projetos de programação\\Afiliados Netbox\\Site institucional - Netbox\\node_modules\\@unrs\\.resolver-binding-linux-riscv64-musl-GFXW3Ha4',
303 silly reify   'D:\\programas\\Projetos de programação\\Afiliados Netbox\\Site institucional - Netbox\\node_modules\\@unrs\\resolver-binding-linux-s390x-gnu': 'D:\\programas\\Projetos de programação\\Afiliados Netbox\\Site institucional - Netbox\\node_modules\\@unrs\\.resolver-binding-linux-s390x-gnu-WsjNDDCd',
303 silly reify   'D:\\programas\\Projetos de programação\\Afiliados Netbox\\Site institucional - Netbox\\node_modules\\@unrs\\resolver-binding-linux-x64-gnu': 'D:\\programas\\Projetos de programação\\Afiliados Netbox\\Site institucional - Netbox\\node_modules\\@unrs\\.resolver-binding-linux-x64-gnu-2AOjfM3Z',
303 silly reify   'D:\\programas\\Projetos de programação\\Afiliados Netbox\\Site institucional - Netbox\\node_modules\\@unrs\\resolver-binding-linux-x64-musl': 'D:\\programas\\Projetos de programação\\Afiliados Netbox\\Site institucional - Netbox\\node_modules\\@unrs\\.resolver-binding-linux-x64-musl-j5t07Z48',
303 silly reify   'D:\\programas\\Projetos de programação\\Afiliados Netbox\\Site institucional - Netbox\\node_modules\\@unrs\\resolver-binding-wasm32-wasi': 'D:\\programas\\Projetos de programação\\Afiliados Netbox\\Site institucional - Netbox\\node_modules\\@unrs\\.resolver-binding-wasm32-wasi-6mZO8pl0',
303 silly reify   'D:\\programas\\Projetos de programação\\Afiliados Netbox\\Site institucional - Netbox\\node_modules\\@unrs\\resolver-binding-win32-arm64-msvc': 'D:\\programas\\Projetos de programação\\Afiliados Netbox\\Site institucional - Netbox\\node_modules\\@unrs\\.resolver-binding-win32-arm64-msvc-waJ0CdlC',
303 silly reify   'D:\\programas\\Projetos de programação\\Afiliados Netbox\\Site institucional - Netbox\\node_modules\\@unrs\\resolver-binding-win32-ia32-msvc': 'D:\\programas\\Projetos de programação\\Afiliados Netbox\\Site institucional - Netbox\\node_modules\\@unrs\\.resolver-binding-win32-ia32-msvc-yglqr5h5',
303 silly reify   'D:\\programas\\Projetos de programação\\Afiliados Netbox\\Site institucional - Netbox\\node_modules\\@vitejs\\plugin-rsc': 'D:\\programas\\Projetos de programação\\Afiliados Netbox\\Site institucional - Netbox\\node_modules\\@vitejs\\.plugin-rsc-pV8n9JSr',
303 silly reify   'D:\\programas\\Projetos de programação\\Afiliados Netbox\\Site institucional - Netbox\\node_modules\\@vitejs\\plugin-react': 'D:\\programas\\Projetos de programação\\Afiliados Netbox\\Site institucional - Netbox\\node_modules\\@vitejs\\.plugin-react-Tu6hkZG5',
303 silly reify   'D:\\programas\\Projetos de programação\\Afiliados Netbox\\Site institucional - Netbox\\node_modules\\@vercel\\og': 'D:\\programas\\Projetos de programação\\Afiliados Netbox\\Site institucional - Netbox\\node_modules\\@vercel\\.og-5wYSBLzi',
303 silly reify   'D:\\programas\\Projetos de programação\\Afiliados Netbox\\Site institucional - Netbox\\node_modules\\acorn': 'D:\\programas\\Projetos de programação\\Afiliados Netbox\\Site institucional - Netbox\\node_modules\\.acorn-zuJPoiZv',
303 silly reify   'D:\\programas\\Projetos de programação\\Afiliados Netbox\\Site institucional - Netbox\\node_modules\\.bin\\acorn': 'D:\\programas\\Projetos de programação\\Afiliados Netbox\\Site institucional - Netbox\\node_modules\\.bin\\.acorn-xjMY8tAm',
303 silly reify   'D:\\programas\\Projetos de programação\\Afiliados Netbox\\Site institucional - Netbox\\node_modules\\.bin\\acorn.cmd': 'D:\\programas\\Projetos de programação\\Afiliados Netbox\\Site institucional - Netbox\\node_modules\\.bin\\.acorn.cmd-TcsMnvgj',
303 silly reify   'D:\\programas\\Projetos de programação\\Afiliados Netbox\\Site institucional - Netbox\\node_modules\\.bin\\acorn.ps1': 'D:\\programas\\Projetos de programação\\Afiliados Netbox\\Site institucional - Netbox\\node_modules\\.bin\\.acorn.ps1-R9bSbv9f',
303 silly reify   'D:\\programas\\Projetos de programação\\Afiliados Netbox\\Site institucional - Netbox\\node_modules\\browserslist': 'D:\\programas\\Projetos de programação\\Afiliados Netbox\\Site institucional - Netbox\\node_modules\\.browserslist-WeZguXbQ',
303 silly reify   'D:\\programas\\Projetos de programação\\Afiliados Netbox\\Site institucional - Netbox\\node_modules\\.bin\\browserslist': 'D:\\programas\\Projetos de programação\\Afiliados Netbox\\Site institucional - Netbox\\node_modules\\.bin\\.browserslist-aiyz3wS0',
303 silly reify   'D:\\programas\\Projetos de programação\\Afiliados Netbox\\Site institucional - Netbox\\node_modules\\.bin\\browserslist.cmd': 'D:\\programas\\Projetos de programação\\Afiliados Netbox\\Site institucional - Netbox\\node_modules\\.bin\\.browserslist.cmd-6y3WTfjh',
303 silly reify   'D:\\programas\\Projetos de programação\\Afiliados Netbox\\Site institucional - Netbox\\node_modules\\.bin\\browserslist.ps1': 'D:\\programas\\Projetos de programação\\Afiliados Netbox\\Site institucional - Netbox\\node_modules\\.bin\\.browserslist.ps1-jaTGUplp',
303 silly reify   'D:\\programas\\Projetos de programação\\Afiliados Netbox\\Site institucional - Netbox\\node_modules\\eslint': 'D:\\programas\\Projetos de programação\\Afiliados Netbox\\Site institucional - Netbox\\node_modules\\.eslint-tT7KJHF5',
303 silly reify   'D:\\programas\\Projetos de programação\\Afiliados Netbox\\Site institucional - Netbox\\node_modules\\.bin\\eslint': 'D:\\programas\\Projetos de programação\\Afiliados Netbox\\Site institucional - Netbox\\node_modules\\.bin\\.eslint-FBVhYM9Y',
303 silly reify   'D:\\programas\\Projetos de programação\\Afiliados Netbox\\Site institucional - Netbox\\node_modules\\.bin\\eslint.cmd': 'D:\\programas\\Projetos de programação\\Afiliados Netbox\\Site institucional - Netbox\\node_modules\\.bin\\.eslint.cmd-p9lAVMpX',
303 silly reify   'D:\\programas\\Projetos de programação\\Afiliados Netbox\\Site institucional - Netbox\\node_modules\\.bin\\eslint.ps1': 'D:\\programas\\Projetos de programação\\Afiliados Netbox\\Site institucional - Netbox\\node_modules\\.bin\\.eslint.ps1-Iuj1JnBW',
303 silly reify   'D:\\programas\\Projetos de programação\\Afiliados Netbox\\Site institucional - Netbox\\node_modules\\is-bun-module\\node_modules\\semver': 'D:\\programas\\Projetos de programação\\Afiliados Netbox\\Site institucional - Netbox\\node_modules\\is-bun-module\\node_modules\\.semver-RkKkJy1m',
303 silly reify   'D:\\programas\\Projetos de programação\\Afiliados Netbox\\Site institucional - Netbox\\node_modules\\is-bun-module\\node_modules\\.bin\\semver': 'D:\\programas\\Projetos de programação\\Afiliados Netbox\\Site institucional - Netbox\\node_modules\\is-bun-module\\node_modules\\.bin\\.semver-0POz7dFf',
303 silly reify   'D:\\programas\\Projetos de programação\\Afiliados Netbox\\Site institucional - Netbox\\node_modules\\is-bun-module\\node_modules\\.bin\\semver.cmd': 'D:\\programas\\Projetos de programação\\Afiliados Netbox\\Site institucional - Netbox\\node_modules\\is-bun-module\\node_modules\\.bin\\.semver.cmd-ElwO7IZj',
303 silly reify   'D:\\programas\\Projetos de programação\\Afiliados Netbox\\Site institucional - Netbox\\node_modules\\is-bun-module\\node_modules\\.bin\\semver.ps1': 'D:\\programas\\Projetos de programação\\Afiliados Netbox\\Site institucional - Netbox\\node_modules\\is-bun-module\\node_modules\\.bin\\.semver.ps1-k1NeafaI',
303 silly reify   'D:\\programas\\Projetos de programação\\Afiliados Netbox\\Site institucional - Netbox\\node_modules\\jsesc': 'D:\\programas\\Projetos de programação\\Afiliados Netbox\\Site institucional - Netbox\\node_modules\\.jsesc-6I5pHMaI',
303 silly reify   'D:\\programas\\Projetos de programação\\Afiliados Netbox\\Site institucional - Netbox\\node_modules\\.bin\\jsesc': 'D:\\programas\\Projetos de programação\\Afiliados Netbox\\Site institucional - Netbox\\node_modules\\.bin\\.jsesc-VOOojXxx',
303 silly reify   'D:\\programas\\Projetos de programação\\Afiliados Netbox\\Site institucional - Netbox\\node_modules\\.bin\\jsesc.cmd': 'D:\\programas\\Projetos de programação\\Afiliados Netbox\\Site institucional - Netbox\\node_modules\\.bin\\.jsesc.cmd-m6YiMwbW',
303 silly reify   'D:\\programas\\Projetos de programação\\Afiliados Netbox\\Site institucional - Netbox\\node_modules\\.bin\\jsesc.ps1': 'D:\\programas\\Projetos de programação\\Afiliados Netbox\\Site institucional - Netbox\\node_modules\\.bin\\.jsesc.ps1-ZXYGFx6D',
303 silly reify   'D:\\programas\\Projetos de programação\\Afiliados Netbox\\Site institucional - Netbox\\node_modules\\jiti': 'D:\\programas\\Projetos de programação\\Afiliados Netbox\\Site institucional - Netbox\\node_modules\\.jiti-uGiUsSak',
303 silly reify   'D:\\programas\\Projetos de programação\\Afiliados Netbox\\Site institucional - Netbox\\node_modules\\.bin\\jiti': 'D:\\programas\\Projetos de programação\\Afiliados Netbox\\Site institucional - Netbox\\node_modules\\.bin\\.jiti-UWEASp9H',
303 silly reify   'D:\\programas\\Projetos de programação\\Afiliados Netbox\\Site institucional - Netbox\\node_modules\\.bin\\jiti.cmd': 'D:\\programas\\Projetos de programação\\Afiliados Netbox\\Site institucional - Netbox\\node_modules\\.bin\\.jiti.cmd-YpsST1dQ',
303 silly reify   'D:\\programas\\Projetos de programação\\Afiliados Netbox\\Site institucional - Netbox\\node_modules\\.bin\\jiti.ps1': 'D:\\programas\\Projetos de programação\\Afiliados Netbox\\Site institucional - Netbox\\node_modules\\.bin\\.jiti.ps1-CRy4BqqG',
303 silly reify   'D:\\programas\\Projetos de programação\\Afiliados Netbox\\Site institucional - Netbox\\node_modules\\js-yaml': 'D:\\programas\\Projetos de programação\\Afiliados Netbox\\Site institucional - Netbox\\node_modules\\.js-yaml-anPyplq4',
303 silly reify   'D:\\programas\\Projetos de programação\\Afiliados Netbox\\Site institucional - Netbox\\node_modules\\.bin\\js-yaml': 'D:\\programas\\Projetos de programação\\Afiliados Netbox\\Site institucional - Netbox\\node_modules\\.bin\\.js-yaml-5DcZAmdu',
303 silly reify   'D:\\programas\\Projetos de programação\\Afiliados Netbox\\Site institucional - Netbox\\node_modules\\.bin\\js-yaml.cmd': 'D:\\programas\\Projetos de programação\\Afiliados Netbox\\Site institucional - Netbox\\node_modules\\.bin\\.js-yaml.cmd-7Tyw7Nnb',
303 silly reify   'D:\\programas\\Projetos de programação\\Afiliados Netbox\\Site institucional - Netbox\\node_modules\\.bin\\js-yaml.ps1': 'D:\\programas\\Projetos de programação\\Afiliados Netbox\\Site institucional - Netbox\\node_modules\\.bin\\.js-yaml.ps1-XvnJLfZu',
303 silly reify   'D:\\programas\\Projetos de programação\\Afiliados Netbox\\Site institucional - Netbox\\node_modules\\json5': 'D:\\programas\\Projetos de programação\\Afiliados Netbox\\Site institucional - Netbox\\node_modules\\.json5-5zxMhTVA',
303 silly reify   'D:\\programas\\Projetos de programação\\Afiliados Netbox\\Site institucional - Netbox\\node_modules\\.bin\\json5': 'D:\\programas\\Projetos de programação\\Afiliados Netbox\\Site institucional - Netbox\\node_modules\\.bin\\.json5-P9OgdVnP',
303 silly reify   'D:\\programas\\Projetos de programação\\Afiliados Netbox\\Site institucional - Netbox\\node_modules\\.bin\\json5.cmd': 'D:\\programas\\Projetos de programação\\Afiliados Netbox\\Site institucional - Netbox\\node_modules\\.bin\\.json5.cmd-5ezazPab',
303 silly reify   'D:\\programas\\Projetos de programação\\Afiliados Netbox\\Site institucional - Netbox\\node_modules\\.bin\\json5.ps1': 'D:\\programas\\Projetos de programação\\Afiliados Netbox\\Site institucional - Netbox\\node_modules\\.bin\\.json5.ps1-xBZIB7mz',
303 silly reify   'D:\\programas\\Projetos de programação\\Afiliados Netbox\\Site institucional - Netbox\\node_modules\\loose-envify': 'D:\\programas\\Projetos de programação\\Afiliados Netbox\\Site institucional - Netbox\\node_modules\\.loose-envify-4RUOFtai',
303 silly reify   'D:\\programas\\Projetos de programação\\Afiliados Netbox\\Site institucional - Netbox\\node_modules\\.bin\\loose-envify': 'D:\\programas\\Projetos de programação\\Afiliados Netbox\\Site institucional - Netbox\\node_modules\\.bin\\.loose-envify-NRkQV8q7',
303 silly reify   'D:\\programas\\Projetos de programação\\Afiliados Netbox\\Site institucional - Netbox\\node_modules\\.bin\\loose-envify.cmd': 'D:\\programas\\Projetos de programação\\Afiliados Netbox\\Site institucional - Netbox\\node_modules\\.bin\\.loose-envify.cmd-J10AEg9V',
303 silly reify   'D:\\programas\\Projetos de programação\\Afiliados Netbox\\Site institucional - Netbox\\node_modules\\.bin\\loose-envify.ps1': 'D:\\programas\\Projetos de programação\\Afiliados Netbox\\Site institucional - Netbox\\node_modules\\.bin\\.loose-envify.ps1-qirnBb8a',
303 silly reify   'D:\\programas\\Projetos de programação\\Afiliados Netbox\\Site institucional - Netbox\\node_modules\\nanoid': 'D:\\programas\\Projetos de programação\\Afiliados Netbox\\Site institucional - Netbox\\node_modules\\.nanoid-sFc8tecT',
303 silly reify   'D:\\programas\\Projetos de programação\\Afiliados Netbox\\Site institucional - Netbox\\node_modules\\.bin\\nanoid': 'D:\\programas\\Projetos de programação\\Afiliados Netbox\\Site institucional - Netbox\\node_modules\\.bin\\.nanoid-RnmxNQao',
303 silly reify   'D:\\programas\\Projetos de programação\\Afiliados Netbox\\Site institucional - Netbox\\node_modules\\.bin\\nanoid.cmd': 'D:\\programas\\Projetos de programação\\Afiliados Netbox\\Site institucional - Netbox\\node_modules\\.bin\\.nanoid.cmd-aaGzXkqg',
303 silly reify   'D:\\programas\\Projetos de programação\\Afiliados Netbox\\Site institucional - Netbox\\node_modules\\.bin\\nanoid.ps1': 'D:\\programas\\Projetos de programação\\Afiliados Netbox\\Site institucional - Netbox\\node_modules\\.bin\\.nanoid.ps1-Wx6xy8r7',
303 silly reify   'D:\\programas\\Projetos de programação\\Afiliados Netbox\\Site institucional - Netbox\\node_modules\\napi-postinstall': 'D:\\programas\\Projetos de programação\\Afiliados Netbox\\Site institucional - Netbox\\node_modules\\.napi-postinstall-BGyxxkem',
303 silly reify   'D:\\programas\\Projetos de programação\\Afiliados Netbox\\Site institucional - Netbox\\node_modules\\.bin\\napi-postinstall': 'D:\\programas\\Projetos de programação\\Afiliados Netbox\\Site institucional - Netbox\\node_modules\\.bin\\.napi-postinstall-jJDuUZYi',
303 silly reify   'D:\\programas\\Projetos de programação\\Afiliados Netbox\\Site institucional - Netbox\\node_modules\\.bin\\napi-postinstall.cmd': 'D:\\programas\\Projetos de programação\\Afiliados Netbox\\Site institucional - Netbox\\node_modules\\.bin\\.napi-postinstall.cmd-NXXZ6f2c',
303 silly reify   'D:\\programas\\Projetos de programação\\Afiliados Netbox\\Site institucional - Netbox\\node_modules\\.bin\\napi-postinstall.ps1': 'D:\\programas\\Projetos de programação\\Afiliados Netbox\\Site institucional - Netbox\\node_modules\\.bin\\.napi-postinstall.ps1-8iI5Ylcp',
303 silly reify   'D:\\programas\\Projetos de programação\\Afiliados Netbox\\Site institucional - Netbox\\node_modules\\sharp\\node_modules\\semver': 'D:\\programas\\Projetos de programação\\Afiliados Netbox\\Site institucional - Netbox\\node_modules\\sharp\\node_modules\\.semver-XCqqOuzk',
303 silly reify   'D:\\programas\\Projetos de programação\\Afiliados Netbox\\Site institucional - Netbox\\node_modules\\sharp\\node_modules\\.bin\\semver': 'D:\\programas\\Projetos de programação\\Afiliados Netbox\\Site institucional - Netbox\\node_modules\\sharp\\node_modules\\.bin\\.semver-MitWLyqY',
303 silly reify   'D:\\programas\\Projetos de programação\\Afiliados Netbox\\Site institucional - Netbox\\node_modules\\sharp\\node_modules\\.bin\\semver.cmd': 'D:\\programas\\Projetos de programação\\Afiliados Netbox\\Site institucional - Netbox\\node_modules\\sharp\\node_modules\\.bin\\.semver.cmd-9ZNprwJQ',
303 silly reify   'D:\\programas\\Projetos de programação\\Afiliados Netbox\\Site institucional - Netbox\\node_modules\\sharp\\node_modules\\.bin\\semver.ps1': 'D:\\programas\\Projetos de programação\\Afiliados Netbox\\Site institucional - Netbox\\node_modules\\sharp\\node_modules\\.bin\\.semver.ps1-RmFem1uA',
303 silly reify   'D:\\programas\\Projetos de programação\\Afiliados Netbox\\Site institucional - Netbox\\node_modules\\semver': 'D:\\programas\\Projetos de programação\\Afiliados Netbox\\Site institucional - Netbox\\node_modules\\.semver-2EmoxZgI',
303 silly reify   'D:\\programas\\Projetos de programação\\Afiliados Netbox\\Site institucional - Netbox\\node_modules\\.bin\\semver': 'D:\\programas\\Projetos de programação\\Afiliados Netbox\\Site institucional - Netbox\\node_modules\\.bin\\.semver-qTcjRWKh',
303 silly reify   'D:\\programas\\Projetos de programação\\Afiliados Netbox\\Site institucional - Netbox\\node_modules\\.bin\\semver.cmd': 'D:\\programas\\Projetos de programação\\Afiliados Netbox\\Site institucional - Netbox\\node_modules\\.bin\\.semver.cmd-GkEOW612',
303 silly reify   'D:\\programas\\Projetos de programação\\Afiliados Netbox\\Site institucional - Netbox\\node_modules\\.bin\\semver.ps1': 'D:\\programas\\Projetos de programação\\Afiliados Netbox\\Site institucional - Netbox\\node_modules\\.bin\\.semver.ps1-2Bn4p0BK',
303 silly reify   'D:\\programas\\Projetos de programação\\Afiliados Netbox\\Site institucional - Netbox\\node_modules\\tsconfig-paths\\node_modules\\json5': 'D:\\programas\\Projetos de programação\\Afiliados Netbox\\Site institucional - Netbox\\node_modules\\tsconfig-paths\\node_modules\\.json5-11yBhCoI',
303 silly reify   'D:\\programas\\Projetos de programação\\Afiliados Netbox\\Site institucional - Netbox\\node_modules\\tsconfig-paths\\node_modules\\.bin\\json5': 'D:\\programas\\Projetos de programação\\Afiliados Netbox\\Site institucional - Netbox\\node_modules\\tsconfig-paths\\node_modules\\.bin\\.json5-I8FIVvFo',
303 silly reify   'D:\\programas\\Projetos de programação\\Afiliados Netbox\\Site institucional - Netbox\\node_modules\\tsconfig-paths\\node_modules\\.bin\\json5.cmd': 'D:\\programas\\Projetos de programação\\Afiliados Netbox\\Site institucional - Netbox\\node_modules\\tsconfig-paths\\node_modules\\.bin\\.json5.cmd-Upc6lt4W',
303 silly reify   'D:\\programas\\Projetos de programação\\Afiliados Netbox\\Site institucional - Netbox\\node_modules\\tsconfig-paths\\node_modules\\.bin\\json5.ps1': 'D:\\programas\\Projetos de programação\\Afiliados Netbox\\Site institucional - Netbox\\node_modules\\tsconfig-paths\\node_modules\\.bin\\.json5.ps1-xJbJq7Am',
303 silly reify   'D:\\programas\\Projetos de programação\\Afiliados Netbox\\Site institucional - Netbox\\node_modules\\update-browserslist-db': 'D:\\programas\\Projetos de programação\\Afiliados Netbox\\Site institucional - Netbox\\node_modules\\.update-browserslist-db-9vJNBPMs',
303 silly reify   'D:\\programas\\Projetos de programação\\Afiliados Netbox\\Site institucional - Netbox\\node_modules\\.bin\\update-browserslist-db': 'D:\\programas\\Projetos de programação\\Afiliados Netbox\\Site institucional - Netbox\\node_modules\\.bin\\.update-browserslist-db-EXINeTsV',
303 silly reify   'D:\\programas\\Projetos de programação\\Afiliados Netbox\\Site institucional - Netbox\\node_modules\\.bin\\update-browserslist-db.cmd': 'D:\\programas\\Projetos de programação\\Afiliados Netbox\\Site institucional - Netbox\\node_modules\\.bin\\.update-browserslist-db.cmd-1LNmAQIf',
303 silly reify   'D:\\programas\\Projetos de programação\\Afiliados Netbox\\Site institucional - Netbox\\node_modules\\.bin\\update-browserslist-db.ps1': 'D:\\programas\\Projetos de programação\\Afiliados Netbox\\Site institucional - Netbox\\node_modules\\.bin\\.update-browserslist-db.ps1-lCwmXg1K',
303 silly reify   'D:\\programas\\Projetos de programação\\Afiliados Netbox\\Site institucional - Netbox\\node_modules\\typescript': 'D:\\programas\\Projetos de programação\\Afiliados Netbox\\Site institucional - Netbox\\node_modules\\.typescript-AxZXrjun',
303 silly reify   'D:\\programas\\Projetos de programação\\Afiliados Netbox\\Site institucional - Netbox\\node_modules\\.bin\\tsc': 'D:\\programas\\Projetos de programação\\Afiliados Netbox\\Site institucional - Netbox\\node_modules\\.bin\\.tsc-VoddOHjE',
303 silly reify   'D:\\programas\\Projetos de programação\\Afiliados Netbox\\Site institucional - Netbox\\node_modules\\.bin\\tsc.cmd': 'D:\\programas\\Projetos de programação\\Afiliados Netbox\\Site institucional - Netbox\\node_modules\\.bin\\.tsc.cmd-FLgcW9wN',
303 silly reify   'D:\\programas\\Projetos de programação\\Afiliados Netbox\\Site institucional - Netbox\\node_modules\\.bin\\tsc.ps1': 'D:\\programas\\Projetos de programação\\Afiliados Netbox\\Site institucional - Netbox\\node_modules\\.bin\\.tsc.ps1-qPBVeYK9',
303 silly reify   'D:\\programas\\Projetos de programação\\Afiliados Netbox\\Site institucional - Netbox\\node_modules\\.bin\\tsserver': 'D:\\programas\\Projetos de programação\\Afiliados Netbox\\Site institucional - Netbox\\node_modules\\.bin\\.tsserver-HndVs28U',
303 silly reify   'D:\\programas\\Projetos de programação\\Afiliados Netbox\\Site institucional - Netbox\\node_modules\\.bin\\tsserver.cmd': 'D:\\programas\\Projetos de programação\\Afiliados Netbox\\Site institucional - Netbox\\node_modules\\.bin\\.tsserver.cmd-p5uHF6Ea',
303 silly reify   'D:\\programas\\Projetos de programação\\Afiliados Netbox\\Site institucional - Netbox\\node_modules\\.bin\\tsserver.ps1': 'D:\\programas\\Projetos de programação\\Afiliados Netbox\\Site institucional - Netbox\\node_modules\\.bin\\.tsserver.ps1-hd8qrlJg',
303 silly reify   'D:\\programas\\Projetos de programação\\Afiliados Netbox\\Site institucional - Netbox\\node_modules\\esbuild': 'D:\\programas\\Projetos de programação\\Afiliados Netbox\\Site institucional - Netbox\\node_modules\\.esbuild-7bsu2N8i',
303 silly reify   'D:\\programas\\Projetos de programação\\Afiliados Netbox\\Site institucional - Netbox\\node_modules\\.bin\\esbuild': 'D:\\programas\\Projetos de programação\\Afiliados Netbox\\Site institucional - Netbox\\node_modules\\.bin\\.esbuild-VTvkmkUa',
303 silly reify   'D:\\programas\\Projetos de programação\\Afiliados Netbox\\Site institucional - Netbox\\node_modules\\.bin\\esbuild.cmd': 'D:\\programas\\Projetos de programação\\Afiliados Netbox\\Site institucional - Netbox\\node_modules\\.bin\\.esbuild.cmd-ovx9gMC0',
303 silly reify   'D:\\programas\\Projetos de programação\\Afiliados Netbox\\Site institucional - Netbox\\node_modules\\.bin\\esbuild.ps1': 'D:\\programas\\Projetos de programação\\Afiliados Netbox\\Site institucional - Netbox\\node_modules\\.bin\\.esbuild.ps1-S75aGrRj',
303 silly reify   'D:\\programas\\Projetos de programação\\Afiliados Netbox\\Site institucional - Netbox\\node_modules\\which': 'D:\\programas\\Projetos de programação\\Afiliados Netbox\\Site institucional - Netbox\\node_modules\\.which-lpJxGeaf',
303 silly reify   'D:\\programas\\Projetos de programação\\Afiliados Netbox\\Site institucional - Netbox\\node_modules\\.bin\\node-which': 'D:\\programas\\Projetos de programação\\Afiliados Netbox\\Site institucional - Netbox\\node_modules\\.bin\\.node-which-4YEnYspz',
303 silly reify   'D:\\programas\\Projetos de programação\\Afiliados Netbox\\Site institucional - Netbox\\node_modules\\.bin\\node-which.cmd': 'D:\\programas\\Projetos de programação\\Afiliados Netbox\\Site institucional - Netbox\\node_modules\\.bin\\.node-which.cmd-rhvXbXfM',
303 silly reify   'D:\\programas\\Projetos de programação\\Afiliados Netbox\\Site institucional - Netbox\\node_modules\\.bin\\node-which.ps1': 'D:\\programas\\Projetos de programação\\Afiliados Netbox\\Site institucional - Netbox\\node_modules\\.bin\\.node-which.ps1-JrGmwkGS',
303 silly reify   'D:\\programas\\Projetos de programação\\Afiliados Netbox\\Site institucional - Netbox\\node_modules\\@esbuild-kit\\core-utils\\node_modules\\@esbuild\\darwin-arm64': 'D:\\programas\\Projetos de programação\\Afiliados Netbox\\Site institucional - Netbox\\node_modules\\@esbuild-kit\\core-utils\\node_modules\\@esbuild\\.darwin-arm64-X9n9MA00',
303 silly reify   'D:\\programas\\Projetos de programação\\Afiliados Netbox\\Site institucional - Netbox\\node_modules\\@esbuild-kit\\core-utils\\node_modules\\@esbuild\\android-arm64': 'D:\\programas\\Projetos de programação\\Afiliados Netbox\\Site institucional - Netbox\\node_modules\\@esbuild-kit\\core-utils\\node_modules\\@esbuild\\.android-arm64-SaIV6Mi7',
303 silly reify   'D:\\programas\\Projetos de programação\\Afiliados Netbox\\Site institucional - Netbox\\node_modules\\@esbuild-kit\\core-utils\\node_modules\\@esbuild\\android-arm': 'D:\\programas\\Projetos de programação\\Afiliados Netbox\\Site institucional - Netbox\\node_modules\\@esbuild-kit\\core-utils\\node_modules\\@esbuild\\.android-arm-nfdr1770',
303 silly reify   'D:\\programas\\Projetos de programação\\Afiliados Netbox\\Site institucional - Netbox\\node_modules\\@esbuild-kit\\core-utils\\node_modules\\@esbuild\\android-x64': 'D:\\programas\\Projetos de programação\\Afiliados Netbox\\Site institucional - Netbox\\node_modules\\@esbuild-kit\\core-utils\\node_modules\\@esbuild\\.android-x64-IYUwHiJo',
303 silly reify   'D:\\programas\\Projetos de programação\\Afiliados Netbox\\Site institucional - Netbox\\node_modules\\@esbuild-kit\\core-utils\\node_modules\\@esbuild\\darwin-x64': 'D:\\programas\\Projetos de programação\\Afiliados Netbox\\Site institucional - Netbox\\node_modules\\@esbuild-kit\\core-utils\\node_modules\\@esbuild\\.darwin-x64-dFVtUOez',
303 silly reify   'D:\\programas\\Projetos de programação\\Afiliados Netbox\\Site institucional - Netbox\\node_modules\\@esbuild-kit\\core-utils\\node_modules\\@esbuild\\freebsd-x64': 'D:\\programas\\Projetos de programação\\Afiliados Netbox\\Site institucional - Netbox\\node_modules\\@esbuild-kit\\core-utils\\node_modules\\@esbuild\\.freebsd-x64-2gYEHGtp',
303 silly reify   'D:\\programas\\Projetos de programação\\Afiliados Netbox\\Site institucional - Netbox\\node_modules\\@esbuild-kit\\core-utils\\node_modules\\@esbuild\\linux-arm64': 'D:\\programas\\Projetos de programação\\Afiliados Netbox\\Site institucional - Netbox\\node_modules\\@esbuild-kit\\core-utils\\node_modules\\@esbuild\\.linux-arm64-WqiAX1mj',
303 silly reify   'D:\\programas\\Projetos de programação\\Afiliados Netbox\\Site institucional - Netbox\\node_modules\\@esbuild-kit\\core-utils\\node_modules\\@esbuild\\freebsd-arm64': 'D:\\programas\\Projetos de programação\\Afiliados Netbox\\Site institucional - Netbox\\node_modules\\@esbuild-kit\\core-utils\\node_modules\\@esbuild\\.freebsd-arm64-C0LffUwy',
303 silly reify   'D:\\programas\\Projetos de programação\\Afiliados Netbox\\Site institucional - Netbox\\node_modules\\@esbuild-kit\\core-utils\\node_modules\\@esbuild\\linux-arm': 'D:\\programas\\Projetos de programação\\Afiliados Netbox\\Site institucional - Netbox\\node_modules\\@esbuild-kit\\core-utils\\node_modules\\@esbuild\\.linux-arm-4fjCTGne',
303 silly reify   'D:\\programas\\Projetos de programação\\Afiliados Netbox\\Site institucional - Netbox\\node_modules\\@esbuild-kit\\core-utils\\node_modules\\@esbuild\\linux-ppc64': 'D:\\programas\\Projetos de programação\\Afiliados Netbox\\Site institucional - Netbox\\node_modules\\@esbuild-kit\\core-utils\\node_modules\\@esbuild\\.linux-ppc64-KfKvnC0S',
303 silly reify   'D:\\programas\\Projetos de programação\\Afiliados Netbox\\Site institucional - Netbox\\node_modules\\@esbuild-kit\\core-utils\\node_modules\\@esbuild\\linux-loong64': 'D:\\programas\\Projetos de programação\\Afiliados Netbox\\Site institucional - Netbox\\node_modules\\@esbuild-kit\\core-utils\\node_modules\\@esbuild\\.linux-loong64-TDokcqcx',
303 silly reify   'D:\\programas\\Projetos de programação\\Afiliados Netbox\\Site institucional - Netbox\\node_modules\\@esbuild-kit\\core-utils\\node_modules\\@esbuild\\linux-ia32': 'D:\\programas\\Projetos de programação\\Afiliados Netbox\\Site institucional - Netbox\\node_modules\\@esbuild-kit\\core-utils\\node_modules\\@esbuild\\.linux-ia32-z5f4izIV',
303 silly reify   'D:\\programas\\Projetos de programação\\Afiliados Netbox\\Site institucional - Netbox\\node_modules\\@esbuild-kit\\core-utils\\node_modules\\@esbuild\\linux-mips64el': 'D:\\programas\\Projetos de programação\\Afiliados Netbox\\Site institucional - Netbox\\node_modules\\@esbuild-kit\\core-utils\\node_modules\\@esbuild\\.linux-mips64el-lgYA0mv8',
303 silly reify   'D:\\programas\\Projetos de programação\\Afiliados Netbox\\Site institucional - Netbox\\node_modules\\@esbuild-kit\\core-utils\\node_modules\\@esbuild\\linux-riscv64': 'D:\\programas\\Projetos de programação\\Afiliados Netbox\\Site institucional - Netbox\\node_modules\\@esbuild-kit\\core-utils\\node_modules\\@esbuild\\.linux-riscv64-kpCfSkWR',
303 silly reify   'D:\\programas\\Projetos de programação\\Afiliados Netbox\\Site institucional - Netbox\\node_modules\\@esbuild-kit\\core-utils\\node_modules\\@esbuild\\linux-s390x': 'D:\\programas\\Projetos de programação\\Afiliados Netbox\\Site institucional - Netbox\\node_modules\\@esbuild-kit\\core-utils\\node_modules\\@esbuild\\.linux-s390x-APTumpRE',
303 silly reify   'D:\\programas\\Projetos de programação\\Afiliados Netbox\\Site institucional - Netbox\\node_modules\\@esbuild-kit\\core-utils\\node_modules\\@esbuild\\openbsd-x64': 'D:\\programas\\Projetos de programação\\Afiliados Netbox\\Site institucional - Netbox\\node_modules\\@esbuild-kit\\core-utils\\node_modules\\@esbuild\\.openbsd-x64-NTE3qH9X',
303 silly reify   'D:\\programas\\Projetos de programação\\Afiliados Netbox\\Site institucional - Netbox\\node_modules\\@esbuild-kit\\core-utils\\node_modules\\@esbuild\\linux-x64': 'D:\\programas\\Projetos de programação\\Afiliados Netbox\\Site institucional - Netbox\\node_modules\\@esbuild-kit\\core-utils\\node_modules\\@esbuild\\.linux-x64-4J4XVrcs',
303 silly reify   'D:\\programas\\Projetos de programação\\Afiliados Netbox\\Site institucional - Netbox\\node_modules\\@esbuild-kit\\core-utils\\node_modules\\@esbuild\\netbsd-x64': 'D:\\programas\\Projetos de programação\\Afiliados Netbox\\Site institucional - Netbox\\node_modules\\@esbuild-kit\\core-utils\\node_modules\\@esbuild\\.netbsd-x64-TsQmh5BS',
303 silly reify   'D:\\programas\\Projetos de programação\\Afiliados Netbox\\Site institucional - Netbox\\node_modules\\@esbuild-kit\\core-utils\\node_modules\\@esbuild\\win32-arm64': 'D:\\programas\\Projetos de programação\\Afiliados Netbox\\Site institucional - Netbox\\node_modules\\@esbuild-kit\\core-utils\\node_modules\\@esbuild\\.win32-arm64-2SOsfOhJ',
303 silly reify   'D:\\programas\\Projetos de programação\\Afiliados Netbox\\Site institucional - Netbox\\node_modules\\@esbuild-kit\\core-utils\\node_modules\\@esbuild\\sunos-x64': 'D:\\programas\\Projetos de programação\\Afiliados Netbox\\Site institucional - Netbox\\node_modules\\@esbuild-kit\\core-utils\\node_modules\\@esbuild\\.sunos-x64-kc4thSkn',
303 silly reify   'D:\\programas\\Projetos de programação\\Afiliados Netbox\\Site institucional - Netbox\\node_modules\\@esbuild-kit\\core-utils\\node_modules\\@esbuild\\win32-ia32': 'D:\\programas\\Projetos de programação\\Afiliados Netbox\\Site institucional - Netbox\\node_modules\\@esbuild-kit\\core-utils\\node_modules\\@esbuild\\.win32-ia32-Oa6W8MCe',
303 silly reify   'D:\\programas\\Projetos de programação\\Afiliados Netbox\\Site institucional - Netbox\\node_modules\\@esbuild-kit\\core-utils\\node_modules\\esbuild': 'D:\\programas\\Projetos de programação\\Afiliados Netbox\\Site institucional - Netbox\\node_modules\\@esbuild-kit\\core-utils\\node_modules\\.esbuild-t9XL9OpZ',
303 silly reify   'D:\\programas\\Projetos de programação\\Afiliados Netbox\\Site institucional - Netbox\\node_modules\\@esbuild-kit\\core-utils\\node_modules\\.bin\\esbuild': 'D:\\programas\\Projetos de programação\\Afiliados Netbox\\Site institucional - Netbox\\node_modules\\@esbuild-kit\\core-utils\\node_modules\\.bin\\.esbuild-3oFyuaFu',
303 silly reify   'D:\\programas\\Projetos de programação\\Afiliados Netbox\\Site institucional - Netbox\\node_modules\\@esbuild-kit\\core-utils\\node_modules\\.bin\\esbuild.cmd': 'D:\\programas\\Projetos de programação\\Afiliados Netbox\\Site institucional - Netbox\\node_modules\\@esbuild-kit\\core-utils\\node_modules\\.bin\\.esbuild.cmd-kqZ3hAEd',
303 silly reify   'D:\\programas\\Projetos de programação\\Afiliados Netbox\\Site institucional - Netbox\\node_modules\\@esbuild-kit\\core-utils\\node_modules\\.bin\\esbuild.ps1': 'D:\\programas\\Projetos de programação\\Afiliados Netbox\\Site institucional - Netbox\\node_modules\\@esbuild-kit\\core-utils\\node_modules\\.bin\\.esbuild.ps1-BFEUNRji',
303 silly reify   'D:\\programas\\Projetos de programação\\Afiliados Netbox\\Site institucional - Netbox\\node_modules\\@babel\\parser': 'D:\\programas\\Projetos de programação\\Afiliados Netbox\\Site institucional - Netbox\\node_modules\\@babel\\.parser-4VZel9Zx',
303 silly reify   'D:\\programas\\Projetos de programação\\Afiliados Netbox\\Site institucional - Netbox\\node_modules\\.bin\\parser': 'D:\\programas\\Projetos de programação\\Afiliados Netbox\\Site institucional - Netbox\\node_modules\\.bin\\.parser-6QG2fnT8',
303 silly reify   'D:\\programas\\Projetos de programação\\Afiliados Netbox\\Site institucional - Netbox\\node_modules\\.bin\\parser.cmd': 'D:\\programas\\Projetos de programação\\Afiliados Netbox\\Site institucional - Netbox\\node_modules\\.bin\\.parser.cmd-4IVa6tZ7',
303 silly reify   'D:\\programas\\Projetos de programação\\Afiliados Netbox\\Site institucional - Netbox\\node_modules\\.bin\\parser.ps1': 'D:\\programas\\Projetos de programação\\Afiliados Netbox\\Site institucional - Netbox\\node_modules\\.bin\\.parser.ps1-myoiCdRA'
303 silly reify }
304 timing reify:retireShallow Completed in 5048ms
305 timing reify:createSparse Completed in 174ms
306 verbose reify failed optional dependency D:\programas\Projetos de programação\Afiliados Netbox\Site institucional - Netbox\node_modules\@tailwindcss\oxide-wasm32-wasi
307 silly reify mark deleted [
307 silly reify   'D:\\programas\\Projetos de programação\\Afiliados Netbox\\Site institucional - Netbox\\node_modules\\@tailwindcss\\oxide-wasm32-wasi'
307 silly reify ]
308 verbose reify failed optional dependency D:\programas\Projetos de programação\Afiliados Netbox\Site institucional - Netbox\node_modules\@tailwindcss\oxide-wasm32-wasi\node_modules\@emnapi\core
309 silly reify mark deleted [
309 silly reify   'D:\\programas\\Projetos de programação\\Afiliados Netbox\\Site institucional - Netbox\\node_modules\\@tailwindcss\\oxide-wasm32-wasi\\node_modules\\@emnapi\\core'
309 silly reify ]
310 verbose reify failed optional dependency D:\programas\Projetos de programação\Afiliados Netbox\Site institucional - Netbox\node_modules\@tailwindcss\oxide-wasm32-wasi\node_modules\@emnapi\runtime
311 silly reify mark deleted [
311 silly reify   'D:\\programas\\Projetos de programação\\Afiliados Netbox\\Site institucional - Netbox\\node_modules\\@tailwindcss\\oxide-wasm32-wasi\\node_modules\\@emnapi\\runtime'
311 silly reify ]
312 verbose reify failed optional dependency D:\programas\Projetos de programação\Afiliados Netbox\Site institucional - Netbox\node_modules\@tailwindcss\oxide-wasm32-wasi\node_modules\@emnapi\wasi-threads
313 silly reify mark deleted [
313 silly reify   'D:\\programas\\Projetos de programação\\Afiliados Netbox\\Site institucional - Netbox\\node_modules\\@tailwindcss\\oxide-wasm32-wasi\\node_modules\\@emnapi\\wasi-threads'
313 silly reify ]
314 verbose reify failed optional dependency D:\programas\Projetos de programação\Afiliados Netbox\Site institucional - Netbox\node_modules\@tailwindcss\oxide-wasm32-wasi\node_modules\@napi-rs\wasm-runtime
315 silly reify mark deleted [
315 silly reify   'D:\\programas\\Projetos de programação\\Afiliados Netbox\\Site institucional - Netbox\\node_modules\\@tailwindcss\\oxide-wasm32-wasi\\node_modules\\@napi-rs\\wasm-runtime'
315 silly reify ]
316 verbose reify failed optional dependency D:\programas\Projetos de programação\Afiliados Netbox\Site institucional - Netbox\node_modules\@tailwindcss\oxide-wasm32-wasi\node_modules\@tybys\wasm-util
317 silly reify mark deleted [
317 silly reify   'D:\\programas\\Projetos de programação\\Afiliados Netbox\\Site institucional - Netbox\\node_modules\\@tailwindcss\\oxide-wasm32-wasi\\node_modules\\@tybys\\wasm-util'
317 silly reify ]
318 verbose reify failed optional dependency D:\programas\Projetos de programação\Afiliados Netbox\Site institucional - Netbox\node_modules\@tailwindcss\oxide-wasm32-wasi\node_modules\tslib
319 silly reify mark deleted [
319 silly reify   'D:\\programas\\Projetos de programação\\Afiliados Netbox\\Site institucional - Netbox\\node_modules\\@tailwindcss\\oxide-wasm32-wasi\\node_modules\\tslib'
319 silly reify ]
320 timing reifyNode:node_modules/@tailwindcss/oxide-wasm32-wasi Completed in 2ms
321 timing arborist:ctor Completed in 0ms
322 timing reify:diffTrees Completed in 7ms
323 timing reify:loadBundles Completed in 13ms
324 silly audit bulk request {
324 silly audit   '@alloc/quick-lru': [ '5.2.0' ],
324 silly audit   '@babel/code-frame': [ '7.29.0' ],
324 silly audit   '@babel/compat-data': [ '7.29.3' ],
324 silly audit   '@babel/core': [ '7.29.0' ],
324 silly audit   '@babel/generator': [ '7.29.1' ],
324 silly audit   '@babel/helper-compilation-targets': [ '7.28.6' ],
324 silly audit   '@babel/helper-globals': [ '7.28.0' ],
324 silly audit   '@babel/helper-module-imports': [ '7.28.6' ],
324 silly audit   '@babel/helper-module-transforms': [ '7.28.6' ],
324 silly audit   '@babel/helper-string-parser': [ '7.27.1' ],
324 silly audit   '@babel/helper-validator-identifier': [ '7.28.5' ],
324 silly audit   '@babel/helper-validator-option': [ '7.27.1' ],
324 silly audit   '@babel/helpers': [ '7.29.2' ],
324 silly audit   '@babel/parser': [ '7.29.3' ],
324 silly audit   '@babel/template': [ '7.28.6' ],
324 silly audit   '@babel/traverse': [ '7.29.0' ],
324 silly audit   '@babel/types': [ '7.29.0' ],
324 silly audit   '@cloudflare/kv-asset-handler': [ '0.5.0' ],
324 silly audit   '@cloudflare/unenv-preset': [ '2.16.1' ],
324 silly audit   '@cloudflare/vite-plugin': [ '1.37.1' ],
324 silly audit   '@cloudflare/workerd-darwin-64': [ '1.20260515.1' ],
324 silly audit   '@cloudflare/workerd-darwin-arm64': [ '1.20260515.1' ],
324 silly audit   '@cloudflare/workerd-linux-64': [ '1.20260515.1' ],
324 silly audit   '@cloudflare/workerd-linux-arm64': [ '1.20260515.1' ],
324 silly audit   '@cloudflare/workerd-windows-64': [ '1.20260515.1' ],
324 silly audit   '@cspotcode/source-map-support': [ '0.8.1' ],
324 silly audit   '@jridgewell/trace-mapping': [ '0.3.9', '0.3.31' ],
324 silly audit   '@drizzle-team/brocli': [ '0.10.2' ],
324 silly audit   '@emnapi/core': [ '1.10.0', '1.8.1' ],
324 silly audit   '@emnapi/runtime': [ '1.10.0', '1.8.1' ],
324 silly audit   '@emnapi/wasi-threads': [ '1.2.1', '1.1.0' ],
324 silly audit   '@esbuild-kit/core-utils': [ '3.3.2' ],
324 silly audit   '@esbuild/android-arm': [ '0.18.20', '0.28.0', '0.25.12', '0.27.3' ],
324 silly audit   '@esbuild/android-arm64': [ '0.18.20', '0.28.0', '0.25.12', '0.27.3' ],
324 silly audit   '@esbuild/android-x64': [ '0.18.20', '0.28.0', '0.25.12', '0.27.3' ],
324 silly audit   '@esbuild/darwin-arm64': [ '0.18.20', '0.28.0', '0.25.12', '0.27.3' ],
324 silly audit   '@esbuild/darwin-x64': [ '0.18.20', '0.28.0', '0.25.12', '0.27.3' ],
324 silly audit   '@esbuild/freebsd-arm64': [ '0.18.20', '0.28.0', '0.25.12', '0.27.3' ],
324 silly audit   '@esbuild/freebsd-x64': [ '0.18.20', '0.28.0', '0.25.12', '0.27.3' ],
324 silly audit   '@esbuild/linux-arm': [ '0.18.20', '0.28.0', '0.25.12', '0.27.3' ],
324 silly audit   '@esbuild/linux-arm64': [ '0.18.20', '0.28.0', '0.25.12', '0.27.3' ],
324 silly audit   '@esbuild/linux-ia32': [ '0.18.20', '0.28.0', '0.25.12', '0.27.3' ],
324 silly audit   '@esbuild/linux-loong64': [ '0.18.20', '0.28.0', '0.25.12', '0.27.3' ],
324 silly audit   '@esbuild/linux-mips64el': [ '0.18.20', '0.28.0', '0.25.12', '0.27.3' ],
324 silly audit   '@esbuild/linux-ppc64': [ '0.18.20', '0.28.0', '0.25.12', '0.27.3' ],
324 silly audit   '@esbuild/linux-riscv64': [ '0.18.20', '0.28.0', '0.25.12', '0.27.3' ],
324 silly audit   '@esbuild/linux-s390x': [ '0.18.20', '0.28.0', '0.25.12', '0.27.3' ],
324 silly audit   '@esbuild/linux-x64': [ '0.18.20', '0.28.0', '0.25.12', '0.27.3' ],
324 silly audit   '@esbuild/netbsd-x64': [ '0.18.20', '0.28.0', '0.25.12', '0.27.3' ],
324 silly audit   '@esbuild/openbsd-x64': [ '0.18.20', '0.28.0', '0.25.12', '0.27.3' ],
324 silly audit   '@esbuild/sunos-x64': [ '0.18.20', '0.28.0', '0.25.12', '0.27.3' ],
324 silly audit   '@esbuild/win32-arm64': [ '0.18.20', '0.28.0', '0.25.12', '0.27.3' ],
324 silly audit   '@esbuild/win32-ia32': [ '0.18.20', '0.28.0', '0.25.12', '0.27.3' ],
324 silly audit   '@esbuild/win32-x64': [ '0.18.20', '0.28.0', '0.25.12', '0.27.3' ],
324 silly audit   esbuild: [ '0.18.20', '0.25.12', '0.28.0', '0.27.3' ],
324 silly audit   '@esbuild-kit/esm-loader': [ '2.6.5' ],
324 silly audit   '@esbuild/aix-ppc64': [ '0.28.0', '0.25.12', '0.27.3' ],
324 silly audit   '@esbuild/netbsd-arm64': [ '0.28.0', '0.25.12', '0.27.3' ],
324 silly audit   '@esbuild/openbsd-arm64': [ '0.28.0', '0.25.12', '0.27.3' ],
324 silly audit   '@esbuild/openharmony-arm64': [ '0.28.0', '0.25.12', '0.27.3' ],
324 silly audit   '@eslint-community/eslint-utils': [ '4.9.1' ],
324 silly audit   'eslint-visitor-keys': [ '3.4.3', '5.0.1', '4.2.1' ],
324 silly audit   '@eslint-community/regexpp': [ '4.12.2' ],
324 silly audit   '@eslint/config-array': [ '0.21.2' ],
324 silly audit   '@eslint/config-helpers': [ '0.4.2' ],
324 silly audit   '@eslint/core': [ '0.17.0' ],
324 silly audit   '@eslint/eslintrc': [ '3.3.5' ],
324 silly audit   '@eslint/js': [ '9.39.4' ],
324 silly audit   '@eslint/object-schema': [ '2.1.7' ],
324 silly audit   '@eslint/plugin-kit': [ '0.4.1' ],
324 silly audit   '@humanfs/core': [ '0.19.2' ],
324 silly audit   '@humanfs/node': [ '0.16.8' ],
324 silly audit   '@humanfs/types': [ '0.15.0' ],
324 silly audit   '@humanwhocodes/module-importer': [ '1.0.1' ],
324 silly audit   '@humanwhocodes/retry': [ '0.4.3' ],
324 silly audit   '@img/colour': [ '1.1.0' ],
324 silly audit   '@img/sharp-darwin-arm64': [ '0.34.5' ],
324 silly audit   '@img/sharp-darwin-x64': [ '0.34.5' ],
324 silly audit   '@img/sharp-libvips-darwin-arm64': [ '1.2.4' ],
324 silly audit   '@img/sharp-libvips-darwin-x64': [ '1.2.4' ],
324 silly audit   '@img/sharp-libvips-linux-arm': [ '1.2.4' ],
324 silly audit   '@img/sharp-libvips-linux-arm64': [ '1.2.4' ],
324 silly audit   '@img/sharp-libvips-linux-ppc64': [ '1.2.4' ],
324 silly audit   '@img/sharp-libvips-linux-riscv64': [ '1.2.4' ],
324 silly audit   '@img/sharp-libvips-linux-s390x': [ '1.2.4' ],
324 silly audit   '@img/sharp-libvips-linux-x64': [ '1.2.4' ],
324 silly audit   '@img/sharp-libvips-linuxmusl-arm64': [ '1.2.4' ],
324 silly audit   '@img/sharp-libvips-linuxmusl-x64': [ '1.2.4' ],
324 silly audit   '@img/sharp-linux-arm': [ '0.34.5' ],
324 silly audit   '@img/sharp-linux-arm64': [ '0.34.5' ],
324 silly audit   '@img/sharp-linux-ppc64': [ '0.34.5' ],
324 silly audit   '@img/sharp-linux-riscv64': [ '0.34.5' ],
324 silly audit   '@img/sharp-linux-s390x': [ '0.34.5' ],
324 silly audit   '@img/sharp-linux-x64': [ '0.34.5' ],
324 silly audit   '@img/sharp-linuxmusl-arm64': [ '0.34.5' ],
324 silly audit   '@img/sharp-linuxmusl-x64': [ '0.34.5' ],
324 silly audit   '@img/sharp-wasm32': [ '0.34.5' ],
324 silly audit   '@img/sharp-win32-arm64': [ '0.34.5' ],
324 silly audit   '@img/sharp-win32-ia32': [ '0.34.5' ],
324 silly audit   '@img/sharp-win32-x64': [ '0.34.5' ],
324 silly audit   '@jridgewell/gen-mapping': [ '0.3.13' ],
324 silly audit   '@jridgewell/remapping': [ '2.3.5' ],
324 silly audit   '@jridgewell/resolve-uri': [ '3.1.2' ],
324 silly audit   '@jridgewell/source-map': [ '0.3.11' ],
324 silly audit   '@jridgewell/sourcemap-codec': [ '1.5.5' ],
324 silly audit   '@napi-rs/wasm-runtime': [ '0.2.12', '1.1.4', '1.1.1' ],
324 silly audit   '@next/env': [ '16.2.6' ],
324 silly audit   '@next/eslint-plugin-next': [ '16.2.6' ],
324 silly audit   '@next/swc-darwin-arm64': [ '16.2.6' ],
324 silly audit   '@next/swc-darwin-x64': [ '16.2.6' ],
324 silly audit   '@next/swc-linux-arm64-gnu': [ '16.2.6' ],
324 silly audit   '@next/swc-linux-arm64-musl': [ '16.2.6' ],
324 silly audit   '@next/swc-linux-x64-gnu': [ '16.2.6' ],
324 silly audit   '@next/swc-linux-x64-musl': [ '16.2.6' ],
324 silly audit   '@next/swc-win32-arm64-msvc': [ '16.2.6' ],
324 silly audit   '@next/swc-win32-x64-msvc': [ '16.2.6' ],
324 silly audit   '@nodelib/fs.scandir': [ '2.1.5' ],
324 silly audit   '@nodelib/fs.stat': [ '2.0.5' ],
324 silly audit   '@nodelib/fs.walk': [ '1.2.8' ],
324 silly audit   '@nolyfill/is-core-module': [ '1.0.39' ],
324 silly audit   '@oxc-project/types': [ '0.130.0' ],
324 silly audit   '@poppinss/colors': [ '4.1.6' ],
324 silly audit   '@poppinss/dumper': [ '0.6.5' ],
324 silly audit   'supports-color': [ '10.2.2', '8.1.1', '7.2.0' ],
324 silly audit   '@poppinss/exception': [ '1.2.3' ],
324 silly audit   '@resvg/resvg-wasm': [ '2.4.0' ],
324 silly audit   '@rolldown/binding-android-arm64': [ '1.0.1' ],
324 silly audit   '@rolldown/binding-darwin-arm64': [ '1.0.1' ],
324 silly audit   '@rolldown/binding-darwin-x64': [ '1.0.1' ],
324 silly audit   '@rolldown/binding-freebsd-x64': [ '1.0.1' ],
324 silly audit   '@rolldown/binding-linux-arm-gnueabihf': [ '1.0.1' ],
324 silly audit   '@rolldown/binding-linux-arm64-gnu': [ '1.0.1' ],
324 silly audit   '@rolldown/binding-linux-arm64-musl': [ '1.0.1' ],
324 silly audit   '@rolldown/binding-linux-ppc64-gnu': [ '1.0.1' ],
324 silly audit   '@rolldown/binding-linux-s390x-gnu': [ '1.0.1' ],
324 silly audit   '@rolldown/binding-linux-x64-gnu': [ '1.0.1' ],
324 silly audit   '@rolldown/binding-linux-x64-musl': [ '1.0.1' ],
324 silly audit   '@rolldown/binding-openharmony-arm64': [ '1.0.1' ],
324 silly audit   '@rolldown/binding-wasm32-wasi': [ '1.0.1' ],
324 silly audit   '@rolldown/binding-win32-arm64-msvc': [ '1.0.1' ],
324 silly audit   '@rolldown/binding-win32-x64-msvc': [ '1.0.1' ],
324 silly audit   '@rolldown/pluginutils': [ '1.0.1', '1.0.0-rc.18' ],
324 silly audit   '@rtsao/scc': [ '1.1.0' ],
324 silly audit   '@shuding/opentype.js': [ '1.4.0-beta.0' ],
324 silly audit   '@sindresorhus/is': [ '7.2.0' ],
324 silly audit   '@speed-highlight/core': [ '1.2.15' ],
324 silly audit   '@swc/helpers': [ '0.5.15' ],
324 silly audit   '@tailwindcss/node': [ '4.2.1' ],
324 silly audit   '@tailwindcss/oxide': [ '4.2.1' ],
324 silly audit   '@tailwindcss/oxide-android-arm64': [ '4.2.1' ],
324 silly audit   '@tailwindcss/oxide-darwin-arm64': [ '4.2.1' ],
324 silly audit   '@tailwindcss/oxide-darwin-x64': [ '4.2.1' ],
324 silly audit   '@tailwindcss/oxide-freebsd-x64': [ '4.2.1' ],
324 silly audit   '@tailwindcss/oxide-linux-arm-gnueabihf': [ '4.2.1' ],
324 silly audit   '@tailwindcss/oxide-linux-arm64-gnu': [ '4.2.1' ],
324 silly audit   '@tailwindcss/oxide-linux-arm64-musl': [ '4.2.1' ],
324 silly audit   '@tailwindcss/oxide-linux-x64-gnu': [ '4.2.1' ],
324 silly audit   '@tailwindcss/oxide-linux-x64-musl': [ '4.2.1' ],
324 silly audit   '@tybys/wasm-util': [ '0.10.1', '0.10.2' ],
324 silly audit   tslib: [ '2.8.1' ],
324 silly audit   '@tailwindcss/oxide-win32-arm64-msvc': [ '4.2.1' ],
324 silly audit   '@tailwindcss/oxide-win32-x64-msvc': [ '4.2.1' ],
324 silly audit   '@tailwindcss/postcss': [ '4.2.1' ],
324 silly audit   '@types/eslint': [ '9.6.1' ],
324 silly audit   '@types/eslint-scope': [ '3.7.7' ],
324 silly audit   '@types/estree': [ '1.0.9' ],
324 silly audit   '@types/json-schema': [ '7.0.15' ],
324 silly audit   '@types/json5': [ '0.0.29' ],
324 silly audit   '@types/node': [ '22.19.19' ],
324 silly audit   '@types/react': [ '19.2.14' ],
324 silly audit   '@types/react-dom': [ '19.2.3' ],
324 silly audit   '@typescript-eslint/eslint-plugin': [ '8.59.3' ],
324 silly audit   ignore: [ '7.0.5', '5.3.2' ],
324 silly audit   '@typescript-eslint/parser': [ '8.59.3' ],
324 silly audit   '@typescript-eslint/project-service': [ '8.59.3' ],
324 silly audit   '@typescript-eslint/scope-manager': [ '8.59.3' ],
324 silly audit   '@typescript-eslint/tsconfig-utils': [ '8.59.3' ],
324 silly audit   '@typescript-eslint/type-utils': [ '8.59.3' ],
324 silly audit   '@typescript-eslint/types': [ '8.59.3' ],
324 silly audit   '@typescript-eslint/typescript-estree': [ '8.59.3' ],
324 silly audit   'balanced-match': [ '4.0.4', '1.0.2' ],
324 silly audit   'brace-expansion': [ '5.0.6', '1.1.14' ],
324 silly audit   minimatch: [ '10.2.5', '3.1.5' ],
324 silly audit   semver: [ '7.8.0', '6.3.1' ],
324 silly audit   '@typescript-eslint/utils': [ '8.59.3' ],
324 silly audit   '@typescript-eslint/visitor-keys': [ '8.59.3' ],
324 silly audit   '@unpic/core': [ '1.0.3' ],
324 silly audit   '@unpic/react': [ '1.0.2' ],
324 silly audit   '@unrs/resolver-binding-android-arm-eabi': [ '1.11.1' ],
324 silly audit   '@unrs/resolver-binding-android-arm64': [ '1.11.1' ],
324 silly audit   '@unrs/resolver-binding-darwin-arm64': [ '1.11.1' ],
324 silly audit   '@unrs/resolver-binding-darwin-x64': [ '1.11.1' ],
324 silly audit   '@unrs/resolver-binding-freebsd-x64': [ '1.11.1' ],
324 silly audit   '@unrs/resolver-binding-linux-arm-gnueabihf': [ '1.11.1' ],
324 silly audit   '@unrs/resolver-binding-linux-arm-musleabihf': [ '1.11.1' ],
324 silly audit   '@unrs/resolver-binding-linux-arm64-gnu': [ '1.11.1' ],
324 silly audit   '@unrs/resolver-binding-linux-arm64-musl': [ '1.11.1' ],
324 silly audit   '@unrs/resolver-binding-linux-ppc64-gnu': [ '1.11.1' ],
324 silly audit   '@unrs/resolver-binding-linux-riscv64-gnu': [ '1.11.1' ],
324 silly audit   '@unrs/resolver-binding-linux-riscv64-musl': [ '1.11.1' ],
324 silly audit   '@unrs/resolver-binding-linux-s390x-gnu': [ '1.11.1' ],
324 silly audit   '@unrs/resolver-binding-linux-x64-gnu': [ '1.11.1' ],
324 silly audit   '@unrs/resolver-binding-linux-x64-musl': [ '1.11.1' ],
324 silly audit   '@unrs/resolver-binding-wasm32-wasi': [ '1.11.1' ],
324 silly audit   '@unrs/resolver-binding-win32-arm64-msvc': [ '1.11.1' ],
324 silly audit   '@unrs/resolver-binding-win32-ia32-msvc': [ '1.11.1' ],
324 silly audit   '@unrs/resolver-binding-win32-x64-msvc': [ '1.11.1' ],
324 silly audit   '@vercel/og': [ '0.8.6' ],
324 silly audit   '@vitejs/plugin-react': [ '6.0.2' ],
324 silly audit   '@vitejs/plugin-rsc': [ '0.5.26' ],
324 silly audit   '@webassemblyjs/ast': [ '1.14.1' ],
324 silly audit   '@webassemblyjs/floating-point-hex-parser': [ '1.13.2' ],
324 silly audit   '@webassemblyjs/helper-api-error': [ '1.13.2' ],
324 silly audit   '@webassemblyjs/helper-buffer': [ '1.14.1' ],
324 silly audit   '@webassemblyjs/helper-numbers': [ '1.13.2' ],
324 silly audit   '@webassemblyjs/helper-wasm-bytecode': [ '1.13.2' ],
324 silly audit   '@webassemblyjs/helper-wasm-section': [ '1.14.1' ],
324 silly audit   '@webassemblyjs/ieee754': [ '1.13.2' ],
324 silly audit   '@webassemblyjs/leb128': [ '1.13.2' ],
324 silly audit   '@webassemblyjs/utf8': [ '1.13.2' ],
324 silly audit   '@webassemblyjs/wasm-edit': [ '1.14.1' ],
324 silly audit   '@webassemblyjs/wasm-gen': [ '1.14.1' ],
324 silly audit   '@webassemblyjs/wasm-opt': [ '1.14.1' ],
324 silly audit   '@webassemblyjs/wasm-parser': [ '1.14.1' ],
324 silly audit   '@webassemblyjs/wast-printer': [ '1.14.1' ],
324 silly audit   '@xtuc/ieee754': [ '1.2.0' ],
324 silly audit   '@xtuc/long': [ '4.2.2' ],
324 silly audit   acorn: [ '8.16.0' ],
324 silly audit   'acorn-import-phases': [ '1.0.4' ],
324 silly audit   'acorn-jsx': [ '5.3.2' ],
324 silly audit   'acorn-loose': [ '8.5.2' ],
324 silly audit   ajv: [ '6.15.0', '8.20.0' ],
324 silly audit   'ajv-formats': [ '2.1.1' ],
324 silly audit   'json-schema-traverse': [ '1.0.0', '0.4.1' ],
324 silly audit   'ansi-styles': [ '4.3.0' ],
324 silly audit   argparse: [ '2.0.1' ],
324 silly audit   'aria-query': [ '5.3.2' ],
324 silly audit   'array-buffer-byte-length': [ '1.0.2' ],
324 silly audit   'array-includes': [ '3.1.9' ],
324 silly audit   'array.prototype.findlast': [ '1.2.5' ],
324 silly audit   'array.prototype.findlastindex': [ '1.2.6' ],
324 silly audit   'array.prototype.flat': [ '1.3.3' ],
324 silly audit   'array.prototype.flatmap': [ '1.3.3' ],
324 silly audit   'array.prototype.tosorted': [ '1.1.4' ],
324 silly audit   'arraybuffer.prototype.slice': [ '1.0.4' ],
324 silly audit   'ast-types-flow': [ '0.0.8' ],
324 silly audit   'async-function': [ '1.0.0' ],
324 silly audit   'available-typed-arrays': [ '1.0.7' ],
324 silly audit   'axe-core': [ '4.11.4' ],
324 silly audit   'axobject-query': [ '4.1.0' ],
324 silly audit   'base64-js': [ '0.0.8' ],
324 silly audit   'baseline-browser-mapping': [ '2.10.30' ],
324 silly audit   'blake3-wasm': [ '2.1.5' ],
324 silly audit   braces: [ '3.0.3' ],
324 silly audit   browserslist: [ '4.28.2' ],
324 silly audit   'buffer-from': [ '1.1.2' ],
324 silly audit   'call-bind': [ '1.0.9' ],
324 silly audit   'call-bind-apply-helpers': [ '1.0.2' ],
324 silly audit   'call-bound': [ '1.0.4' ],
324 silly audit   callsites: [ '3.1.0' ],
324 silly audit   camelize: [ '1.0.1' ],
324 silly audit   'caniuse-lite': [ '1.0.30001793' ],
324 silly audit   chalk: [ '4.1.2' ],
324 silly audit   'chrome-trace-event': [ '1.0.4' ],
324 silly audit   'client-only': [ '0.0.1' ],
324 silly audit   'color-convert': [ '2.0.1' ],
324 silly audit   'color-name': [ '1.1.4' ],
324 silly audit   commander: [ '2.20.3' ],
324 silly audit   'concat-map': [ '0.0.1' ],
324 silly audit   'convert-source-map': [ '2.0.0' ],
324 silly audit   cookie: [ '1.1.1' ],
324 silly audit   'cross-spawn': [ '7.0.6' ],
324 silly audit   'css-background-parser': [ '0.1.0' ],
324 silly audit   'css-box-shadow': [ '1.0.0-3' ],
324 silly audit   'css-color-keywords': [ '1.0.0' ],
324 silly audit   'css-gradient-parser': [ '0.0.16' ],
324 silly audit   'css-to-react-native': [ '3.2.0' ],
324 silly audit   csstype: [ '3.2.3' ],
324 silly audit   'damerau-levenshtein': [ '1.0.8' ],
324 silly audit   'data-view-buffer': [ '1.0.2' ],
324 silly audit   'data-view-byte-length': [ '1.0.2' ],
324 silly audit   'data-view-byte-offset': [ '1.0.1' ],
324 silly audit   debug: [ '4.4.3', '3.2.7' ],
324 silly audit   'deep-is': [ '0.1.4' ],
324 silly audit   'define-data-property': [ '1.1.4' ],
324 silly audit   'define-properties': [ '1.2.1' ],
324 silly audit   'detect-libc': [ '2.1.2' ],
324 silly audit   doctrine: [ '2.1.0' ],
324 silly audit   'drizzle-kit': [ '0.31.10' ],
324 silly audit   'drizzle-orm': [ '0.45.2' ],
324 silly audit   'dunder-proto': [ '1.0.1' ],
324 silly audit   'electron-to-chromium': [ '1.5.358' ],
324 silly audit   'emoji-regex': [ '9.2.2' ],
324 silly audit   'emoji-regex-xs': [ '2.0.1' ],
324 silly audit   'enhanced-resolve': [ '5.21.3' ],
324 silly audit   'error-stack-parser-es': [ '1.0.5' ],
324 silly audit   'es-abstract': [ '1.24.2' ],
324 silly audit   'es-define-property': [ '1.0.1' ],
324 silly audit   'es-errors': [ '1.3.0' ],
324 silly audit   'es-iterator-helpers': [ '1.3.2' ],
324 silly audit   'es-module-lexer': [ '2.1.0', '1.7.0' ],
324 silly audit   'es-object-atoms': [ '1.1.1' ],
324 silly audit   'es-set-tostringtag': [ '2.1.0' ],
324 silly audit   'es-shim-unscopables': [ '1.1.0' ],
324 silly audit   'es-to-primitive': [ '1.3.0' ],
324 silly audit   escalade: [ '3.2.0' ],
324 silly audit   'escape-html': [ '1.0.3' ],
324 silly audit   'escape-string-regexp': [ '4.0.0' ],
324 silly audit   eslint: [ '9.39.4' ],
324 silly audit   'eslint-config-next': [ '16.2.6' ],
324 silly audit   globals: [ '16.4.0', '14.0.0' ],
324 silly audit   'eslint-import-resolver-node': [ '0.3.10' ],
324 silly audit   'eslint-import-resolver-typescript': [ '3.10.1' ],
324 silly audit   'eslint-module-utils': [ '2.12.1' ],
324 silly audit   'eslint-plugin-import': [ '2.32.0' ],
324 silly audit   'eslint-plugin-jsx-a11y': [ '6.10.2' ],
324 silly audit   'eslint-plugin-react': [ '7.37.5' ],
324 silly audit   'eslint-plugin-react-hooks': [ '7.1.1' ],
324 silly audit   'eslint-scope': [ '8.4.0', '5.1.1' ],
324 silly audit   espree: [ '10.4.0' ],
324 silly audit   esquery: [ '1.7.0' ],
324 silly audit   esrecurse: [ '4.3.0' ],
324 silly audit   estraverse: [ '5.3.0', '4.3.0' ],
324 silly audit   'estree-walker': [ '3.0.3' ],
324 silly audit   esutils: [ '2.0.3' ],
324 silly audit   events: [ '3.3.0' ],
324 silly audit   'fast-deep-equal': [ '3.1.3' ],
324 silly audit   'fast-glob': [ '3.3.1', '3.3.3' ],
324 silly audit   'glob-parent': [ '5.1.2', '6.0.2' ],
324 silly audit   'fast-json-stable-stringify': [ '2.1.0' ],
324 silly audit   'fast-levenshtein': [ '2.0.6' ],
324 silly audit   'fast-uri': [ '3.1.2' ],
324 silly audit   fastq: [ '1.20.1' ],
324 silly audit   fflate: [ '0.7.4' ],
324 silly audit   'file-entry-cache': [ '8.0.0' ],
324 silly audit   'fill-range': [ '7.1.1' ],
324 silly audit   'find-up': [ '5.0.0' ],
324 silly audit   'flat-cache': [ '4.0.1' ],
324 silly audit   flatted: [ '3.4.2' ],
324 silly audit   'for-each': [ '0.3.5' ],
324 silly audit   fsevents: [ '2.3.3' ],
324 silly audit   'function-bind': [ '1.1.2' ],
324 silly audit   'function.prototype.name': [ '1.1.8' ],
324 silly audit   'functions-have-names': [ '1.2.3' ],
324 silly audit   'generator-function': [ '2.0.1' ],
324 silly audit   gensync: [ '1.0.0-beta.2' ],
324 silly audit   'get-intrinsic': [ '1.3.0' ],
324 silly audit   'get-proto': [ '1.0.1' ],
324 silly audit   'get-symbol-description': [ '1.1.0' ],
324 silly audit   'get-tsconfig': [ '4.14.0' ],
324 silly audit   'glob-to-regexp': [ '0.4.1' ],
324 silly audit   globalthis: [ '1.0.4' ],
324 silly audit   globrex: [ '0.1.2' ],
324 silly audit   gopd: [ '1.2.0' ],
324 silly audit   'graceful-fs': [ '4.2.11' ],
324 silly audit   'has-bigints': [ '1.1.0' ],
324 silly audit   'has-flag': [ '4.0.0' ],
324 silly audit   'has-property-descriptors': [ '1.0.2' ],
324 silly audit   'has-proto': [ '1.2.0' ],
324 silly audit   'has-symbols': [ '1.1.0' ],
324 silly audit   'has-tostringtag': [ '1.0.2' ],
324 silly audit   hasown: [ '2.0.3' ],
324 silly audit   'hermes-estree': [ '0.25.1' ],
324 silly audit   'hermes-parser': [ '0.25.1' ],
324 silly audit   'hex-rgb': [ '4.3.0' ],
324 silly audit   'image-size': [ '2.0.2' ],
324 silly audit   'import-fresh': [ '3.3.1' ],
324 silly audit   imurmurhash: [ '0.1.4' ],
324 silly audit   'internal-slot': [ '1.1.0' ],
324 silly audit   'ipaddr.js': [ '2.4.0' ],
324 silly audit   'is-array-buffer': [ '3.0.5' ],
324 silly audit   'is-async-function': [ '2.1.1' ],
324 silly audit   'is-bigint': [ '1.1.0' ],
324 silly audit   'is-boolean-object': [ '1.2.2' ],
324 silly audit   'is-bun-module': [ '2.0.0' ],
324 silly audit   'is-callable': [ '1.2.7' ],
324 silly audit   'is-core-module': [ '2.16.2' ],
324 silly audit   'is-data-view': [ '1.0.2' ],
324 silly audit   'is-date-object': [ '1.1.0' ],
324 silly audit   'is-extglob': [ '2.1.1' ],
324 silly audit   'is-finalizationregistry': [ '1.1.1' ],
324 silly audit   'is-generator-function': [ '1.1.2' ],
324 silly audit   'is-glob': [ '4.0.3' ],
324 silly audit   'is-map': [ '2.0.3' ],
324 silly audit   'is-negative-zero': [ '2.0.3' ],
324 silly audit   'is-number': [ '7.0.0' ],
324 silly audit   'is-number-object': [ '1.1.1' ],
324 silly audit   'is-regex': [ '1.2.1' ],
324 silly audit   'is-set': [ '2.0.3' ],
324 silly audit   'is-shared-array-buffer': [ '1.0.4' ],
324 silly audit   'is-string': [ '1.1.1' ],
324 silly audit   'is-symbol': [ '1.1.1' ],
324 silly audit   'is-typed-array': [ '1.1.15' ],
324 silly audit   'is-weakmap': [ '2.0.2' ],
324 silly audit   'is-weakref': [ '1.1.1' ],
324 silly audit   'is-weakset': [ '2.0.4' ],
324 silly audit   isarray: [ '2.0.5' ],
324 silly audit   isexe: [ '2.0.0' ],
324 silly audit   'iterator.prototype': [ '1.1.5' ],
324 silly audit   'jest-worker': [ '27.5.1' ],
324 silly audit   jiti: [ '2.7.0' ],
324 silly audit   'js-tokens': [ '4.0.0', '9.0.1' ],
324 silly audit   'js-yaml': [ '4.1.1' ],
324 silly audit   jsesc: [ '3.1.0' ],
324 silly audit   'json-buffer': [ '3.0.1' ],
324 silly audit   'json-stable-stringify-without-jsonify': [ '1.0.1' ],
324 silly audit   json5: [ '2.2.3', '1.0.2' ],
324 silly audit   'jsx-ast-utils': [ '3.3.5' ],
324 silly audit   keyv: [ '4.5.4' ],
324 silly audit   kleur: [ '4.1.5' ],
324 silly audit   'language-subtag-registry': [ '0.3.23' ],
324 silly audit   'language-tags': [ '1.0.9' ],
324 silly audit   levn: [ '0.4.1' ],
324 silly audit   lightningcss: [ '1.31.1', '1.32.0' ],
324 silly audit   'lightningcss-android-arm64': [ '1.31.1', '1.32.0' ],
324 silly audit   'lightningcss-darwin-arm64': [ '1.31.1', '1.32.0' ],
324 silly audit   'lightningcss-darwin-x64': [ '1.31.1', '1.32.0' ],
324 silly audit   'lightningcss-freebsd-x64': [ '1.31.1', '1.32.0' ],
324 silly audit   'lightningcss-linux-arm-gnueabihf': [ '1.31.1', '1.32.0' ],
324 silly audit   'lightningcss-linux-arm64-gnu': [ '1.31.1', '1.32.0' ],
324 silly audit   'lightningcss-linux-arm64-musl': [ '1.31.1', '1.32.0' ],
324 silly audit   'lightningcss-linux-x64-gnu': [ '1.31.1', '1.32.0' ],
324 silly audit   'lightningcss-linux-x64-musl': [ '1.31.1', '1.32.0' ],
324 silly audit   'lightningcss-win32-arm64-msvc': [ '1.31.1', '1.32.0' ],
324 silly audit   'lightningcss-win32-x64-msvc': [ '1.31.1', '1.32.0' ],
324 silly audit   linebreak: [ '1.1.0' ],
324 silly audit   'loader-runner': [ '4.3.2' ],
324 silly audit   'locate-path': [ '6.0.0' ],
324 silly audit   'lodash.merge': [ '4.6.2' ],
324 silly audit   'loose-envify': [ '1.4.0' ],
324 silly audit   'lru-cache': [ '5.1.1' ],
324 silly audit   'magic-string': [ '0.30.21' ],
324 silly audit   'math-intrinsics': [ '1.1.0' ],
324 silly audit   'merge-stream': [ '2.0.0' ],
324 silly audit   merge2: [ '1.4.1' ],
324 silly audit   micromatch: [ '4.0.8' ],
324 silly audit   'mime-db': [ '1.54.0' ],
324 silly audit   miniflare: [ '4.20260515.0' ],
324 silly audit   minimist: [ '1.2.8' ],
324 silly audit   ms: [ '2.1.3' ],
324 silly audit   nanoid: [ '3.3.12' ],
324 silly audit   'napi-postinstall': [ '0.3.4' ],
324 silly audit   'natural-compare': [ '1.4.0' ],
324 silly audit   'neo-async': [ '2.6.2' ],
324 silly audit   next: [ '16.2.6' ],
324 silly audit   postcss: [ '8.4.31', '8.5.14' ],
324 silly audit   'node-exports-info': [ '1.6.0' ],
324 silly audit   'node-releases': [ '2.0.44' ],
324 silly audit   'object-assign': [ '4.1.1' ],
324 silly audit   'object-inspect': [ '1.13.4' ],
324 silly audit   'object-keys': [ '1.1.1' ],
324 silly audit   'object.assign': [ '4.1.7' ],
324 silly audit   'object.entries': [ '1.1.9' ],
324 silly audit   'object.fromentries': [ '2.0.8' ],
324 silly audit   'object.groupby': [ '1.0.3' ],
324 silly audit   'object.values': [ '1.2.1' ],
324 silly audit   optionator: [ '0.9.4' ],
324 silly audit   'own-keys': [ '1.0.1' ],
324 silly audit   'p-limit': [ '3.1.0' ],
324 silly audit   'p-locate': [ '5.0.0' ],
324 silly audit   pako: [ '0.2.9' ],
324 silly audit   'parent-module': [ '1.0.1' ],
324 silly audit   'parse-css-color': [ '0.2.1' ],
324 silly audit   'path-exists': [ '4.0.0' ],
324 silly audit   'path-key': [ '3.1.1' ],
324 silly audit   'path-parse': [ '1.0.7' ],
324 silly audit   'path-to-regexp': [ '6.3.0' ],
324 silly audit   pathe: [ '2.0.3' ],
324 silly audit   picocolors: [ '1.1.1' ],
324 silly audit   picomatch: [ '2.3.2', '4.0.4' ],
324 silly audit   'possible-typed-array-names': [ '1.1.0' ],
324 silly audit   'postcss-value-parser': [ '4.2.0' ],
324 silly audit   'prelude-ls': [ '1.2.1' ],
324 silly audit   'prop-types': [ '15.8.1' ],
324 silly audit   punycode: [ '2.3.1' ],
324 silly audit   'queue-microtask': [ '1.2.3' ],
324 silly audit   react: [ '19.2.6' ],
324 silly audit   'react-dom': [ '19.2.6' ],
324 silly audit   'react-is': [ '16.13.1' ],
324 silly audit   'react-server-dom-webpack': [ '19.2.6' ],
324 silly audit   'reflect.getprototypeof': [ '1.0.10' ],
324 silly audit   'regexp.prototype.flags': [ '1.5.4' ],
324 silly audit   'require-from-string': [ '2.0.2' ],
324 silly audit   resolve: [ '2.0.0-next.7' ],
324 silly audit   'resolve-from': [ '4.0.0' ],
324 silly audit   'resolve-pkg-maps': [ '1.0.0' ],
324 silly audit   reusify: [ '1.1.0' ],
324 silly audit   rolldown: [ '1.0.1' ],
324 silly audit   'run-parallel': [ '1.2.0' ],
324 silly audit   'safe-array-concat': [ '1.1.4' ],
324 silly audit   'safe-push-apply': [ '1.0.0' ],
324 silly audit   'safe-regex-test': [ '1.1.0' ],
324 silly audit   satori: [ '0.16.0' ],
324 silly audit   scheduler: [ '0.27.0' ],
324 silly audit   'schema-utils': [ '4.3.3' ],
324 silly audit   'ajv-keywords': [ '5.1.0' ],
324 silly audit   'set-function-length': [ '1.2.2' ],
324 silly audit   'set-function-name': [ '2.0.2' ],
324 silly audit   'set-proto': [ '1.0.0' ],
324 silly audit   sharp: [ '0.34.5' ],
324 silly audit   'shebang-command': [ '2.0.0' ],
324 silly audit   'shebang-regex': [ '3.0.0' ],
324 silly audit   'side-channel': [ '1.1.0' ],
324 silly audit   'side-channel-list': [ '1.0.1' ],
324 silly audit   'side-channel-map': [ '1.0.1' ],
324 silly audit   'side-channel-weakmap': [ '1.0.2' ],
324 silly audit   'source-map': [ '0.6.1' ],
324 silly audit   'source-map-js': [ '1.2.1' ],
324 silly audit   'source-map-support': [ '0.5.21' ],
324 silly audit   srvx: [ '0.11.15' ],
324 silly audit   'stable-hash': [ '0.0.5' ],
324 silly audit   'stop-iteration-iterator': [ '1.1.0' ],
324 silly audit   'string.prototype.codepointat': [ '0.2.1' ],
324 silly audit   'string.prototype.includes': [ '2.0.1' ],
324 silly audit   'string.prototype.matchall': [ '4.0.12' ],
324 silly audit   'string.prototype.repeat': [ '1.0.0' ],
324 silly audit   'string.prototype.trim': [ '1.2.10' ],
324 silly audit   'string.prototype.trimend': [ '1.0.9' ],
324 silly audit   'string.prototype.trimstart': [ '1.0.8' ],
324 silly audit   'strip-bom': [ '3.0.0' ],
324 silly audit   'strip-json-comments': [ '3.1.1' ],
324 silly audit   'strip-literal': [ '3.1.0' ],
324 silly audit   'styled-jsx': [ '5.1.6' ],
324 silly audit   'supports-preserve-symlinks-flag': [ '1.0.0' ],
324 silly audit   tailwindcss: [ '4.2.1' ],
324 silly audit   tapable: [ '2.3.3' ],
324 silly audit   terser: [ '5.47.1' ],
324 silly audit   'terser-webpack-plugin': [ '5.6.0' ],
324 silly audit   'tiny-inflate': [ '1.0.3' ],
324 silly audit   tinyglobby: [ '0.2.16' ],
324 silly audit   fdir: [ '6.5.0' ],
324 silly audit   'to-regex-range': [ '5.0.1' ],
324 silly audit   'ts-api-utils': [ '2.5.0' ],
324 silly audit   tsconfck: [ '3.1.6' ],
324 silly audit   'tsconfig-paths': [ '3.15.0' ],
324 silly audit   tsx: [ '4.22.1' ],
324 silly audit   'turbo-stream': [ '3.2.0' ],
324 silly audit   'type-check': [ '0.4.0' ],
324 silly audit   'typed-array-buffer': [ '1.0.3' ],
324 silly audit   'typed-array-byte-length': [ '1.0.3' ],
324 silly audit   'typed-array-byte-offset': [ '1.0.4' ],
324 silly audit   'typed-array-length': [ '1.0.7' ],
324 silly audit   typescript: [ '5.9.3' ],
324 silly audit   'typescript-eslint': [ '8.59.3' ],
324 silly audit   'unbox-primitive': [ '1.1.0' ],
324 silly audit   undici: [ '7.24.8' ],
324 silly audit   'undici-types': [ '6.21.0' ],
324 silly audit   unenv: [ '2.0.0-rc.24' ],
324 silly audit   'unicode-trie': [ '2.0.0' ],
324 silly audit   unpic: [ '4.2.2' ],
324 silly audit   'unrs-resolver': [ '1.11.1' ],
324 silly audit   'update-browserslist-db': [ '1.2.3' ],
324 silly audit   'uri-js': [ '4.4.1' ],
324 silly audit   vinext: [ '0.0.50' ],
324 silly audit   vite: [ '8.0.13' ],
324 silly audit   'vite-plugin-commonjs': [ '0.10.4' ],
324 silly audit   'vite-plugin-dynamic-import': [ '1.6.0' ],
324 silly audit   'vite-tsconfig-paths': [ '6.1.1' ],
324 silly audit   vitefu: [ '1.1.3' ],
324 silly audit   watchpack: [ '2.5.1' ],
324 silly audit   'web-vitals': [ '4.2.4' ],
324 silly audit   webpack: [ '5.106.2' ],
324 silly audit   'webpack-sources': [ '3.4.1' ],
324 silly audit   which: [ '2.0.2' ],
324 silly audit   'which-boxed-primitive': [ '1.1.1' ],
324 silly audit   'which-builtin-type': [ '1.2.1' ],
324 silly audit   'which-collection': [ '1.0.2' ],
324 silly audit   'which-typed-array': [ '1.1.20' ],
324 silly audit   'word-wrap': [ '1.2.5' ],
324 silly audit   workerd: [ '1.20260515.1' ],
324 silly audit   wrangler: [ '4.92.0' ],
324 silly audit   ws: [ '8.18.0' ],
324 silly audit   yallist: [ '3.1.1' ],
324 silly audit   'yocto-queue': [ '0.1.0' ],
324 silly audit   'yoga-layout': [ '3.2.1' ],
324 silly audit   youch: [ '4.1.0-beta.10' ],
324 silly audit   'youch-core': [ '0.3.3' ],
324 silly audit   zod: [ '4.4.3' ],
324 silly audit   'zod-validation-error': [ '4.0.2' ],
324 silly audit   '@tailwindcss/oxide-wasm32-wasi': [ '4.2.1' ]
324 silly audit }
325 verbose reify failed optional dependency D:\programas\Projetos de programação\Afiliados Netbox\Site institucional - Netbox\node_modules\@esbuild-kit\core-utils\node_modules\@esbuild\win32-ia32
326 silly reify mark deleted [
326 silly reify   'D:\\programas\\Projetos de programação\\Afiliados Netbox\\Site institucional - Netbox\\node_modules\\@esbuild-kit\\core-utils\\node_modules\\@esbuild\\win32-ia32'
326 silly reify ]
327 verbose reify failed optional dependency D:\programas\Projetos de programação\Afiliados Netbox\Site institucional - Netbox\node_modules\@esbuild-kit\core-utils\node_modules\@esbuild\sunos-x64
328 silly reify mark deleted [
328 silly reify   'D:\\programas\\Projetos de programação\\Afiliados Netbox\\Site institucional - Netbox\\node_modules\\@esbuild-kit\\core-utils\\node_modules\\@esbuild\\sunos-x64'
328 silly reify ]
329 verbose reify failed optional dependency D:\programas\Projetos de programação\Afiliados Netbox\Site institucional - Netbox\node_modules\@esbuild-kit\core-utils\node_modules\@esbuild\win32-arm64
330 silly reify mark deleted [
330 silly reify   'D:\\programas\\Projetos de programação\\Afiliados Netbox\\Site institucional - Netbox\\node_modules\\@esbuild-kit\\core-utils\\node_modules\\@esbuild\\win32-arm64'
330 silly reify ]
331 verbose reify failed optional dependency D:\programas\Projetos de programação\Afiliados Netbox\Site institucional - Netbox\node_modules\@esbuild-kit\core-utils\node_modules\@esbuild\netbsd-x64
332 silly reify mark deleted [
332 silly reify   'D:\\programas\\Projetos de programação\\Afiliados Netbox\\Site institucional - Netbox\\node_modules\\@esbuild-kit\\core-utils\\node_modules\\@esbuild\\netbsd-x64'
332 silly reify ]
333 verbose reify failed optional dependency D:\programas\Projetos de programação\Afiliados Netbox\Site institucional - Netbox\node_modules\@esbuild-kit\core-utils\node_modules\@esbuild\linux-x64
334 silly reify mark deleted [
334 silly reify   'D:\\programas\\Projetos de programação\\Afiliados Netbox\\Site institucional - Netbox\\node_modules\\@esbuild-kit\\core-utils\\node_modules\\@esbuild\\linux-x64'
334 silly reify ]
335 verbose reify failed optional dependency D:\programas\Projetos de programação\Afiliados Netbox\Site institucional - Netbox\node_modules\@esbuild-kit\core-utils\node_modules\@esbuild\openbsd-x64
336 silly reify mark deleted [
336 silly reify   'D:\\programas\\Projetos de programação\\Afiliados Netbox\\Site institucional - Netbox\\node_modules\\@esbuild-kit\\core-utils\\node_modules\\@esbuild\\openbsd-x64'
336 silly reify ]
337 verbose reify failed optional dependency D:\programas\Projetos de programação\Afiliados Netbox\Site institucional - Netbox\node_modules\@esbuild-kit\core-utils\node_modules\@esbuild\linux-s390x
338 silly reify mark deleted [
338 silly reify   'D:\\programas\\Projetos de programação\\Afiliados Netbox\\Site institucional - Netbox\\node_modules\\@esbuild-kit\\core-utils\\node_modules\\@esbuild\\linux-s390x'
338 silly reify ]
339 verbose reify failed optional dependency D:\programas\Projetos de programação\Afiliados Netbox\Site institucional - Netbox\node_modules\@esbuild-kit\core-utils\node_modules\@esbuild\linux-riscv64
340 silly reify mark deleted [
340 silly reify   'D:\\programas\\Projetos de programação\\Afiliados Netbox\\Site institucional - Netbox\\node_modules\\@esbuild-kit\\core-utils\\node_modules\\@esbuild\\linux-riscv64'
340 silly reify ]
341 verbose reify failed optional dependency D:\programas\Projetos de programação\Afiliados Netbox\Site institucional - Netbox\node_modules\@esbuild-kit\core-utils\node_modules\@esbuild\linux-mips64el
342 silly reify mark deleted [
342 silly reify   'D:\\programas\\Projetos de programação\\Afiliados Netbox\\Site institucional - Netbox\\node_modules\\@esbuild-kit\\core-utils\\node_modules\\@esbuild\\linux-mips64el'
342 silly reify ]
343 verbose reify failed optional dependency D:\programas\Projetos de programação\Afiliados Netbox\Site institucional - Netbox\node_modules\@esbuild-kit\core-utils\node_modules\@esbuild\linux-ia32
344 silly reify mark deleted [
344 silly reify   'D:\\programas\\Projetos de programação\\Afiliados Netbox\\Site institucional - Netbox\\node_modules\\@esbuild-kit\\core-utils\\node_modules\\@esbuild\\linux-ia32'
344 silly reify ]
345 verbose reify failed optional dependency D:\programas\Projetos de programação\Afiliados Netbox\Site institucional - Netbox\node_modules\@esbuild-kit\core-utils\node_modules\@esbuild\linux-loong64
346 silly reify mark deleted [
346 silly reify   'D:\\programas\\Projetos de programação\\Afiliados Netbox\\Site institucional - Netbox\\node_modules\\@esbuild-kit\\core-utils\\node_modules\\@esbuild\\linux-loong64'
346 silly reify ]
347 verbose reify failed optional dependency D:\programas\Projetos de programação\Afiliados Netbox\Site institucional - Netbox\node_modules\@esbuild-kit\core-utils\node_modules\@esbuild\linux-ppc64
348 silly reify mark deleted [
348 silly reify   'D:\\programas\\Projetos de programação\\Afiliados Netbox\\Site institucional - Netbox\\node_modules\\@esbuild-kit\\core-utils\\node_modules\\@esbuild\\linux-ppc64'
348 silly reify ]
349 verbose reify failed optional dependency D:\programas\Projetos de programação\Afiliados Netbox\Site institucional - Netbox\node_modules\@esbuild-kit\core-utils\node_modules\@esbuild\linux-arm
350 silly reify mark deleted [
350 silly reify   'D:\\programas\\Projetos de programação\\Afiliados Netbox\\Site institucional - Netbox\\node_modules\\@esbuild-kit\\core-utils\\node_modules\\@esbuild\\linux-arm'
350 silly reify ]
351 verbose reify failed optional dependency D:\programas\Projetos de programação\Afiliados Netbox\Site institucional - Netbox\node_modules\@esbuild-kit\core-utils\node_modules\@esbuild\freebsd-arm64
352 silly reify mark deleted [
352 silly reify   'D:\\programas\\Projetos de programação\\Afiliados Netbox\\Site institucional - Netbox\\node_modules\\@esbuild-kit\\core-utils\\node_modules\\@esbuild\\freebsd-arm64'
352 silly reify ]
353 verbose reify failed optional dependency D:\programas\Projetos de programação\Afiliados Netbox\Site institucional - Netbox\node_modules\@esbuild-kit\core-utils\node_modules\@esbuild\linux-arm64
354 silly reify mark deleted [
354 silly reify   'D:\\programas\\Projetos de programação\\Afiliados Netbox\\Site institucional - Netbox\\node_modules\\@esbuild-kit\\core-utils\\node_modules\\@esbuild\\linux-arm64'
354 silly reify ]
355 verbose reify failed optional dependency D:\programas\Projetos de programação\Afiliados Netbox\Site institucional - Netbox\node_modules\@esbuild-kit\core-utils\node_modules\@esbuild\freebsd-x64
356 silly reify mark deleted [
356 silly reify   'D:\\programas\\Projetos de programação\\Afiliados Netbox\\Site institucional - Netbox\\node_modules\\@esbuild-kit\\core-utils\\node_modules\\@esbuild\\freebsd-x64'
356 silly reify ]
357 verbose reify failed optional dependency D:\programas\Projetos de programação\Afiliados Netbox\Site institucional - Netbox\node_modules\@esbuild-kit\core-utils\node_modules\@esbuild\darwin-x64
358 silly reify mark deleted [
358 silly reify   'D:\\programas\\Projetos de programação\\Afiliados Netbox\\Site institucional - Netbox\\node_modules\\@esbuild-kit\\core-utils\\node_modules\\@esbuild\\darwin-x64'
358 silly reify ]
359 verbose reify failed optional dependency D:\programas\Projetos de programação\Afiliados Netbox\Site institucional - Netbox\node_modules\@esbuild-kit\core-utils\node_modules\@esbuild\android-x64
360 silly reify mark deleted [
360 silly reify   'D:\\programas\\Projetos de programação\\Afiliados Netbox\\Site institucional - Netbox\\node_modules\\@esbuild-kit\\core-utils\\node_modules\\@esbuild\\android-x64'
360 silly reify ]
361 verbose reify failed optional dependency D:\programas\Projetos de programação\Afiliados Netbox\Site institucional - Netbox\node_modules\@esbuild-kit\core-utils\node_modules\@esbuild\android-arm
362 silly reify mark deleted [
362 silly reify   'D:\\programas\\Projetos de programação\\Afiliados Netbox\\Site institucional - Netbox\\node_modules\\@esbuild-kit\\core-utils\\node_modules\\@esbuild\\android-arm'
362 silly reify ]
363 verbose reify failed optional dependency D:\programas\Projetos de programação\Afiliados Netbox\Site institucional - Netbox\node_modules\@esbuild-kit\core-utils\node_modules\@esbuild\android-arm64
364 silly reify mark deleted [
364 silly reify   'D:\\programas\\Projetos de programação\\Afiliados Netbox\\Site institucional - Netbox\\node_modules\\@esbuild-kit\\core-utils\\node_modules\\@esbuild\\android-arm64'
364 silly reify ]
365 verbose reify failed optional dependency D:\programas\Projetos de programação\Afiliados Netbox\Site institucional - Netbox\node_modules\@esbuild-kit\core-utils\node_modules\@esbuild\darwin-arm64
366 silly reify mark deleted [
366 silly reify   'D:\\programas\\Projetos de programação\\Afiliados Netbox\\Site institucional - Netbox\\node_modules\\@esbuild-kit\\core-utils\\node_modules\\@esbuild\\darwin-arm64'
366 silly reify ]
367 verbose reify failed optional dependency D:\programas\Projetos de programação\Afiliados Netbox\Site institucional - Netbox\node_modules\@unrs\resolver-binding-win32-ia32-msvc
368 silly reify mark deleted [
368 silly reify   'D:\\programas\\Projetos de programação\\Afiliados Netbox\\Site institucional - Netbox\\node_modules\\@unrs\\resolver-binding-win32-ia32-msvc'
368 silly reify ]
369 verbose reify failed optional dependency D:\programas\Projetos de programação\Afiliados Netbox\Site institucional - Netbox\node_modules\@unrs\resolver-binding-win32-arm64-msvc
370 silly reify mark deleted [
370 silly reify   'D:\\programas\\Projetos de programação\\Afiliados Netbox\\Site institucional - Netbox\\node_modules\\@unrs\\resolver-binding-win32-arm64-msvc'
370 silly reify ]
371 verbose reify failed optional dependency D:\programas\Projetos de programação\Afiliados Netbox\Site institucional - Netbox\node_modules\@unrs\resolver-binding-wasm32-wasi
372 silly reify mark deleted [
372 silly reify   'D:\\programas\\Projetos de programação\\Afiliados Netbox\\Site institucional - Netbox\\node_modules\\@unrs\\resolver-binding-wasm32-wasi'
372 silly reify ]
373 verbose reify failed optional dependency D:\programas\Projetos de programação\Afiliados Netbox\Site institucional - Netbox\node_modules\@napi-rs\wasm-runtime
374 silly reify mark deleted [
374 silly reify   'D:\\programas\\Projetos de programação\\Afiliados Netbox\\Site institucional - Netbox\\node_modules\\@napi-rs\\wasm-runtime'
374 silly reify ]
375 verbose reify failed optional dependency D:\programas\Projetos de programação\Afiliados Netbox\Site institucional - Netbox\node_modules\@unrs\resolver-binding-linux-x64-musl
376 silly reify mark deleted [
376 silly reify   'D:\\programas\\Projetos de programação\\Afiliados Netbox\\Site institucional - Netbox\\node_modules\\@unrs\\resolver-binding-linux-x64-musl'
376 silly reify ]
377 verbose reify failed optional dependency D:\programas\Projetos de programação\Afiliados Netbox\Site institucional - Netbox\node_modules\@unrs\resolver-binding-linux-x64-gnu
378 silly reify mark deleted [
378 silly reify   'D:\\programas\\Projetos de programação\\Afiliados Netbox\\Site institucional - Netbox\\node_modules\\@unrs\\resolver-binding-linux-x64-gnu'
378 silly reify ]
379 verbose reify failed optional dependency D:\programas\Projetos de programação\Afiliados Netbox\Site institucional - Netbox\node_modules\@unrs\resolver-binding-linux-s390x-gnu
380 silly reify mark deleted [
380 silly reify   'D:\\programas\\Projetos de programação\\Afiliados Netbox\\Site institucional - Netbox\\node_modules\\@unrs\\resolver-binding-linux-s390x-gnu'
380 silly reify ]
381 verbose reify failed optional dependency D:\programas\Projetos de programação\Afiliados Netbox\Site institucional - Netbox\node_modules\@unrs\resolver-binding-linux-riscv64-musl
382 silly reify mark deleted [
382 silly reify   'D:\\programas\\Projetos de programação\\Afiliados Netbox\\Site institucional - Netbox\\node_modules\\@unrs\\resolver-binding-linux-riscv64-musl'
382 silly reify ]
383 verbose reify failed optional dependency D:\programas\Projetos de programação\Afiliados Netbox\Site institucional - Netbox\node_modules\@unrs\resolver-binding-linux-arm64-musl
384 silly reify mark deleted [
384 silly reify   'D:\\programas\\Projetos de programação\\Afiliados Netbox\\Site institucional - Netbox\\node_modules\\@unrs\\resolver-binding-linux-arm64-musl'
384 silly reify ]
385 verbose reify failed optional dependency D:\programas\Projetos de programação\Afiliados Netbox\Site institucional - Netbox\node_modules\@unrs\resolver-binding-linux-riscv64-gnu
386 silly reify mark deleted [
386 silly reify   'D:\\programas\\Projetos de programação\\Afiliados Netbox\\Site institucional - Netbox\\node_modules\\@unrs\\resolver-binding-linux-riscv64-gnu'
386 silly reify ]
387 verbose reify failed optional dependency D:\programas\Projetos de programação\Afiliados Netbox\Site institucional - Netbox\node_modules\@unrs\resolver-binding-linux-arm64-gnu
388 silly reify mark deleted [
388 silly reify   'D:\\programas\\Projetos de programação\\Afiliados Netbox\\Site institucional - Netbox\\node_modules\\@unrs\\resolver-binding-linux-arm64-gnu'
388 silly reify ]
389 verbose reify failed optional dependency D:\programas\Projetos de programação\Afiliados Netbox\Site institucional - Netbox\node_modules\@unrs\resolver-binding-linux-ppc64-gnu
390 silly reify mark deleted [
390 silly reify   'D:\\programas\\Projetos de programação\\Afiliados Netbox\\Site institucional - Netbox\\node_modules\\@unrs\\resolver-binding-linux-ppc64-gnu'
390 silly reify ]
391 verbose reify failed optional dependency D:\programas\Projetos de programação\Afiliados Netbox\Site institucional - Netbox\node_modules\@unrs\resolver-binding-linux-arm-gnueabihf
392 silly reify mark deleted [
392 silly reify   'D:\\programas\\Projetos de programação\\Afiliados Netbox\\Site institucional - Netbox\\node_modules\\@unrs\\resolver-binding-linux-arm-gnueabihf'
392 silly reify ]
393 verbose reify failed optional dependency D:\programas\Projetos de programação\Afiliados Netbox\Site institucional - Netbox\node_modules\@unrs\resolver-binding-darwin-x64
394 silly reify mark deleted [
394 silly reify   'D:\\programas\\Projetos de programação\\Afiliados Netbox\\Site institucional - Netbox\\node_modules\\@unrs\\resolver-binding-darwin-x64'
394 silly reify ]
395 verbose reify failed optional dependency D:\programas\Projetos de programação\Afiliados Netbox\Site institucional - Netbox\node_modules\@unrs\resolver-binding-linux-arm-musleabihf
396 silly reify mark deleted [
396 silly reify   'D:\\programas\\Projetos de programação\\Afiliados Netbox\\Site institucional - Netbox\\node_modules\\@unrs\\resolver-binding-linux-arm-musleabihf'
396 silly reify ]
397 verbose reify failed optional dependency D:\programas\Projetos de programação\Afiliados Netbox\Site institucional - Netbox\node_modules\@unrs\resolver-binding-darwin-arm64
398 silly reify mark deleted [
398 silly reify   'D:\\programas\\Projetos de programação\\Afiliados Netbox\\Site institucional - Netbox\\node_modules\\@unrs\\resolver-binding-darwin-arm64'
398 silly reify ]
399 verbose reify failed optional dependency D:\programas\Projetos de programação\Afiliados Netbox\Site institucional - Netbox\node_modules\@unrs\resolver-binding-freebsd-x64
400 silly reify mark deleted [
400 silly reify   'D:\\programas\\Projetos de programação\\Afiliados Netbox\\Site institucional - Netbox\\node_modules\\@unrs\\resolver-binding-freebsd-x64'
400 silly reify ]
401 verbose reify failed optional dependency D:\programas\Projetos de programação\Afiliados Netbox\Site institucional - Netbox\node_modules\@unrs\resolver-binding-android-arm64
402 silly reify mark deleted [
402 silly reify   'D:\\programas\\Projetos de programação\\Afiliados Netbox\\Site institucional - Netbox\\node_modules\\@unrs\\resolver-binding-android-arm64'
402 silly reify ]
403 verbose reify failed optional dependency D:\programas\Projetos de programação\Afiliados Netbox\Site institucional - Netbox\node_modules\@unrs\resolver-binding-android-arm-eabi
404 silly reify mark deleted [
404 silly reify   'D:\\programas\\Projetos de programação\\Afiliados Netbox\\Site institucional - Netbox\\node_modules\\@unrs\\resolver-binding-android-arm-eabi'
404 silly reify ]
405 verbose reify failed optional dependency D:\programas\Projetos de programação\Afiliados Netbox\Site institucional - Netbox\node_modules\@tailwindcss\oxide-win32-arm64-msvc
406 silly reify mark deleted [
406 silly reify   'D:\\programas\\Projetos de programação\\Afiliados Netbox\\Site institucional - Netbox\\node_modules\\@tailwindcss\\oxide-win32-arm64-msvc'
406 silly reify ]
407 verbose reify failed optional dependency D:\programas\Projetos de programação\Afiliados Netbox\Site institucional - Netbox\node_modules\@tailwindcss\oxide-linux-x64-musl
408 silly reify mark deleted [
408 silly reify   'D:\\programas\\Projetos de programação\\Afiliados Netbox\\Site institucional - Netbox\\node_modules\\@tailwindcss\\oxide-linux-x64-musl'
408 silly reify ]
409 verbose reify failed optional dependency D:\programas\Projetos de programação\Afiliados Netbox\Site institucional - Netbox\node_modules\@tailwindcss\oxide-linux-x64-gnu
410 silly reify mark deleted [
410 silly reify   'D:\\programas\\Projetos de programação\\Afiliados Netbox\\Site institucional - Netbox\\node_modules\\@tailwindcss\\oxide-linux-x64-gnu'
410 silly reify ]
411 verbose reify failed optional dependency D:\programas\Projetos de programação\Afiliados Netbox\Site institucional - Netbox\node_modules\@tailwindcss\oxide-linux-arm64-musl
412 silly reify mark deleted [
412 silly reify   'D:\\programas\\Projetos de programação\\Afiliados Netbox\\Site institucional - Netbox\\node_modules\\@tailwindcss\\oxide-linux-arm64-musl'
412 silly reify ]
413 verbose reify failed optional dependency D:\programas\Projetos de programação\Afiliados Netbox\Site institucional - Netbox\node_modules\@tailwindcss\oxide-linux-arm-gnueabihf
414 silly reify mark deleted [
414 silly reify   'D:\\programas\\Projetos de programação\\Afiliados Netbox\\Site institucional - Netbox\\node_modules\\@tailwindcss\\oxide-linux-arm-gnueabihf'
414 silly reify ]
415 verbose reify failed optional dependency D:\programas\Projetos de programação\Afiliados Netbox\Site institucional - Netbox\node_modules\@tailwindcss\oxide-darwin-x64
416 silly reify mark deleted [
416 silly reify   'D:\\programas\\Projetos de programação\\Afiliados Netbox\\Site institucional - Netbox\\node_modules\\@tailwindcss\\oxide-darwin-x64'
416 silly reify ]
417 verbose reify failed optional dependency D:\programas\Projetos de programação\Afiliados Netbox\Site institucional - Netbox\node_modules\@tailwindcss\oxide-linux-arm64-gnu
418 silly reify mark deleted [
418 silly reify   'D:\\programas\\Projetos de programação\\Afiliados Netbox\\Site institucional - Netbox\\node_modules\\@tailwindcss\\oxide-linux-arm64-gnu'
418 silly reify ]
419 verbose reify failed optional dependency D:\programas\Projetos de programação\Afiliados Netbox\Site institucional - Netbox\node_modules\@tailwindcss\oxide-freebsd-x64
420 silly reify mark deleted [
420 silly reify   'D:\\programas\\Projetos de programação\\Afiliados Netbox\\Site institucional - Netbox\\node_modules\\@tailwindcss\\oxide-freebsd-x64'
420 silly reify ]
421 verbose reify failed optional dependency D:\programas\Projetos de programação\Afiliados Netbox\Site institucional - Netbox\node_modules\@tailwindcss\oxide-darwin-arm64
422 silly reify mark deleted [
422 silly reify   'D:\\programas\\Projetos de programação\\Afiliados Netbox\\Site institucional - Netbox\\node_modules\\@tailwindcss\\oxide-darwin-arm64'
422 silly reify ]
423 verbose reify failed optional dependency D:\programas\Projetos de programação\Afiliados Netbox\Site institucional - Netbox\node_modules\@tailwindcss\oxide-android-arm64
424 silly reify mark deleted [
424 silly reify   'D:\\programas\\Projetos de programação\\Afiliados Netbox\\Site institucional - Netbox\\node_modules\\@tailwindcss\\oxide-android-arm64'
424 silly reify ]
425 verbose reify failed optional dependency D:\programas\Projetos de programação\Afiliados Netbox\Site institucional - Netbox\node_modules\@rolldown\binding-win32-arm64-msvc
426 silly reify mark deleted [
426 silly reify   'D:\\programas\\Projetos de programação\\Afiliados Netbox\\Site institucional - Netbox\\node_modules\\@rolldown\\binding-win32-arm64-msvc'
426 silly reify ]
427 verbose reify failed optional dependency D:\programas\Projetos de programação\Afiliados Netbox\Site institucional - Netbox\node_modules\@rolldown\binding-openharmony-arm64
428 silly reify mark deleted [
428 silly reify   'D:\\programas\\Projetos de programação\\Afiliados Netbox\\Site institucional - Netbox\\node_modules\\@rolldown\\binding-openharmony-arm64'
428 silly reify ]
429 verbose reify failed optional dependency D:\programas\Projetos de programação\Afiliados Netbox\Site institucional - Netbox\node_modules\@rolldown\binding-wasm32-wasi
430 silly reify mark deleted [
430 silly reify   'D:\\programas\\Projetos de programação\\Afiliados Netbox\\Site institucional - Netbox\\node_modules\\@rolldown\\binding-wasm32-wasi'
430 silly reify ]
431 verbose reify failed optional dependency D:\programas\Projetos de programação\Afiliados Netbox\Site institucional - Netbox\node_modules\@rolldown\binding-wasm32-wasi\node_modules\@napi-rs\wasm-runtime
432 silly reify mark deleted [
432 silly reify   'D:\\programas\\Projetos de programação\\Afiliados Netbox\\Site institucional - Netbox\\node_modules\\@rolldown\\binding-wasm32-wasi\\node_modules\\@napi-rs\\wasm-runtime'
432 silly reify ]
433 verbose reify failed optional dependency D:\programas\Projetos de programação\Afiliados Netbox\Site institucional - Netbox\node_modules\@rolldown\binding-linux-x64-musl
434 silly reify mark deleted [
434 silly reify   'D:\\programas\\Projetos de programação\\Afiliados Netbox\\Site institucional - Netbox\\node_modules\\@rolldown\\binding-linux-x64-musl'
434 silly reify ]
435 verbose reify failed optional dependency D:\programas\Projetos de programação\Afiliados Netbox\Site institucional - Netbox\node_modules\@rolldown\binding-linux-x64-gnu
436 silly reify mark deleted [
436 silly reify   'D:\\programas\\Projetos de programação\\Afiliados Netbox\\Site institucional - Netbox\\node_modules\\@rolldown\\binding-linux-x64-gnu'
436 silly reify ]
437 verbose reify failed optional dependency D:\programas\Projetos de programação\Afiliados Netbox\Site institucional - Netbox\node_modules\@rolldown\binding-linux-s390x-gnu
438 silly reify mark deleted [
438 silly reify   'D:\\programas\\Projetos de programação\\Afiliados Netbox\\Site institucional - Netbox\\node_modules\\@rolldown\\binding-linux-s390x-gnu'
438 silly reify ]
439 verbose reify failed optional dependency D:\programas\Projetos de programação\Afiliados Netbox\Site institucional - Netbox\node_modules\@rolldown\binding-linux-arm64-musl
440 silly reify mark deleted [
440 silly reify   'D:\\programas\\Projetos de programação\\Afiliados Netbox\\Site institucional - Netbox\\node_modules\\@rolldown\\binding-linux-arm64-musl'
440 silly reify ]
441 verbose reify failed optional dependency D:\programas\Projetos de programação\Afiliados Netbox\Site institucional - Netbox\node_modules\@rolldown\binding-linux-ppc64-gnu
442 silly reify mark deleted [
442 silly reify   'D:\\programas\\Projetos de programação\\Afiliados Netbox\\Site institucional - Netbox\\node_modules\\@rolldown\\binding-linux-ppc64-gnu'
442 silly reify ]
443 verbose reify failed optional dependency D:\programas\Projetos de programação\Afiliados Netbox\Site institucional - Netbox\node_modules\@rolldown\binding-linux-arm64-gnu
444 silly reify mark deleted [
444 silly reify   'D:\\programas\\Projetos de programação\\Afiliados Netbox\\Site institucional - Netbox\\node_modules\\@rolldown\\binding-linux-arm64-gnu'
444 silly reify ]
445 verbose reify failed optional dependency D:\programas\Projetos de programação\Afiliados Netbox\Site institucional - Netbox\node_modules\@rolldown\binding-darwin-x64
446 silly reify mark deleted [
446 silly reify   'D:\\programas\\Projetos de programação\\Afiliados Netbox\\Site institucional - Netbox\\node_modules\\@rolldown\\binding-darwin-x64'
446 silly reify ]
447 verbose reify failed optional dependency D:\programas\Projetos de programação\Afiliados Netbox\Site institucional - Netbox\node_modules\@rolldown\binding-freebsd-x64
448 silly reify mark deleted [
448 silly reify   'D:\\programas\\Projetos de programação\\Afiliados Netbox\\Site institucional - Netbox\\node_modules\\@rolldown\\binding-freebsd-x64'
448 silly reify ]
449 verbose reify failed optional dependency D:\programas\Projetos de programação\Afiliados Netbox\Site institucional - Netbox\node_modules\@rolldown\binding-darwin-arm64
450 silly reify mark deleted [
450 silly reify   'D:\\programas\\Projetos de programação\\Afiliados Netbox\\Site institucional - Netbox\\node_modules\\@rolldown\\binding-darwin-arm64'
450 silly reify ]
451 verbose reify failed optional dependency D:\programas\Projetos de programação\Afiliados Netbox\Site institucional - Netbox\node_modules\@rolldown\binding-linux-arm-gnueabihf
452 silly reify mark deleted [
452 silly reify   'D:\\programas\\Projetos de programação\\Afiliados Netbox\\Site institucional - Netbox\\node_modules\\@rolldown\\binding-linux-arm-gnueabihf'
452 silly reify ]
453 verbose reify failed optional dependency D:\programas\Projetos de programação\Afiliados Netbox\Site institucional - Netbox\node_modules\@rolldown\binding-android-arm64
454 silly reify mark deleted [
454 silly reify   'D:\\programas\\Projetos de programação\\Afiliados Netbox\\Site institucional - Netbox\\node_modules\\@rolldown\\binding-android-arm64'
454 silly reify ]
455 verbose reify failed optional dependency D:\programas\Projetos de programação\Afiliados Netbox\Site institucional - Netbox\node_modules\@next\swc-win32-arm64-msvc
456 silly reify mark deleted [
456 silly reify   'D:\\programas\\Projetos de programação\\Afiliados Netbox\\Site institucional - Netbox\\node_modules\\@next\\swc-win32-arm64-msvc'
456 silly reify ]
457 verbose reify failed optional dependency D:\programas\Projetos de programação\Afiliados Netbox\Site institucional - Netbox\node_modules\@next\swc-linux-x64-musl
458 silly reify mark deleted [
458 silly reify   'D:\\programas\\Projetos de programação\\Afiliados Netbox\\Site institucional - Netbox\\node_modules\\@next\\swc-linux-x64-musl'
458 silly reify ]
459 verbose reify failed optional dependency D:\programas\Projetos de programação\Afiliados Netbox\Site institucional - Netbox\node_modules\@next\swc-linux-arm64-musl
460 silly reify mark deleted [
460 silly reify   'D:\\programas\\Projetos de programação\\Afiliados Netbox\\Site institucional - Netbox\\node_modules\\@next\\swc-linux-arm64-musl'
460 silly reify ]
461 verbose reify failed optional dependency D:\programas\Projetos de programação\Afiliados Netbox\Site institucional - Netbox\node_modules\@next\swc-linux-x64-gnu
462 silly reify mark deleted [
462 silly reify   'D:\\programas\\Projetos de programação\\Afiliados Netbox\\Site institucional - Netbox\\node_modules\\@next\\swc-linux-x64-gnu'
462 silly reify ]
463 verbose reify failed optional dependency D:\programas\Projetos de programação\Afiliados Netbox\Site institucional - Netbox\node_modules\@next\swc-linux-arm64-gnu
464 silly reify mark deleted [
464 silly reify   'D:\\programas\\Projetos de programação\\Afiliados Netbox\\Site institucional - Netbox\\node_modules\\@next\\swc-linux-arm64-gnu'
464 silly reify ]
465 verbose reify failed optional dependency D:\programas\Projetos de programação\Afiliados Netbox\Site institucional - Netbox\node_modules\@next\swc-darwin-arm64
466 silly reify mark deleted [
466 silly reify   'D:\\programas\\Projetos de programação\\Afiliados Netbox\\Site institucional - Netbox\\node_modules\\@next\\swc-darwin-arm64'
466 silly reify ]
467 verbose reify failed optional dependency D:\programas\Projetos de programação\Afiliados Netbox\Site institucional - Netbox\node_modules\@next\swc-darwin-x64
468 silly reify mark deleted [
468 silly reify   'D:\\programas\\Projetos de programação\\Afiliados Netbox\\Site institucional - Netbox\\node_modules\\@next\\swc-darwin-x64'
468 silly reify ]
469 verbose reify failed optional dependency D:\programas\Projetos de programação\Afiliados Netbox\Site institucional - Netbox\node_modules\@img\sharp-win32-ia32
470 silly reify mark deleted [
470 silly reify   'D:\\programas\\Projetos de programação\\Afiliados Netbox\\Site institucional - Netbox\\node_modules\\@img\\sharp-win32-ia32'
470 silly reify ]
471 verbose reify failed optional dependency D:\programas\Projetos de programação\Afiliados Netbox\Site institucional - Netbox\node_modules\@img\sharp-win32-arm64
472 silly reify mark deleted [
472 silly reify   'D:\\programas\\Projetos de programação\\Afiliados Netbox\\Site institucional - Netbox\\node_modules\\@img\\sharp-win32-arm64'
472 silly reify ]
473 verbose reify failed optional dependency D:\programas\Projetos de programação\Afiliados Netbox\Site institucional - Netbox\node_modules\@img\sharp-wasm32
474 silly reify mark deleted [
474 silly reify   'D:\\programas\\Projetos de programação\\Afiliados Netbox\\Site institucional - Netbox\\node_modules\\@img\\sharp-wasm32'
474 silly reify ]
475 verbose reify failed optional dependency D:\programas\Projetos de programação\Afiliados Netbox\Site institucional - Netbox\node_modules\@img\sharp-linuxmusl-x64
476 silly reify mark deleted [
476 silly reify   'D:\\programas\\Projetos de programação\\Afiliados Netbox\\Site institucional - Netbox\\node_modules\\@img\\sharp-linuxmusl-x64'
476 silly reify ]
477 verbose reify failed optional dependency D:\programas\Projetos de programação\Afiliados Netbox\Site institucional - Netbox\node_modules\@img\sharp-linuxmusl-arm64
478 silly reify mark deleted [
478 silly reify   'D:\\programas\\Projetos de programação\\Afiliados Netbox\\Site institucional - Netbox\\node_modules\\@img\\sharp-linuxmusl-arm64'
478 silly reify ]
479 verbose reify failed optional dependency D:\programas\Projetos de programação\Afiliados Netbox\Site institucional - Netbox\node_modules\@img\sharp-linux-arm64
480 silly reify mark deleted [
480 silly reify   'D:\\programas\\Projetos de programação\\Afiliados Netbox\\Site institucional - Netbox\\node_modules\\@img\\sharp-linux-arm64'
480 silly reify ]
481 verbose reify failed optional dependency D:\programas\Projetos de programação\Afiliados Netbox\Site institucional - Netbox\node_modules\@img\sharp-linux-s390x
482 silly reify mark deleted [
482 silly reify   'D:\\programas\\Projetos de programação\\Afiliados Netbox\\Site institucional - Netbox\\node_modules\\@img\\sharp-linux-s390x'
482 silly reify ]
483 verbose reify failed optional dependency D:\programas\Projetos de programação\Afiliados Netbox\Site institucional - Netbox\node_modules\@img\sharp-linux-riscv64
484 silly reify mark deleted [
484 silly reify   'D:\\programas\\Projetos de programação\\Afiliados Netbox\\Site institucional - Netbox\\node_modules\\@img\\sharp-linux-riscv64'
484 silly reify ]
485 verbose reify failed optional dependency D:\programas\Projetos de programação\Afiliados Netbox\Site institucional - Netbox\node_modules\@img\sharp-linux-x64
486 silly reify mark deleted [
486 silly reify   'D:\\programas\\Projetos de programação\\Afiliados Netbox\\Site institucional - Netbox\\node_modules\\@img\\sharp-linux-x64'
486 silly reify ]
487 verbose reify failed optional dependency D:\programas\Projetos de programação\Afiliados Netbox\Site institucional - Netbox\node_modules\@img\sharp-linux-arm
488 silly reify mark deleted [
488 silly reify   'D:\\programas\\Projetos de programação\\Afiliados Netbox\\Site institucional - Netbox\\node_modules\\@img\\sharp-linux-arm'
488 silly reify ]
489 verbose reify failed optional dependency D:\programas\Projetos de programação\Afiliados Netbox\Site institucional - Netbox\node_modules\@img\sharp-linux-ppc64
490 silly reify mark deleted [
490 silly reify   'D:\\programas\\Projetos de programação\\Afiliados Netbox\\Site institucional - Netbox\\node_modules\\@img\\sharp-linux-ppc64'
490 silly reify ]
491 verbose reify failed optional dependency D:\programas\Projetos de programação\Afiliados Netbox\Site institucional - Netbox\node_modules\@img\sharp-libvips-linuxmusl-x64
492 silly reify mark deleted [
492 silly reify   'D:\\programas\\Projetos de programação\\Afiliados Netbox\\Site institucional - Netbox\\node_modules\\@img\\sharp-libvips-linuxmusl-x64'
492 silly reify ]
493 verbose reify failed optional dependency D:\programas\Projetos de programação\Afiliados Netbox\Site institucional - Netbox\node_modules\@img\sharp-libvips-linux-ppc64
494 silly reify mark deleted [
494 silly reify   'D:\\programas\\Projetos de programação\\Afiliados Netbox\\Site institucional - Netbox\\node_modules\\@img\\sharp-libvips-linux-ppc64'
494 silly reify ]
495 verbose reify failed optional dependency D:\programas\Projetos de programação\Afiliados Netbox\Site institucional - Netbox\node_modules\@img\sharp-libvips-linux-x64
496 silly reify mark deleted [
496 silly reify   'D:\\programas\\Projetos de programação\\Afiliados Netbox\\Site institucional - Netbox\\node_modules\\@img\\sharp-libvips-linux-x64'
496 silly reify ]
497 verbose reify failed optional dependency D:\programas\Projetos de programação\Afiliados Netbox\Site institucional - Netbox\node_modules\@img\sharp-libvips-linuxmusl-arm64
498 silly reify mark deleted [
498 silly reify   'D:\\programas\\Projetos de programação\\Afiliados Netbox\\Site institucional - Netbox\\node_modules\\@img\\sharp-libvips-linuxmusl-arm64'
498 silly reify ]
499 verbose reify failed optional dependency D:\programas\Projetos de programação\Afiliados Netbox\Site institucional - Netbox\node_modules\@img\sharp-libvips-linux-riscv64
500 silly reify mark deleted [
500 silly reify   'D:\\programas\\Projetos de programação\\Afiliados Netbox\\Site institucional - Netbox\\node_modules\\@img\\sharp-libvips-linux-riscv64'
500 silly reify ]
501 verbose reify failed optional dependency D:\programas\Projetos de programação\Afiliados Netbox\Site institucional - Netbox\node_modules\@img\sharp-libvips-linux-s390x
502 silly reify mark deleted [
502 silly reify   'D:\\programas\\Projetos de programação\\Afiliados Netbox\\Site institucional - Netbox\\node_modules\\@img\\sharp-libvips-linux-s390x'
502 silly reify ]
503 verbose reify failed optional dependency D:\programas\Projetos de programação\Afiliados Netbox\Site institucional - Netbox\node_modules\@img\sharp-darwin-x64
504 silly reify mark deleted [
504 silly reify   'D:\\programas\\Projetos de programação\\Afiliados Netbox\\Site institucional - Netbox\\node_modules\\@img\\sharp-darwin-x64'
504 silly reify ]
505 verbose reify failed optional dependency D:\programas\Projetos de programação\Afiliados Netbox\Site institucional - Netbox\node_modules\@img\sharp-libvips-linux-arm
506 silly reify mark deleted [
506 silly reify   'D:\\programas\\Projetos de programação\\Afiliados Netbox\\Site institucional - Netbox\\node_modules\\@img\\sharp-libvips-linux-arm'
506 silly reify ]
507 verbose reify failed optional dependency D:\programas\Projetos de programação\Afiliados Netbox\Site institucional - Netbox\node_modules\@img\sharp-libvips-linux-arm64
508 silly reify mark deleted [
508 silly reify   'D:\\programas\\Projetos de programação\\Afiliados Netbox\\Site institucional - Netbox\\node_modules\\@img\\sharp-libvips-linux-arm64'
508 silly reify ]
509 verbose reify failed optional dependency D:\programas\Projetos de programação\Afiliados Netbox\Site institucional - Netbox\node_modules\@img\sharp-libvips-darwin-x64
510 silly reify mark deleted [
510 silly reify   'D:\\programas\\Projetos de programação\\Afiliados Netbox\\Site institucional - Netbox\\node_modules\\@img\\sharp-libvips-darwin-x64'
510 silly reify ]
511 verbose reify failed optional dependency D:\programas\Projetos de programação\Afiliados Netbox\Site institucional - Netbox\node_modules\@img\sharp-libvips-darwin-arm64
512 silly reify mark deleted [
512 silly reify   'D:\\programas\\Projetos de programação\\Afiliados Netbox\\Site institucional - Netbox\\node_modules\\@img\\sharp-libvips-darwin-arm64'
512 silly reify ]
513 verbose reify failed optional dependency D:\programas\Projetos de programação\Afiliados Netbox\Site institucional - Netbox\node_modules\@img\sharp-darwin-arm64
514 silly reify mark deleted [
514 silly reify   'D:\\programas\\Projetos de programação\\Afiliados Netbox\\Site institucional - Netbox\\node_modules\\@img\\sharp-darwin-arm64'
514 silly reify ]
515 verbose reify failed optional dependency D:\programas\Projetos de programação\Afiliados Netbox\Site institucional - Netbox\node_modules\@esbuild\win32-ia32
516 silly reify mark deleted [
516 silly reify   'D:\\programas\\Projetos de programação\\Afiliados Netbox\\Site institucional - Netbox\\node_modules\\@esbuild\\win32-ia32'
516 silly reify ]
517 verbose reify failed optional dependency D:\programas\Projetos de programação\Afiliados Netbox\Site institucional - Netbox\node_modules\@esbuild\win32-arm64
518 silly reify mark deleted [
518 silly reify   'D:\\programas\\Projetos de programação\\Afiliados Netbox\\Site institucional - Netbox\\node_modules\\@esbuild\\win32-arm64'
518 silly reify ]
519 verbose reify failed optional dependency D:\programas\Projetos de programação\Afiliados Netbox\Site institucional - Netbox\node_modules\@esbuild\sunos-x64
520 silly reify mark deleted [
520 silly reify   'D:\\programas\\Projetos de programação\\Afiliados Netbox\\Site institucional - Netbox\\node_modules\\@esbuild\\sunos-x64'
520 silly reify ]
521 verbose reify failed optional dependency D:\programas\Projetos de programação\Afiliados Netbox\Site institucional - Netbox\node_modules\@esbuild\openharmony-arm64
522 silly reify mark deleted [
522 silly reify   'D:\\programas\\Projetos de programação\\Afiliados Netbox\\Site institucional - Netbox\\node_modules\\@esbuild\\openharmony-arm64'
522 silly reify ]
523 verbose reify failed optional dependency D:\programas\Projetos de programação\Afiliados Netbox\Site institucional - Netbox\node_modules\@esbuild\netbsd-arm64
524 silly reify mark deleted [
524 silly reify   'D:\\programas\\Projetos de programação\\Afiliados Netbox\\Site institucional - Netbox\\node_modules\\@esbuild\\netbsd-arm64'
524 silly reify ]
525 verbose reify failed optional dependency D:\programas\Projetos de programação\Afiliados Netbox\Site institucional - Netbox\node_modules\@esbuild\openbsd-arm64
526 silly reify mark deleted [
526 silly reify   'D:\\programas\\Projetos de programação\\Afiliados Netbox\\Site institucional - Netbox\\node_modules\\@esbuild\\openbsd-arm64'
526 silly reify ]
527 verbose reify failed optional dependency D:\programas\Projetos de programação\Afiliados Netbox\Site institucional - Netbox\node_modules\@esbuild\openbsd-x64
528 silly reify mark deleted [
528 silly reify   'D:\\programas\\Projetos de programação\\Afiliados Netbox\\Site institucional - Netbox\\node_modules\\@esbuild\\openbsd-x64'
528 silly reify ]
529 verbose reify failed optional dependency D:\programas\Projetos de programação\Afiliados Netbox\Site institucional - Netbox\node_modules\@esbuild\netbsd-x64
530 silly reify mark deleted [
530 silly reify   'D:\\programas\\Projetos de programação\\Afiliados Netbox\\Site institucional - Netbox\\node_modules\\@esbuild\\netbsd-x64'
530 silly reify ]
531 verbose reify failed optional dependency D:\programas\Projetos de programação\Afiliados Netbox\Site institucional - Netbox\node_modules\@esbuild\linux-s390x
532 silly reify mark deleted [
532 silly reify   'D:\\programas\\Projetos de programação\\Afiliados Netbox\\Site institucional - Netbox\\node_modules\\@esbuild\\linux-s390x'
532 silly reify ]
533 verbose reify failed optional dependency D:\programas\Projetos de programação\Afiliados Netbox\Site institucional - Netbox\node_modules\@esbuild\linux-x64
534 silly reify mark deleted [
534 silly reify   'D:\\programas\\Projetos de programação\\Afiliados Netbox\\Site institucional - Netbox\\node_modules\\@esbuild\\linux-x64'
534 silly reify ]
535 verbose reify failed optional dependency D:\programas\Projetos de programação\Afiliados Netbox\Site institucional - Netbox\node_modules\@esbuild\linux-riscv64
536 silly reify mark deleted [
536 silly reify   'D:\\programas\\Projetos de programação\\Afiliados Netbox\\Site institucional - Netbox\\node_modules\\@esbuild\\linux-riscv64'
536 silly reify ]
537 verbose reify failed optional dependency D:\programas\Projetos de programação\Afiliados Netbox\Site institucional - Netbox\node_modules\@esbuild\linux-ppc64
538 silly reify mark deleted [
538 silly reify   'D:\\programas\\Projetos de programação\\Afiliados Netbox\\Site institucional - Netbox\\node_modules\\@esbuild\\linux-ppc64'
538 silly reify ]
539 verbose reify failed optional dependency D:\programas\Projetos de programação\Afiliados Netbox\Site institucional - Netbox\node_modules\@esbuild\linux-arm64
540 silly reify mark deleted [
540 silly reify   'D:\\programas\\Projetos de programação\\Afiliados Netbox\\Site institucional - Netbox\\node_modules\\@esbuild\\linux-arm64'
540 silly reify ]
541 verbose reify failed optional dependency D:\programas\Projetos de programação\Afiliados Netbox\Site institucional - Netbox\node_modules\@esbuild\linux-loong64
542 silly reify mark deleted [
542 silly reify   'D:\\programas\\Projetos de programação\\Afiliados Netbox\\Site institucional - Netbox\\node_modules\\@esbuild\\linux-loong64'
542 silly reify ]
543 verbose reify failed optional dependency D:\programas\Projetos de programação\Afiliados Netbox\Site institucional - Netbox\node_modules\@esbuild\linux-mips64el
544 silly reify mark deleted [
544 silly reify   'D:\\programas\\Projetos de programação\\Afiliados Netbox\\Site institucional - Netbox\\node_modules\\@esbuild\\linux-mips64el'
544 silly reify ]
545 verbose reify failed optional dependency D:\programas\Projetos de programação\Afiliados Netbox\Site institucional - Netbox\node_modules\@esbuild\linux-ia32
546 silly reify mark deleted [
546 silly reify   'D:\\programas\\Projetos de programação\\Afiliados Netbox\\Site institucional - Netbox\\node_modules\\@esbuild\\linux-ia32'
546 silly reify ]
547 verbose reify failed optional dependency D:\programas\Projetos de programação\Afiliados Netbox\Site institucional - Netbox\node_modules\@esbuild\linux-arm
548 silly reify mark deleted [
548 silly reify   'D:\\programas\\Projetos de programação\\Afiliados Netbox\\Site institucional - Netbox\\node_modules\\@esbuild\\linux-arm'
548 silly reify ]
549 verbose reify failed optional dependency D:\programas\Projetos de programação\Afiliados Netbox\Site institucional - Netbox\node_modules\@esbuild\freebsd-arm64
550 silly reify mark deleted [
550 silly reify   'D:\\programas\\Projetos de programação\\Afiliados Netbox\\Site institucional - Netbox\\node_modules\\@esbuild\\freebsd-arm64'
550 silly reify ]
551 verbose reify failed optional dependency D:\programas\Projetos de programação\Afiliados Netbox\Site institucional - Netbox\node_modules\@esbuild\freebsd-x64
552 silly reify mark deleted [
552 silly reify   'D:\\programas\\Projetos de programação\\Afiliados Netbox\\Site institucional - Netbox\\node_modules\\@esbuild\\freebsd-x64'
552 silly reify ]
553 verbose reify failed optional dependency D:\programas\Projetos de programação\Afiliados Netbox\Site institucional - Netbox\node_modules\@esbuild\darwin-x64
554 silly reify mark deleted [
554 silly reify   'D:\\programas\\Projetos de programação\\Afiliados Netbox\\Site institucional - Netbox\\node_modules\\@esbuild\\darwin-x64'
554 silly reify ]
555 verbose reify failed optional dependency D:\programas\Projetos de programação\Afiliados Netbox\Site institucional - Netbox\node_modules\@esbuild\darwin-arm64
556 silly reify mark deleted [
556 silly reify   'D:\\programas\\Projetos de programação\\Afiliados Netbox\\Site institucional - Netbox\\node_modules\\@esbuild\\darwin-arm64'
556 silly reify ]
557 verbose reify failed optional dependency D:\programas\Projetos de programação\Afiliados Netbox\Site institucional - Netbox\node_modules\@esbuild\android-x64
558 silly reify mark deleted [
558 silly reify   'D:\\programas\\Projetos de programação\\Afiliados Netbox\\Site institucional - Netbox\\node_modules\\@esbuild\\android-x64'
558 silly reify ]
559 verbose reify failed optional dependency D:\programas\Projetos de programação\Afiliados Netbox\Site institucional - Netbox\node_modules\@esbuild\aix-ppc64
560 silly reify mark deleted [
560 silly reify   'D:\\programas\\Projetos de programação\\Afiliados Netbox\\Site institucional - Netbox\\node_modules\\@esbuild\\aix-ppc64'
560 silly reify ]
561 verbose reify failed optional dependency D:\programas\Projetos de programação\Afiliados Netbox\Site institucional - Netbox\node_modules\@esbuild\android-arm64
562 silly reify mark deleted [
562 silly reify   'D:\\programas\\Projetos de programação\\Afiliados Netbox\\Site institucional - Netbox\\node_modules\\@esbuild\\android-arm64'
562 silly reify ]
563 verbose reify failed optional dependency D:\programas\Projetos de programação\Afiliados Netbox\Site institucional - Netbox\node_modules\@esbuild\android-arm
564 silly reify mark deleted [
564 silly reify   'D:\\programas\\Projetos de programação\\Afiliados Netbox\\Site institucional - Netbox\\node_modules\\@esbuild\\android-arm'
564 silly reify ]
565 verbose reify failed optional dependency D:\programas\Projetos de programação\Afiliados Netbox\Site institucional - Netbox\node_modules\@cloudflare\workerd-linux-arm64
566 silly reify mark deleted [
566 silly reify   'D:\\programas\\Projetos de programação\\Afiliados Netbox\\Site institucional - Netbox\\node_modules\\@cloudflare\\workerd-linux-arm64'
566 silly reify ]
567 verbose reify failed optional dependency D:\programas\Projetos de programação\Afiliados Netbox\Site institucional - Netbox\node_modules\@cloudflare\workerd-linux-64
568 silly reify mark deleted [
568 silly reify   'D:\\programas\\Projetos de programação\\Afiliados Netbox\\Site institucional - Netbox\\node_modules\\@cloudflare\\workerd-linux-64'
568 silly reify ]
569 verbose reify failed optional dependency D:\programas\Projetos de programação\Afiliados Netbox\Site institucional - Netbox\node_modules\@cloudflare\workerd-darwin-arm64
570 silly reify mark deleted [
570 silly reify   'D:\\programas\\Projetos de programação\\Afiliados Netbox\\Site institucional - Netbox\\node_modules\\@cloudflare\\workerd-darwin-arm64'
570 silly reify ]
571 verbose reify failed optional dependency D:\programas\Projetos de programação\Afiliados Netbox\Site institucional - Netbox\node_modules\@cloudflare\workerd-darwin-64
572 silly reify mark deleted [
572 silly reify   'D:\\programas\\Projetos de programação\\Afiliados Netbox\\Site institucional - Netbox\\node_modules\\@cloudflare\\workerd-darwin-64'
572 silly reify ]
573 verbose reify failed optional dependency D:\programas\Projetos de programação\Afiliados Netbox\Site institucional - Netbox\node_modules\wrangler\node_modules\@esbuild\win32-arm64
574 silly reify mark deleted [
574 silly reify   'D:\\programas\\Projetos de programação\\Afiliados Netbox\\Site institucional - Netbox\\node_modules\\wrangler\\node_modules\\@esbuild\\win32-arm64'
574 silly reify ]
575 verbose reify failed optional dependency D:\programas\Projetos de programação\Afiliados Netbox\Site institucional - Netbox\node_modules\wrangler\node_modules\@esbuild\win32-ia32
576 silly reify mark deleted [
576 silly reify   'D:\\programas\\Projetos de programação\\Afiliados Netbox\\Site institucional - Netbox\\node_modules\\wrangler\\node_modules\\@esbuild\\win32-ia32'
576 silly reify ]
577 verbose reify failed optional dependency D:\programas\Projetos de programação\Afiliados Netbox\Site institucional - Netbox\node_modules\wrangler\node_modules\@esbuild\sunos-x64
578 silly reify mark deleted [
578 silly reify   'D:\\programas\\Projetos de programação\\Afiliados Netbox\\Site institucional - Netbox\\node_modules\\wrangler\\node_modules\\@esbuild\\sunos-x64'
578 silly reify ]
579 verbose reify failed optional dependency D:\programas\Projetos de programação\Afiliados Netbox\Site institucional - Netbox\node_modules\wrangler\node_modules\@esbuild\openbsd-x64
580 silly reify mark deleted [
580 silly reify   'D:\\programas\\Projetos de programação\\Afiliados Netbox\\Site institucional - Netbox\\node_modules\\wrangler\\node_modules\\@esbuild\\openbsd-x64'
580 silly reify ]
581 verbose reify failed optional dependency D:\programas\Projetos de programação\Afiliados Netbox\Site institucional - Netbox\node_modules\wrangler\node_modules\@esbuild\openharmony-arm64
582 silly reify mark deleted [
582 silly reify   'D:\\programas\\Projetos de programação\\Afiliados Netbox\\Site institucional - Netbox\\node_modules\\wrangler\\node_modules\\@esbuild\\openharmony-arm64'
582 silly reify ]
583 verbose reify failed optional dependency D:\programas\Projetos de programação\Afiliados Netbox\Site institucional - Netbox\node_modules\wrangler\node_modules\@esbuild\netbsd-x64
584 silly reify mark deleted [
584 silly reify   'D:\\programas\\Projetos de programação\\Afiliados Netbox\\Site institucional - Netbox\\node_modules\\wrangler\\node_modules\\@esbuild\\netbsd-x64'
584 silly reify ]
585 verbose reify failed optional dependency D:\programas\Projetos de programação\Afiliados Netbox\Site institucional - Netbox\node_modules\wrangler\node_modules\@esbuild\openbsd-arm64
586 silly reify mark deleted [
586 silly reify   'D:\\programas\\Projetos de programação\\Afiliados Netbox\\Site institucional - Netbox\\node_modules\\wrangler\\node_modules\\@esbuild\\openbsd-arm64'
586 silly reify ]
587 verbose reify failed optional dependency D:\programas\Projetos de programação\Afiliados Netbox\Site institucional - Netbox\node_modules\wrangler\node_modules\@esbuild\netbsd-arm64
588 silly reify mark deleted [
588 silly reify   'D:\\programas\\Projetos de programação\\Afiliados Netbox\\Site institucional - Netbox\\node_modules\\wrangler\\node_modules\\@esbuild\\netbsd-arm64'
588 silly reify ]
589 verbose reify failed optional dependency D:\programas\Projetos de programação\Afiliados Netbox\Site institucional - Netbox\node_modules\wrangler\node_modules\@esbuild\linux-s390x
590 silly reify mark deleted [
590 silly reify   'D:\\programas\\Projetos de programação\\Afiliados Netbox\\Site institucional - Netbox\\node_modules\\wrangler\\node_modules\\@esbuild\\linux-s390x'
590 silly reify ]
591 verbose reify failed optional dependency D:\programas\Projetos de programação\Afiliados Netbox\Site institucional - Netbox\node_modules\wrangler\node_modules\@esbuild\linux-x64
592 silly reify mark deleted [
592 silly reify   'D:\\programas\\Projetos de programação\\Afiliados Netbox\\Site institucional - Netbox\\node_modules\\wrangler\\node_modules\\@esbuild\\linux-x64'
592 silly reify ]
593 verbose reify failed optional dependency D:\programas\Projetos de programação\Afiliados Netbox\Site institucional - Netbox\node_modules\wrangler\node_modules\@esbuild\linux-riscv64
594 silly reify mark deleted [
594 silly reify   'D:\\programas\\Projetos de programação\\Afiliados Netbox\\Site institucional - Netbox\\node_modules\\wrangler\\node_modules\\@esbuild\\linux-riscv64'
594 silly reify ]
595 verbose reify failed optional dependency D:\programas\Projetos de programação\Afiliados Netbox\Site institucional - Netbox\node_modules\wrangler\node_modules\@esbuild\linux-mips64el
596 silly reify mark deleted [
596 silly reify   'D:\\programas\\Projetos de programação\\Afiliados Netbox\\Site institucional - Netbox\\node_modules\\wrangler\\node_modules\\@esbuild\\linux-mips64el'
596 silly reify ]
597 verbose reify failed optional dependency D:\programas\Projetos de programação\Afiliados Netbox\Site institucional - Netbox\node_modules\wrangler\node_modules\@esbuild\linux-ppc64
598 silly reify mark deleted [
598 silly reify   'D:\\programas\\Projetos de programação\\Afiliados Netbox\\Site institucional - Netbox\\node_modules\\wrangler\\node_modules\\@esbuild\\linux-ppc64'
598 silly reify ]
599 verbose reify failed optional dependency D:\programas\Projetos de programação\Afiliados Netbox\Site institucional - Netbox\node_modules\wrangler\node_modules\@esbuild\linux-loong64
600 silly reify mark deleted [
600 silly reify   'D:\\programas\\Projetos de programação\\Afiliados Netbox\\Site institucional - Netbox\\node_modules\\wrangler\\node_modules\\@esbuild\\linux-loong64'
600 silly reify ]
601 verbose reify failed optional dependency D:\programas\Projetos de programação\Afiliados Netbox\Site institucional - Netbox\node_modules\wrangler\node_modules\@esbuild\linux-ia32
602 silly reify mark deleted [
602 silly reify   'D:\\programas\\Projetos de programação\\Afiliados Netbox\\Site institucional - Netbox\\node_modules\\wrangler\\node_modules\\@esbuild\\linux-ia32'
602 silly reify ]
603 verbose reify failed optional dependency D:\programas\Projetos de programação\Afiliados Netbox\Site institucional - Netbox\node_modules\wrangler\node_modules\@esbuild\linux-arm
604 silly reify mark deleted [
604 silly reify   'D:\\programas\\Projetos de programação\\Afiliados Netbox\\Site institucional - Netbox\\node_modules\\wrangler\\node_modules\\@esbuild\\linux-arm'
604 silly reify ]
605 verbose reify failed optional dependency D:\programas\Projetos de programação\Afiliados Netbox\Site institucional - Netbox\node_modules\wrangler\node_modules\@esbuild\linux-arm64
606 silly reify mark deleted [
606 silly reify   'D:\\programas\\Projetos de programação\\Afiliados Netbox\\Site institucional - Netbox\\node_modules\\wrangler\\node_modules\\@esbuild\\linux-arm64'
606 silly reify ]
607 verbose reify failed optional dependency D:\programas\Projetos de programação\Afiliados Netbox\Site institucional - Netbox\node_modules\wrangler\node_modules\@esbuild\freebsd-x64
608 silly reify mark deleted [
608 silly reify   'D:\\programas\\Projetos de programação\\Afiliados Netbox\\Site institucional - Netbox\\node_modules\\wrangler\\node_modules\\@esbuild\\freebsd-x64'
608 silly reify ]
609 verbose reify failed optional dependency D:\programas\Projetos de programação\Afiliados Netbox\Site institucional - Netbox\node_modules\wrangler\node_modules\@esbuild\darwin-x64
610 silly reify mark deleted [
610 silly reify   'D:\\programas\\Projetos de programação\\Afiliados Netbox\\Site institucional - Netbox\\node_modules\\wrangler\\node_modules\\@esbuild\\darwin-x64'
610 silly reify ]
611 verbose reify failed optional dependency D:\programas\Projetos de programação\Afiliados Netbox\Site institucional - Netbox\node_modules\wrangler\node_modules\@esbuild\freebsd-arm64
612 silly reify mark deleted [
612 silly reify   'D:\\programas\\Projetos de programação\\Afiliados Netbox\\Site institucional - Netbox\\node_modules\\wrangler\\node_modules\\@esbuild\\freebsd-arm64'
612 silly reify ]
613 verbose reify failed optional dependency D:\programas\Projetos de programação\Afiliados Netbox\Site institucional - Netbox\node_modules\wrangler\node_modules\@esbuild\android-x64
614 silly reify mark deleted [
614 silly reify   'D:\\programas\\Projetos de programação\\Afiliados Netbox\\Site institucional - Netbox\\node_modules\\wrangler\\node_modules\\@esbuild\\android-x64'
614 silly reify ]
615 verbose reify failed optional dependency D:\programas\Projetos de programação\Afiliados Netbox\Site institucional - Netbox\node_modules\wrangler\node_modules\@esbuild\darwin-arm64
616 silly reify mark deleted [
616 silly reify   'D:\\programas\\Projetos de programação\\Afiliados Netbox\\Site institucional - Netbox\\node_modules\\wrangler\\node_modules\\@esbuild\\darwin-arm64'
616 silly reify ]
617 verbose reify failed optional dependency D:\programas\Projetos de programação\Afiliados Netbox\Site institucional - Netbox\node_modules\wrangler\node_modules\@esbuild\android-arm64
618 silly reify mark deleted [
618 silly reify   'D:\\programas\\Projetos de programação\\Afiliados Netbox\\Site institucional - Netbox\\node_modules\\wrangler\\node_modules\\@esbuild\\android-arm64'
618 silly reify ]
619 verbose reify failed optional dependency D:\programas\Projetos de programação\Afiliados Netbox\Site institucional - Netbox\node_modules\wrangler\node_modules\@esbuild\android-arm
620 silly reify mark deleted [
620 silly reify   'D:\\programas\\Projetos de programação\\Afiliados Netbox\\Site institucional - Netbox\\node_modules\\wrangler\\node_modules\\@esbuild\\android-arm'
620 silly reify ]
621 verbose reify failed optional dependency D:\programas\Projetos de programação\Afiliados Netbox\Site institucional - Netbox\node_modules\wrangler\node_modules\@esbuild\aix-ppc64
622 silly reify mark deleted [
622 silly reify   'D:\\programas\\Projetos de programação\\Afiliados Netbox\\Site institucional - Netbox\\node_modules\\wrangler\\node_modules\\@esbuild\\aix-ppc64'
622 silly reify ]
623 verbose reify failed optional dependency D:\programas\Projetos de programação\Afiliados Netbox\Site institucional - Netbox\node_modules\vite\node_modules\lightningcss-linux-x64-musl
624 silly reify mark deleted [
624 silly reify   'D:\\programas\\Projetos de programação\\Afiliados Netbox\\Site institucional - Netbox\\node_modules\\vite\\node_modules\\lightningcss-linux-x64-musl'
624 silly reify ]
625 verbose reify failed optional dependency D:\programas\Projetos de programação\Afiliados Netbox\Site institucional - Netbox\node_modules\vite\node_modules\lightningcss-win32-arm64-msvc
626 silly reify mark deleted [
626 silly reify   'D:\\programas\\Projetos de programação\\Afiliados Netbox\\Site institucional - Netbox\\node_modules\\vite\\node_modules\\lightningcss-win32-arm64-msvc'
626 silly reify ]
627 verbose reify failed optional dependency D:\programas\Projetos de programação\Afiliados Netbox\Site institucional - Netbox\node_modules\vite\node_modules\lightningcss-linux-x64-gnu
628 silly reify mark deleted [
628 silly reify   'D:\\programas\\Projetos de programação\\Afiliados Netbox\\Site institucional - Netbox\\node_modules\\vite\\node_modules\\lightningcss-linux-x64-gnu'
628 silly reify ]
629 verbose reify failed optional dependency D:\programas\Projetos de programação\Afiliados Netbox\Site institucional - Netbox\node_modules\vite\node_modules\lightningcss-linux-arm64-musl
630 silly reify mark deleted [
630 silly reify   'D:\\programas\\Projetos de programação\\Afiliados Netbox\\Site institucional - Netbox\\node_modules\\vite\\node_modules\\lightningcss-linux-arm64-musl'
630 silly reify ]
631 verbose reify failed optional dependency D:\programas\Projetos de programação\Afiliados Netbox\Site institucional - Netbox\node_modules\vite\node_modules\lightningcss-android-arm64
632 silly reify mark deleted [
632 silly reify   'D:\\programas\\Projetos de programação\\Afiliados Netbox\\Site institucional - Netbox\\node_modules\\vite\\node_modules\\lightningcss-android-arm64'
632 silly reify ]
633 verbose reify failed optional dependency D:\programas\Projetos de programação\Afiliados Netbox\Site institucional - Netbox\node_modules\vite\node_modules\lightningcss-linux-arm-gnueabihf
634 silly reify mark deleted [
634 silly reify   'D:\\programas\\Projetos de programação\\Afiliados Netbox\\Site institucional - Netbox\\node_modules\\vite\\node_modules\\lightningcss-linux-arm-gnueabihf'
634 silly reify ]
635 verbose reify failed optional dependency D:\programas\Projetos de programação\Afiliados Netbox\Site institucional - Netbox\node_modules\vite\node_modules\lightningcss-linux-arm64-gnu
636 silly reify mark deleted [
636 silly reify   'D:\\programas\\Projetos de programação\\Afiliados Netbox\\Site institucional - Netbox\\node_modules\\vite\\node_modules\\lightningcss-linux-arm64-gnu'
636 silly reify ]
637 verbose reify failed optional dependency D:\programas\Projetos de programação\Afiliados Netbox\Site institucional - Netbox\node_modules\vite\node_modules\lightningcss-freebsd-x64
638 silly reify mark deleted [
638 silly reify   'D:\\programas\\Projetos de programação\\Afiliados Netbox\\Site institucional - Netbox\\node_modules\\vite\\node_modules\\lightningcss-freebsd-x64'
638 silly reify ]
639 verbose reify failed optional dependency D:\programas\Projetos de programação\Afiliados Netbox\Site institucional - Netbox\node_modules\vite\node_modules\lightningcss-darwin-arm64
640 silly reify mark deleted [
640 silly reify   'D:\\programas\\Projetos de programação\\Afiliados Netbox\\Site institucional - Netbox\\node_modules\\vite\\node_modules\\lightningcss-darwin-arm64'
640 silly reify ]
641 verbose reify failed optional dependency D:\programas\Projetos de programação\Afiliados Netbox\Site institucional - Netbox\node_modules\vite\node_modules\lightningcss-darwin-x64
642 silly reify mark deleted [
642 silly reify   'D:\\programas\\Projetos de programação\\Afiliados Netbox\\Site institucional - Netbox\\node_modules\\vite\\node_modules\\lightningcss-darwin-x64'
642 silly reify ]
643 verbose reify failed optional dependency D:\programas\Projetos de programação\Afiliados Netbox\Site institucional - Netbox\node_modules\lightningcss-linux-x64-musl
644 silly reify mark deleted [
644 silly reify   'D:\\programas\\Projetos de programação\\Afiliados Netbox\\Site institucional - Netbox\\node_modules\\lightningcss-linux-x64-musl'
644 silly reify ]
645 verbose reify failed optional dependency D:\programas\Projetos de programação\Afiliados Netbox\Site institucional - Netbox\node_modules\lightningcss-win32-arm64-msvc
646 silly reify mark deleted [
646 silly reify   'D:\\programas\\Projetos de programação\\Afiliados Netbox\\Site institucional - Netbox\\node_modules\\lightningcss-win32-arm64-msvc'
646 silly reify ]
647 verbose reify failed optional dependency D:\programas\Projetos de programação\Afiliados Netbox\Site institucional - Netbox\node_modules\lightningcss-linux-arm64-musl
648 silly reify mark deleted [
648 silly reify   'D:\\programas\\Projetos de programação\\Afiliados Netbox\\Site institucional - Netbox\\node_modules\\lightningcss-linux-arm64-musl'
648 silly reify ]
649 verbose reify failed optional dependency D:\programas\Projetos de programação\Afiliados Netbox\Site institucional - Netbox\node_modules\lightningcss-linux-x64-gnu
650 silly reify mark deleted [
650 silly reify   'D:\\programas\\Projetos de programação\\Afiliados Netbox\\Site institucional - Netbox\\node_modules\\lightningcss-linux-x64-gnu'
650 silly reify ]
651 verbose reify failed optional dependency D:\programas\Projetos de programação\Afiliados Netbox\Site institucional - Netbox\node_modules\lightningcss-linux-arm-gnueabihf
652 silly reify mark deleted [
652 silly reify   'D:\\programas\\Projetos de programação\\Afiliados Netbox\\Site institucional - Netbox\\node_modules\\lightningcss-linux-arm-gnueabihf'
652 silly reify ]
653 verbose reify failed optional dependency D:\programas\Projetos de programação\Afiliados Netbox\Site institucional - Netbox\node_modules\lightningcss-linux-arm64-gnu
654 silly reify mark deleted [
654 silly reify   'D:\\programas\\Projetos de programação\\Afiliados Netbox\\Site institucional - Netbox\\node_modules\\lightningcss-linux-arm64-gnu'
654 silly reify ]
655 verbose reify failed optional dependency D:\programas\Projetos de programação\Afiliados Netbox\Site institucional - Netbox\node_modules\lightningcss-freebsd-x64
656 silly reify mark deleted [
656 silly reify   'D:\\programas\\Projetos de programação\\Afiliados Netbox\\Site institucional - Netbox\\node_modules\\lightningcss-freebsd-x64'
656 silly reify ]
657 verbose reify failed optional dependency D:\programas\Projetos de programação\Afiliados Netbox\Site institucional - Netbox\node_modules\lightningcss-darwin-x64
658 silly reify mark deleted [
658 silly reify   'D:\\programas\\Projetos de programação\\Afiliados Netbox\\Site institucional - Netbox\\node_modules\\lightningcss-darwin-x64'
658 silly reify ]
659 verbose reify failed optional dependency D:\programas\Projetos de programação\Afiliados Netbox\Site institucional - Netbox\node_modules\lightningcss-darwin-arm64
660 silly reify mark deleted [
660 silly reify   'D:\\programas\\Projetos de programação\\Afiliados Netbox\\Site institucional - Netbox\\node_modules\\lightningcss-darwin-arm64'
660 silly reify ]
661 verbose reify failed optional dependency D:\programas\Projetos de programação\Afiliados Netbox\Site institucional - Netbox\node_modules\lightningcss-android-arm64
662 silly reify mark deleted [
662 silly reify   'D:\\programas\\Projetos de programação\\Afiliados Netbox\\Site institucional - Netbox\\node_modules\\lightningcss-android-arm64'
662 silly reify ]
663 verbose reify failed optional dependency D:\programas\Projetos de programação\Afiliados Netbox\Site institucional - Netbox\node_modules\fsevents
664 silly reify mark deleted [
664 silly reify   'D:\\programas\\Projetos de programação\\Afiliados Netbox\\Site institucional - Netbox\\node_modules\\fsevents'
664 silly reify ]
665 verbose reify failed optional dependency D:\programas\Projetos de programação\Afiliados Netbox\Site institucional - Netbox\node_modules\drizzle-kit\node_modules\@esbuild\win32-arm64
666 silly reify mark deleted [
666 silly reify   'D:\\programas\\Projetos de programação\\Afiliados Netbox\\Site institucional - Netbox\\node_modules\\drizzle-kit\\node_modules\\@esbuild\\win32-arm64'
666 silly reify ]
667 verbose reify failed optional dependency D:\programas\Projetos de programação\Afiliados Netbox\Site institucional - Netbox\node_modules\drizzle-kit\node_modules\@esbuild\win32-ia32
668 silly reify mark deleted [
668 silly reify   'D:\\programas\\Projetos de programação\\Afiliados Netbox\\Site institucional - Netbox\\node_modules\\drizzle-kit\\node_modules\\@esbuild\\win32-ia32'
668 silly reify ]
669 verbose reify failed optional dependency D:\programas\Projetos de programação\Afiliados Netbox\Site institucional - Netbox\node_modules\drizzle-kit\node_modules\@esbuild\sunos-x64
670 silly reify mark deleted [
670 silly reify   'D:\\programas\\Projetos de programação\\Afiliados Netbox\\Site institucional - Netbox\\node_modules\\drizzle-kit\\node_modules\\@esbuild\\sunos-x64'
670 silly reify ]
671 verbose reify failed optional dependency D:\programas\Projetos de programação\Afiliados Netbox\Site institucional - Netbox\node_modules\drizzle-kit\node_modules\@esbuild\openbsd-arm64
672 silly reify mark deleted [
672 silly reify   'D:\\programas\\Projetos de programação\\Afiliados Netbox\\Site institucional - Netbox\\node_modules\\drizzle-kit\\node_modules\\@esbuild\\openbsd-arm64'
672 silly reify ]
673 verbose reify failed optional dependency D:\programas\Projetos de programação\Afiliados Netbox\Site institucional - Netbox\node_modules\drizzle-kit\node_modules\@esbuild\openharmony-arm64
674 silly reify mark deleted [
674 silly reify   'D:\\programas\\Projetos de programação\\Afiliados Netbox\\Site institucional - Netbox\\node_modules\\drizzle-kit\\node_modules\\@esbuild\\openharmony-arm64'
674 silly reify ]
675 verbose reify failed optional dependency D:\programas\Projetos de programação\Afiliados Netbox\Site institucional - Netbox\node_modules\drizzle-kit\node_modules\@esbuild\openbsd-x64
676 silly reify mark deleted [
676 silly reify   'D:\\programas\\Projetos de programação\\Afiliados Netbox\\Site institucional - Netbox\\node_modules\\drizzle-kit\\node_modules\\@esbuild\\openbsd-x64'
676 silly reify ]
677 verbose reify failed optional dependency D:\programas\Projetos de programação\Afiliados Netbox\Site institucional - Netbox\node_modules\drizzle-kit\node_modules\@esbuild\netbsd-arm64
678 silly reify mark deleted [
678 silly reify   'D:\\programas\\Projetos de programação\\Afiliados Netbox\\Site institucional - Netbox\\node_modules\\drizzle-kit\\node_modules\\@esbuild\\netbsd-arm64'
678 silly reify ]
679 verbose reify failed optional dependency D:\programas\Projetos de programação\Afiliados Netbox\Site institucional - Netbox\node_modules\drizzle-kit\node_modules\@esbuild\netbsd-x64
680 silly reify mark deleted [
680 silly reify   'D:\\programas\\Projetos de programação\\Afiliados Netbox\\Site institucional - Netbox\\node_modules\\drizzle-kit\\node_modules\\@esbuild\\netbsd-x64'
680 silly reify ]
681 verbose reify failed optional dependency D:\programas\Projetos de programação\Afiliados Netbox\Site institucional - Netbox\node_modules\drizzle-kit\node_modules\@esbuild\linux-x64
682 silly reify mark deleted [
682 silly reify   'D:\\programas\\Projetos de programação\\Afiliados Netbox\\Site institucional - Netbox\\node_modules\\drizzle-kit\\node_modules\\@esbuild\\linux-x64'
682 silly reify ]
683 verbose reify failed optional dependency D:\programas\Projetos de programação\Afiliados Netbox\Site institucional - Netbox\node_modules\drizzle-kit\node_modules\@esbuild\linux-ppc64
684 silly reify mark deleted [
684 silly reify   'D:\\programas\\Projetos de programação\\Afiliados Netbox\\Site institucional - Netbox\\node_modules\\drizzle-kit\\node_modules\\@esbuild\\linux-ppc64'
684 silly reify ]
685 verbose reify failed optional dependency D:\programas\Projetos de programação\Afiliados Netbox\Site institucional - Netbox\node_modules\drizzle-kit\node_modules\@esbuild\linux-riscv64
686 silly reify mark deleted [
686 silly reify   'D:\\programas\\Projetos de programação\\Afiliados Netbox\\Site institucional - Netbox\\node_modules\\drizzle-kit\\node_modules\\@esbuild\\linux-riscv64'
686 silly reify ]
687 verbose reify failed optional dependency D:\programas\Projetos de programação\Afiliados Netbox\Site institucional - Netbox\node_modules\drizzle-kit\node_modules\@esbuild\linux-s390x
688 silly reify mark deleted [
688 silly reify   'D:\\programas\\Projetos de programação\\Afiliados Netbox\\Site institucional - Netbox\\node_modules\\drizzle-kit\\node_modules\\@esbuild\\linux-s390x'
688 silly reify ]
689 verbose reify failed optional dependency D:\programas\Projetos de programação\Afiliados Netbox\Site institucional - Netbox\node_modules\drizzle-kit\node_modules\@esbuild\linux-mips64el
690 silly reify mark deleted [
690 silly reify   'D:\\programas\\Projetos de programação\\Afiliados Netbox\\Site institucional - Netbox\\node_modules\\drizzle-kit\\node_modules\\@esbuild\\linux-mips64el'
690 silly reify ]
691 verbose reify failed optional dependency D:\programas\Projetos de programação\Afiliados Netbox\Site institucional - Netbox\node_modules\drizzle-kit\node_modules\@esbuild\linux-loong64
692 silly reify mark deleted [
692 silly reify   'D:\\programas\\Projetos de programação\\Afiliados Netbox\\Site institucional - Netbox\\node_modules\\drizzle-kit\\node_modules\\@esbuild\\linux-loong64'
692 silly reify ]
693 verbose reify failed optional dependency D:\programas\Projetos de programação\Afiliados Netbox\Site institucional - Netbox\node_modules\drizzle-kit\node_modules\@esbuild\linux-ia32
694 silly reify mark deleted [
694 silly reify   'D:\\programas\\Projetos de programação\\Afiliados Netbox\\Site institucional - Netbox\\node_modules\\drizzle-kit\\node_modules\\@esbuild\\linux-ia32'
694 silly reify ]
695 verbose reify failed optional dependency D:\programas\Projetos de programação\Afiliados Netbox\Site institucional - Netbox\node_modules\drizzle-kit\node_modules\@esbuild\linux-arm64
696 silly reify mark deleted [
696 silly reify   'D:\\programas\\Projetos de programação\\Afiliados Netbox\\Site institucional - Netbox\\node_modules\\drizzle-kit\\node_modules\\@esbuild\\linux-arm64'
696 silly reify ]
697 verbose reify failed optional dependency D:\programas\Projetos de programação\Afiliados Netbox\Site institucional - Netbox\node_modules\drizzle-kit\node_modules\@esbuild\linux-arm
698 silly reify mark deleted [
698 silly reify   'D:\\programas\\Projetos de programação\\Afiliados Netbox\\Site institucional - Netbox\\node_modules\\drizzle-kit\\node_modules\\@esbuild\\linux-arm'
698 silly reify ]
699 verbose reify failed optional dependency D:\programas\Projetos de programação\Afiliados Netbox\Site institucional - Netbox\node_modules\drizzle-kit\node_modules\@esbuild\freebsd-arm64
700 silly reify mark deleted [
700 silly reify   'D:\\programas\\Projetos de programação\\Afiliados Netbox\\Site institucional - Netbox\\node_modules\\drizzle-kit\\node_modules\\@esbuild\\freebsd-arm64'
700 silly reify ]
701 verbose reify failed optional dependency D:\programas\Projetos de programação\Afiliados Netbox\Site institucional - Netbox\node_modules\drizzle-kit\node_modules\@esbuild\freebsd-x64
702 silly reify mark deleted [
702 silly reify   'D:\\programas\\Projetos de programação\\Afiliados Netbox\\Site institucional - Netbox\\node_modules\\drizzle-kit\\node_modules\\@esbuild\\freebsd-x64'
702 silly reify ]
703 verbose reify failed optional dependency D:\programas\Projetos de programação\Afiliados Netbox\Site institucional - Netbox\node_modules\drizzle-kit\node_modules\@esbuild\android-x64
704 silly reify mark deleted [
704 silly reify   'D:\\programas\\Projetos de programação\\Afiliados Netbox\\Site institucional - Netbox\\node_modules\\drizzle-kit\\node_modules\\@esbuild\\android-x64'
704 silly reify ]
705 verbose reify failed optional dependency D:\programas\Projetos de programação\Afiliados Netbox\Site institucional - Netbox\node_modules\drizzle-kit\node_modules\@esbuild\darwin-x64
706 silly reify mark deleted [
706 silly reify   'D:\\programas\\Projetos de programação\\Afiliados Netbox\\Site institucional - Netbox\\node_modules\\drizzle-kit\\node_modules\\@esbuild\\darwin-x64'
706 silly reify ]
707 verbose reify failed optional dependency D:\programas\Projetos de programação\Afiliados Netbox\Site institucional - Netbox\node_modules\drizzle-kit\node_modules\@esbuild\android-arm64
708 silly reify mark deleted [
708 silly reify   'D:\\programas\\Projetos de programação\\Afiliados Netbox\\Site institucional - Netbox\\node_modules\\drizzle-kit\\node_modules\\@esbuild\\android-arm64'
708 silly reify ]
709 verbose reify failed optional dependency D:\programas\Projetos de programação\Afiliados Netbox\Site institucional - Netbox\node_modules\drizzle-kit\node_modules\@esbuild\darwin-arm64
710 silly reify mark deleted [
710 silly reify   'D:\\programas\\Projetos de programação\\Afiliados Netbox\\Site institucional - Netbox\\node_modules\\drizzle-kit\\node_modules\\@esbuild\\darwin-arm64'
710 silly reify ]
711 verbose reify failed optional dependency D:\programas\Projetos de programação\Afiliados Netbox\Site institucional - Netbox\node_modules\drizzle-kit\node_modules\@esbuild\android-arm
712 silly reify mark deleted [
712 silly reify   'D:\\programas\\Projetos de programação\\Afiliados Netbox\\Site institucional - Netbox\\node_modules\\drizzle-kit\\node_modules\\@esbuild\\android-arm'
712 silly reify ]
713 verbose reify failed optional dependency D:\programas\Projetos de programação\Afiliados Netbox\Site institucional - Netbox\node_modules\drizzle-kit\node_modules\@esbuild\aix-ppc64
714 silly reify mark deleted [
714 silly reify   'D:\\programas\\Projetos de programação\\Afiliados Netbox\\Site institucional - Netbox\\node_modules\\drizzle-kit\\node_modules\\@esbuild\\aix-ppc64'
714 silly reify ]
715 timing reifyNode:node_modules/@esbuild-kit/core-utils/node_modules/@esbuild/win32-ia32 Completed in 41ms
716 timing reifyNode:node_modules/@esbuild-kit/core-utils/node_modules/@esbuild/sunos-x64 Completed in 41ms
717 timing reifyNode:node_modules/@esbuild-kit/core-utils/node_modules/@esbuild/win32-arm64 Completed in 41ms
718 timing reifyNode:node_modules/@esbuild-kit/core-utils/node_modules/@esbuild/netbsd-x64 Completed in 41ms
719 timing reifyNode:node_modules/@esbuild-kit/core-utils/node_modules/@esbuild/linux-x64 Completed in 41ms
720 timing reifyNode:node_modules/@esbuild-kit/core-utils/node_modules/@esbuild/openbsd-x64 Completed in 41ms
721 timing reifyNode:node_modules/@esbuild-kit/core-utils/node_modules/@esbuild/linux-s390x Completed in 41ms
722 timing reifyNode:node_modules/@esbuild-kit/core-utils/node_modules/@esbuild/linux-riscv64 Completed in 41ms
723 timing reifyNode:node_modules/@esbuild-kit/core-utils/node_modules/@esbuild/linux-mips64el Completed in 41ms
724 timing reifyNode:node_modules/@esbuild-kit/core-utils/node_modules/@esbuild/linux-ia32 Completed in 41ms
725 timing reifyNode:node_modules/@esbuild-kit/core-utils/node_modules/@esbuild/linux-loong64 Completed in 41ms
726 timing reifyNode:node_modules/@esbuild-kit/core-utils/node_modules/@esbuild/linux-ppc64 Completed in 41ms
727 timing reifyNode:node_modules/@esbuild-kit/core-utils/node_modules/@esbuild/linux-arm Completed in 41ms
728 timing reifyNode:node_modules/@esbuild-kit/core-utils/node_modules/@esbuild/freebsd-arm64 Completed in 41ms
729 timing reifyNode:node_modules/@esbuild-kit/core-utils/node_modules/@esbuild/linux-arm64 Completed in 41ms
730 timing reifyNode:node_modules/@esbuild-kit/core-utils/node_modules/@esbuild/freebsd-x64 Completed in 41ms
731 timing reifyNode:node_modules/@esbuild-kit/core-utils/node_modules/@esbuild/darwin-x64 Completed in 41ms
732 timing reifyNode:node_modules/@esbuild-kit/core-utils/node_modules/@esbuild/android-x64 Completed in 41ms
733 timing reifyNode:node_modules/@esbuild-kit/core-utils/node_modules/@esbuild/android-arm Completed in 41ms
734 timing reifyNode:node_modules/@esbuild-kit/core-utils/node_modules/@esbuild/android-arm64 Completed in 41ms
735 timing reifyNode:node_modules/@esbuild-kit/core-utils/node_modules/@esbuild/darwin-arm64 Completed in 41ms
736 timing reifyNode:node_modules/@unrs/resolver-binding-win32-ia32-msvc Completed in 40ms
737 timing reifyNode:node_modules/@unrs/resolver-binding-win32-arm64-msvc Completed in 40ms
738 timing reifyNode:node_modules/@unrs/resolver-binding-wasm32-wasi Completed in 40ms
739 timing reifyNode:node_modules/@unrs/resolver-binding-linux-x64-musl Completed in 40ms
740 timing reifyNode:node_modules/@unrs/resolver-binding-linux-x64-gnu Completed in 40ms
741 timing reifyNode:node_modules/@unrs/resolver-binding-linux-s390x-gnu Completed in 41ms
742 timing reifyNode:node_modules/@unrs/resolver-binding-linux-riscv64-musl Completed in 41ms
743 timing reifyNode:node_modules/@unrs/resolver-binding-linux-arm64-musl Completed in 41ms
744 timing reifyNode:node_modules/@unrs/resolver-binding-linux-riscv64-gnu Completed in 41ms
745 timing reifyNode:node_modules/@unrs/resolver-binding-linux-arm64-gnu Completed in 41ms
746 timing reifyNode:node_modules/@unrs/resolver-binding-linux-ppc64-gnu Completed in 41ms
747 timing reifyNode:node_modules/@unrs/resolver-binding-linux-arm-gnueabihf Completed in 41ms
748 timing reifyNode:node_modules/@unrs/resolver-binding-darwin-x64 Completed in 41ms
749 timing reifyNode:node_modules/@unrs/resolver-binding-linux-arm-musleabihf Completed in 41ms
750 timing reifyNode:node_modules/@unrs/resolver-binding-darwin-arm64 Completed in 41ms
751 timing reifyNode:node_modules/@unrs/resolver-binding-freebsd-x64 Completed in 41ms
752 timing reifyNode:node_modules/@unrs/resolver-binding-android-arm64 Completed in 41ms
753 timing reifyNode:node_modules/@unrs/resolver-binding-android-arm-eabi Completed in 41ms
754 timing reifyNode:node_modules/@tailwindcss/oxide-win32-arm64-msvc Completed in 40ms
755 timing reifyNode:node_modules/@tailwindcss/oxide-linux-x64-musl Completed in 40ms
756 timing reifyNode:node_modules/@tailwindcss/oxide-linux-x64-gnu Completed in 40ms
757 timing reifyNode:node_modules/@tailwindcss/oxide-linux-arm64-musl Completed in 40ms
758 timing reifyNode:node_modules/@tailwindcss/oxide-linux-arm-gnueabihf Completed in 40ms
759 timing reifyNode:node_modules/@tailwindcss/oxide-darwin-x64 Completed in 40ms
760 timing reifyNode:node_modules/@tailwindcss/oxide-linux-arm64-gnu Completed in 40ms
761 timing reifyNode:node_modules/@tailwindcss/oxide-freebsd-x64 Completed in 40ms
762 timing reifyNode:node_modules/@tailwindcss/oxide-darwin-arm64 Completed in 40ms
763 timing reifyNode:node_modules/@tailwindcss/oxide-android-arm64 Completed in 40ms
764 timing reifyNode:node_modules/@rolldown/binding-win32-arm64-msvc Completed in 40ms
765 timing reifyNode:node_modules/@rolldown/binding-openharmony-arm64 Completed in 40ms
766 timing reifyNode:node_modules/@rolldown/binding-wasm32-wasi Completed in 40ms
767 timing reifyNode:node_modules/@rolldown/binding-linux-x64-musl Completed in 40ms
768 timing reifyNode:node_modules/@rolldown/binding-linux-x64-gnu Completed in 41ms
769 timing reifyNode:node_modules/@rolldown/binding-linux-s390x-gnu Completed in 41ms
770 timing reifyNode:node_modules/@rolldown/binding-linux-arm64-musl Completed in 41ms
771 timing reifyNode:node_modules/@rolldown/binding-linux-ppc64-gnu Completed in 41ms
772 timing reifyNode:node_modules/@rolldown/binding-linux-arm64-gnu Completed in 41ms
773 timing reifyNode:node_modules/@rolldown/binding-darwin-x64 Completed in 41ms
774 timing reifyNode:node_modules/@rolldown/binding-freebsd-x64 Completed in 41ms
775 timing reifyNode:node_modules/@rolldown/binding-darwin-arm64 Completed in 41ms
776 timing reifyNode:node_modules/@rolldown/binding-linux-arm-gnueabihf Completed in 41ms
777 timing reifyNode:node_modules/@rolldown/binding-android-arm64 Completed in 41ms
778 timing reifyNode:node_modules/@next/swc-win32-arm64-msvc Completed in 41ms
779 timing reifyNode:node_modules/@next/swc-linux-x64-musl Completed in 40ms
780 timing reifyNode:node_modules/@next/swc-linux-arm64-musl Completed in 40ms
781 timing reifyNode:node_modules/@next/swc-linux-x64-gnu Completed in 40ms
782 timing reifyNode:node_modules/@next/swc-linux-arm64-gnu Completed in 40ms
783 timing reifyNode:node_modules/@next/swc-darwin-arm64 Completed in 40ms
784 timing reifyNode:node_modules/@next/swc-darwin-x64 Completed in 40ms
785 timing reifyNode:node_modules/@img/sharp-win32-ia32 Completed in 40ms
786 timing reifyNode:node_modules/@img/sharp-win32-arm64 Completed in 40ms
787 timing reifyNode:node_modules/@img/sharp-wasm32 Completed in 40ms
788 timing reifyNode:node_modules/@img/sharp-linuxmusl-x64 Completed in 40ms
789 timing reifyNode:node_modules/@img/sharp-linuxmusl-arm64 Completed in 40ms
790 timing reifyNode:node_modules/@img/sharp-linux-arm64 Completed in 40ms
791 timing reifyNode:node_modules/@img/sharp-linux-s390x Completed in 41ms
792 timing reifyNode:node_modules/@img/sharp-linux-riscv64 Completed in 41ms
793 timing reifyNode:node_modules/@img/sharp-linux-x64 Completed in 41ms
794 timing reifyNode:node_modules/@img/sharp-linux-arm Completed in 41ms
795 timing reifyNode:node_modules/@img/sharp-linux-ppc64 Completed in 41ms
796 timing reifyNode:node_modules/@img/sharp-libvips-linuxmusl-x64 Completed in 41ms
797 timing reifyNode:node_modules/@img/sharp-libvips-linux-ppc64 Completed in 41ms
798 timing reifyNode:node_modules/@img/sharp-libvips-linux-x64 Completed in 41ms
799 timing reifyNode:node_modules/@img/sharp-libvips-linuxmusl-arm64 Completed in 41ms
800 timing reifyNode:node_modules/@img/sharp-libvips-linux-riscv64 Completed in 41ms
801 timing reifyNode:node_modules/@img/sharp-libvips-linux-s390x Completed in 41ms
802 timing reifyNode:node_modules/@img/sharp-darwin-x64 Completed in 41ms
803 timing reifyNode:node_modules/@img/sharp-libvips-linux-arm Completed in 41ms
804 timing reifyNode:node_modules/@img/sharp-libvips-linux-arm64 Completed in 41ms
805 timing reifyNode:node_modules/@img/sharp-libvips-darwin-x64 Completed in 41ms
806 timing reifyNode:node_modules/@img/sharp-libvips-darwin-arm64 Completed in 41ms
807 timing reifyNode:node_modules/@img/sharp-darwin-arm64 Completed in 41ms
808 timing reifyNode:node_modules/@esbuild/win32-ia32 Completed in 41ms
809 timing reifyNode:node_modules/@esbuild/win32-arm64 Completed in 42ms
810 timing reifyNode:node_modules/@esbuild/sunos-x64 Completed in 42ms
811 timing reifyNode:node_modules/@esbuild/openharmony-arm64 Completed in 42ms
812 timing reifyNode:node_modules/@esbuild/netbsd-arm64 Completed in 42ms
813 timing reifyNode:node_modules/@esbuild/openbsd-arm64 Completed in 42ms
814 timing reifyNode:node_modules/@esbuild/openbsd-x64 Completed in 42ms
815 timing reifyNode:node_modules/@esbuild/netbsd-x64 Completed in 42ms
816 timing reifyNode:node_modules/@esbuild/linux-s390x Completed in 42ms
817 timing reifyNode:node_modules/@esbuild/linux-x64 Completed in 42ms
818 timing reifyNode:node_modules/@esbuild/linux-riscv64 Completed in 42ms
819 timing reifyNode:node_modules/@esbuild/linux-ppc64 Completed in 42ms
820 timing reifyNode:node_modules/@esbuild/linux-arm64 Completed in 42ms
821 timing reifyNode:node_modules/@esbuild/linux-loong64 Completed in 41ms
822 timing reifyNode:node_modules/@esbuild/linux-mips64el Completed in 41ms
823 timing reifyNode:node_modules/@esbuild/linux-ia32 Completed in 41ms
824 timing reifyNode:node_modules/@esbuild/linux-arm Completed in 41ms
825 timing reifyNode:node_modules/@esbuild/freebsd-arm64 Completed in 41ms
826 timing reifyNode:node_modules/@esbuild/freebsd-x64 Completed in 41ms
827 timing reifyNode:node_modules/@esbuild/darwin-x64 Completed in 41ms
828 timing reifyNode:node_modules/@esbuild/darwin-arm64 Completed in 42ms
829 timing reifyNode:node_modules/@esbuild/android-x64 Completed in 42ms
830 timing reifyNode:node_modules/@esbuild/aix-ppc64 Completed in 42ms
831 timing reifyNode:node_modules/@esbuild/android-arm64 Completed in 42ms
832 timing reifyNode:node_modules/@esbuild/android-arm Completed in 42ms
833 timing reifyNode:node_modules/@cloudflare/workerd-linux-arm64 Completed in 42ms
834 timing reifyNode:node_modules/@cloudflare/workerd-linux-64 Completed in 42ms
835 timing reifyNode:node_modules/@cloudflare/workerd-darwin-arm64 Completed in 42ms
836 timing reifyNode:node_modules/@cloudflare/workerd-darwin-64 Completed in 42ms
837 timing reifyNode:node_modules/wrangler/node_modules/@esbuild/win32-arm64 Completed in 42ms
838 timing reifyNode:node_modules/wrangler/node_modules/@esbuild/win32-ia32 Completed in 42ms
839 timing reifyNode:node_modules/wrangler/node_modules/@esbuild/sunos-x64 Completed in 42ms
840 timing reifyNode:node_modules/wrangler/node_modules/@esbuild/openbsd-x64 Completed in 42ms
841 timing reifyNode:node_modules/wrangler/node_modules/@esbuild/openharmony-arm64 Completed in 42ms
842 timing reifyNode:node_modules/wrangler/node_modules/@esbuild/netbsd-x64 Completed in 42ms
843 timing reifyNode:node_modules/wrangler/node_modules/@esbuild/openbsd-arm64 Completed in 42ms
844 timing reifyNode:node_modules/wrangler/node_modules/@esbuild/netbsd-arm64 Completed in 42ms
845 timing reifyNode:node_modules/wrangler/node_modules/@esbuild/linux-s390x Completed in 42ms
846 timing reifyNode:node_modules/wrangler/node_modules/@esbuild/linux-x64 Completed in 42ms
847 timing reifyNode:node_modules/wrangler/node_modules/@esbuild/linux-riscv64 Completed in 42ms
848 timing reifyNode:node_modules/wrangler/node_modules/@esbuild/linux-mips64el Completed in 43ms
849 timing reifyNode:node_modules/wrangler/node_modules/@esbuild/linux-ppc64 Completed in 42ms
850 timing reifyNode:node_modules/wrangler/node_modules/@esbuild/linux-loong64 Completed in 42ms
851 timing reifyNode:node_modules/wrangler/node_modules/@esbuild/linux-ia32 Completed in 42ms
852 timing reifyNode:node_modules/wrangler/node_modules/@esbuild/linux-arm Completed in 42ms
853 timing reifyNode:node_modules/wrangler/node_modules/@esbuild/linux-arm64 Completed in 42ms
854 timing reifyNode:node_modules/wrangler/node_modules/@esbuild/freebsd-x64 Completed in 42ms
855 timing reifyNode:node_modules/wrangler/node_modules/@esbuild/darwin-x64 Completed in 42ms
856 timing reifyNode:node_modules/wrangler/node_modules/@esbuild/freebsd-arm64 Completed in 42ms
857 timing reifyNode:node_modules/wrangler/node_modules/@esbuild/android-x64 Completed in 42ms
858 timing reifyNode:node_modules/wrangler/node_modules/@esbuild/darwin-arm64 Completed in 42ms
859 timing reifyNode:node_modules/wrangler/node_modules/@esbuild/android-arm64 Completed in 42ms
860 timing reifyNode:node_modules/wrangler/node_modules/@esbuild/android-arm Completed in 42ms
861 timing reifyNode:node_modules/wrangler/node_modules/@esbuild/aix-ppc64 Completed in 42ms
862 timing reifyNode:node_modules/vite/node_modules/lightningcss-linux-x64-musl Completed in 40ms
863 timing reifyNode:node_modules/vite/node_modules/lightningcss-win32-arm64-msvc Completed in 40ms
864 timing reifyNode:node_modules/vite/node_modules/lightningcss-linux-x64-gnu Completed in 40ms
865 timing reifyNode:node_modules/vite/node_modules/lightningcss-linux-arm64-musl Completed in 40ms
866 timing reifyNode:node_modules/vite/node_modules/lightningcss-android-arm64 Completed in 40ms
867 timing reifyNode:node_modules/vite/node_modules/lightningcss-linux-arm-gnueabihf Completed in 40ms
868 timing reifyNode:node_modules/vite/node_modules/lightningcss-linux-arm64-gnu Completed in 41ms
869 timing reifyNode:node_modules/vite/node_modules/lightningcss-freebsd-x64 Completed in 41ms
870 timing reifyNode:node_modules/vite/node_modules/lightningcss-darwin-arm64 Completed in 41ms
871 timing reifyNode:node_modules/vite/node_modules/lightningcss-darwin-x64 Completed in 41ms
872 timing reifyNode:node_modules/lightningcss-linux-x64-musl Completed in 40ms
873 timing reifyNode:node_modules/lightningcss-win32-arm64-msvc Completed in 40ms
874 timing reifyNode:node_modules/lightningcss-linux-arm64-musl Completed in 40ms
875 timing reifyNode:node_modules/lightningcss-linux-x64-gnu Completed in 40ms
876 timing reifyNode:node_modules/lightningcss-linux-arm-gnueabihf Completed in 40ms
877 timing reifyNode:node_modules/lightningcss-linux-arm64-gnu Completed in 40ms
878 timing reifyNode:node_modules/lightningcss-freebsd-x64 Completed in 40ms
879 timing reifyNode:node_modules/lightningcss-darwin-x64 Completed in 40ms
880 timing reifyNode:node_modules/lightningcss-darwin-arm64 Completed in 40ms
881 timing reifyNode:node_modules/lightningcss-android-arm64 Completed in 40ms
882 timing reifyNode:node_modules/fsevents Completed in 40ms
883 timing reifyNode:node_modules/drizzle-kit/node_modules/@esbuild/win32-arm64 Completed in 39ms
884 timing reifyNode:node_modules/drizzle-kit/node_modules/@esbuild/win32-ia32 Completed in 39ms
885 timing reifyNode:node_modules/drizzle-kit/node_modules/@esbuild/sunos-x64 Completed in 39ms
886 timing reifyNode:node_modules/drizzle-kit/node_modules/@esbuild/openbsd-arm64 Completed in 39ms
887 timing reifyNode:node_modules/drizzle-kit/node_modules/@esbuild/openharmony-arm64 Completed in 40ms
888 timing reifyNode:node_modules/drizzle-kit/node_modules/@esbuild/openbsd-x64 Completed in 40ms
889 timing reifyNode:node_modules/drizzle-kit/node_modules/@esbuild/netbsd-arm64 Completed in 40ms
890 timing reifyNode:node_modules/drizzle-kit/node_modules/@esbuild/netbsd-x64 Completed in 40ms
891 timing reifyNode:node_modules/drizzle-kit/node_modules/@esbuild/linux-x64 Completed in 40ms
892 timing reifyNode:node_modules/drizzle-kit/node_modules/@esbuild/linux-ppc64 Completed in 40ms
893 timing reifyNode:node_modules/drizzle-kit/node_modules/@esbuild/linux-riscv64 Completed in 40ms
894 timing reifyNode:node_modules/drizzle-kit/node_modules/@esbuild/linux-s390x Completed in 40ms
895 timing reifyNode:node_modules/drizzle-kit/node_modules/@esbuild/linux-mips64el Completed in 40ms
896 timing reifyNode:node_modules/drizzle-kit/node_modules/@esbuild/linux-loong64 Completed in 40ms
897 timing reifyNode:node_modules/drizzle-kit/node_modules/@esbuild/linux-ia32 Completed in 40ms
898 timing reifyNode:node_modules/drizzle-kit/node_modules/@esbuild/linux-arm64 Completed in 40ms
899 timing reifyNode:node_modules/drizzle-kit/node_modules/@esbuild/linux-arm Completed in 40ms
900 timing reifyNode:node_modules/drizzle-kit/node_modules/@esbuild/freebsd-arm64 Completed in 40ms
901 timing reifyNode:node_modules/drizzle-kit/node_modules/@esbuild/freebsd-x64 Completed in 40ms
902 timing reifyNode:node_modules/drizzle-kit/node_modules/@esbuild/android-x64 Completed in 40ms
903 timing reifyNode:node_modules/drizzle-kit/node_modules/@esbuild/darwin-x64 Completed in 40ms
904 timing reifyNode:node_modules/drizzle-kit/node_modules/@esbuild/android-arm64 Completed in 40ms
905 timing reifyNode:node_modules/drizzle-kit/node_modules/@esbuild/darwin-arm64 Completed in 40ms
906 timing reifyNode:node_modules/drizzle-kit/node_modules/@esbuild/android-arm Completed in 41ms
907 timing reifyNode:node_modules/drizzle-kit/node_modules/@esbuild/aix-ppc64 Completed in 41ms
908 silly audit bulk request failed undefined
909 silly tarball no local data for @babel/parser@https://registry.npmjs.org/@babel/parser/-/parser-7.29.3.tgz. Extracting by manifest.
910 silly tarball no local data for typescript@https://registry.npmjs.org/typescript/-/typescript-5.9.3.tgz. Extracting by manifest.
911 silly tarball no local data for esbuild@https://registry.npmjs.org/esbuild/-/esbuild-0.28.0.tgz. Extracting by manifest.
912 silly tarball no local data for which@https://registry.npmjs.org/which/-/which-2.0.2.tgz. Extracting by manifest.
913 silly tarball no local data for update-browserslist-db@https://registry.npmjs.org/update-browserslist-db/-/update-browserslist-db-1.2.3.tgz. Extracting by manifest.
914 silly tarball no local data for semver@https://registry.npmjs.org/semver/-/semver-6.3.1.tgz. Extracting by manifest.
915 silly tarball no local data for napi-postinstall@https://registry.npmjs.org/napi-postinstall/-/napi-postinstall-0.3.4.tgz. Extracting by manifest.
916 silly tarball no local data for nanoid@https://registry.npmjs.org/nanoid/-/nanoid-3.3.12.tgz. Extracting by manifest.
917 silly tarball no local data for loose-envify@https://registry.npmjs.org/loose-envify/-/loose-envify-1.4.0.tgz. Extracting by manifest.
918 silly tarball no local data for jsesc@https://registry.npmjs.org/jsesc/-/jsesc-3.1.0.tgz. Extracting by manifest.
919 silly tarball no local data for jiti@https://registry.npmjs.org/jiti/-/jiti-2.7.0.tgz. Extracting by manifest.
920 silly tarball no local data for @vercel/og@https://registry.npmjs.org/@vercel/og/-/og-0.8.6.tgz. Extracting by manifest.
921 silly tarball no local data for json5@https://registry.npmjs.org/json5/-/json5-2.2.3.tgz. Extracting by manifest.
922 silly tarball no local data for js-yaml@https://registry.npmjs.org/js-yaml/-/js-yaml-4.1.1.tgz. Extracting by manifest.
923 silly tarball no local data for eslint@https://registry.npmjs.org/eslint/-/eslint-9.39.4.tgz. Extracting by manifest.
924 silly tarball no local data for browserslist@https://registry.npmjs.org/browserslist/-/browserslist-4.28.2.tgz. Extracting by manifest.
925 silly tarball no local data for @typescript-eslint/utils@https://registry.npmjs.org/@typescript-eslint/utils/-/utils-8.59.3.tgz. Extracting by manifest.
926 silly tarball no local data for acorn@https://registry.npmjs.org/acorn/-/acorn-8.16.0.tgz. Extracting by manifest.
927 silly tarball no local data for @typescript-eslint/typescript-estree@https://registry.npmjs.org/@typescript-eslint/typescript-estree/-/typescript-estree-8.59.3.tgz. Extracting by manifest.
928 silly tarball no local data for @vitejs/plugin-rsc@https://registry.npmjs.org/@vitejs/plugin-rsc/-/plugin-rsc-0.5.26.tgz. Extracting by manifest.
929 silly tarball no local data for @vitejs/plugin-react@https://registry.npmjs.org/@vitejs/plugin-react/-/plugin-react-6.0.2.tgz. Extracting by manifest.
930 silly tarball no local data for @typescript-eslint/visitor-keys@https://registry.npmjs.org/@typescript-eslint/visitor-keys/-/visitor-keys-8.59.3.tgz. Extracting by manifest.
931 silly tarball no local data for @typescript-eslint/types@https://registry.npmjs.org/@typescript-eslint/types/-/types-8.59.3.tgz. Extracting by manifest.
932 silly tarball no local data for @unpic/react@https://registry.npmjs.org/@unpic/react/-/react-1.0.2.tgz. Extracting by manifest.
933 silly tarball no local data for @typescript-eslint/scope-manager@https://registry.npmjs.org/@typescript-eslint/scope-manager/-/scope-manager-8.59.3.tgz. Extracting by manifest.
934 silly tarball no local data for @typescript-eslint/tsconfig-utils@https://registry.npmjs.org/@typescript-eslint/tsconfig-utils/-/tsconfig-utils-8.59.3.tgz. Extracting by manifest.
935 silly tarball no local data for @typescript-eslint/type-utils@https://registry.npmjs.org/@typescript-eslint/type-utils/-/type-utils-8.59.3.tgz. Extracting by manifest.
936 silly tarball no local data for @types/node@https://registry.npmjs.org/@types/node/-/node-22.19.19.tgz. Extracting by manifest.
937 silly tarball no local data for @unpic/core@https://registry.npmjs.org/@unpic/core/-/core-1.0.3.tgz. Extracting by manifest.
938 silly tarball no local data for @typescript-eslint/parser@https://registry.npmjs.org/@typescript-eslint/parser/-/parser-8.59.3.tgz. Extracting by manifest.
939 silly tarball no local data for @typescript-eslint/eslint-plugin@https://registry.npmjs.org/@typescript-eslint/eslint-plugin/-/eslint-plugin-8.59.3.tgz. Extracting by manifest.
940 silly tarball no local data for @typescript-eslint/project-service@https://registry.npmjs.org/@typescript-eslint/project-service/-/project-service-8.59.3.tgz. Extracting by manifest.
941 silly tarball no local data for @tailwindcss/oxide-win32-x64-msvc@https://registry.npmjs.org/@tailwindcss/oxide-win32-x64-msvc/-/oxide-win32-x64-msvc-4.2.1.tgz. Extracting by manifest.
942 silly tarball no local data for @sindresorhus/is@https://registry.npmjs.org/@sindresorhus/is/-/is-7.2.0.tgz. Extracting by manifest.
943 silly tarball no local data for @tailwindcss/postcss@https://registry.npmjs.org/@tailwindcss/postcss/-/postcss-4.2.1.tgz. Extracting by manifest.
944 silly tarball no local data for @tailwindcss/node@https://registry.npmjs.org/@tailwindcss/node/-/node-4.2.1.tgz. Extracting by manifest.
945 silly tarball no local data for @rolldown/binding-win32-x64-msvc@https://registry.npmjs.org/@rolldown/binding-win32-x64-msvc/-/binding-win32-x64-msvc-1.0.1.tgz. Extracting by manifest.
946 silly tarball no local data for @tailwindcss/oxide@https://registry.npmjs.org/@tailwindcss/oxide/-/oxide-4.2.1.tgz. Extracting by manifest.
947 silly tarball no local data for @speed-highlight/core@https://registry.npmjs.org/@speed-highlight/core/-/core-1.2.15.tgz. Extracting by manifest.
948 silly tarball no local data for @shuding/opentype.js@https://registry.npmjs.org/@shuding/opentype.js/-/opentype.js-1.4.0-beta.0.tgz. Extracting by manifest.
949 silly tarball no local data for @poppinss/exception@https://registry.npmjs.org/@poppinss/exception/-/exception-1.2.3.tgz. Extracting by manifest.
950 silly tarball no local data for @rolldown/pluginutils@https://registry.npmjs.org/@rolldown/pluginutils/-/pluginutils-1.0.1.tgz. Extracting by manifest.
951 silly tarball no local data for @resvg/resvg-wasm@https://registry.npmjs.org/@resvg/resvg-wasm/-/resvg-wasm-2.4.0.tgz. Extracting by manifest.
952 silly tarball no local data for @oxc-project/types@https://registry.npmjs.org/@oxc-project/types/-/types-0.130.0.tgz. Extracting by manifest.
953 silly tarball no local data for @poppinss/dumper@https://registry.npmjs.org/@poppinss/dumper/-/dumper-0.6.5.tgz. Extracting by manifest.
954 silly tarball no local data for @poppinss/colors@https://registry.npmjs.org/@poppinss/colors/-/colors-4.1.6.tgz. Extracting by manifest.
955 silly tarball no local data for @next/swc-win32-x64-msvc@https://registry.npmjs.org/@next/swc-win32-x64-msvc/-/swc-win32-x64-msvc-16.2.6.tgz. Extracting by manifest.
956 silly tarball no local data for @cspotcode/source-map-support@https://registry.npmjs.org/@cspotcode/source-map-support/-/source-map-support-0.8.1.tgz. Extracting by manifest.
957 silly tarball no local data for @next/env@https://registry.npmjs.org/@next/env/-/env-16.2.6.tgz. Extracting by manifest.
958 silly tarball no local data for @next/eslint-plugin-next@https://registry.npmjs.org/@next/eslint-plugin-next/-/eslint-plugin-next-16.2.6.tgz. Extracting by manifest.
959 silly tarball no local data for @cloudflare/workerd-windows-64@https://registry.npmjs.org/@cloudflare/workerd-windows-64/-/workerd-windows-64-1.20260515.1.tgz. Extracting by manifest.
960 silly tarball no local data for @cloudflare/vite-plugin@https://registry.npmjs.org/@cloudflare/vite-plugin/-/vite-plugin-1.37.1.tgz. Extracting by manifest.
961 silly tarball no local data for youch@https://registry.npmjs.org/youch/-/youch-4.1.0-beta.10.tgz. Extracting by manifest.
962 silly tarball no local data for @cloudflare/unenv-preset@https://registry.npmjs.org/@cloudflare/unenv-preset/-/unenv-preset-2.16.1.tgz. Extracting by manifest.
963 silly tarball no local data for @cloudflare/kv-asset-handler@https://registry.npmjs.org/@cloudflare/kv-asset-handler/-/kv-asset-handler-0.5.0.tgz. Extracting by manifest.
964 silly tarball no local data for youch-core@https://registry.npmjs.org/youch-core/-/youch-core-0.3.3.tgz. Extracting by manifest.
965 silly tarball no local data for yoga-layout@https://registry.npmjs.org/yoga-layout/-/yoga-layout-3.2.1.tgz. Extracting by manifest.
966 silly tarball no local data for ws@https://registry.npmjs.org/ws/-/ws-8.18.0.tgz. Extracting by manifest.
967 silly tarball no local data for wrangler@https://registry.npmjs.org/wrangler/-/wrangler-4.92.0.tgz. Extracting by manifest.
968 silly tarball no local data for webpack-sources@https://registry.npmjs.org/webpack-sources/-/webpack-sources-3.4.1.tgz. Extracting by manifest.
969 silly tarball no local data for webpack@https://registry.npmjs.org/webpack/-/webpack-5.106.2.tgz. Extracting by manifest.
970 silly tarball no local data for workerd@https://registry.npmjs.org/workerd/-/workerd-1.20260515.1.tgz. Extracting by manifest.
971 silly tarball no local data for watchpack@https://registry.npmjs.org/watchpack/-/watchpack-2.5.1.tgz. Extracting by manifest.
972 silly tarball no local data for vite-tsconfig-paths@https://registry.npmjs.org/vite-tsconfig-paths/-/vite-tsconfig-paths-6.1.1.tgz. Extracting by manifest.
973 silly tarball no local data for web-vitals@https://registry.npmjs.org/web-vitals/-/web-vitals-4.2.4.tgz. Extracting by manifest.
974 silly tarball no local data for vitefu@https://registry.npmjs.org/vitefu/-/vitefu-1.1.3.tgz. Extracting by manifest.
975 silly tarball no local data for vite-plugin-dynamic-import@https://registry.npmjs.org/vite-plugin-dynamic-import/-/vite-plugin-dynamic-import-1.6.0.tgz. Extracting by manifest.
976 silly tarball no local data for vite@https://registry.npmjs.org/vite/-/vite-8.0.13.tgz. Extracting by manifest.
977 silly tarball no local data for vinext@https://registry.npmjs.org/vinext/-/vinext-0.0.50.tgz. Extracting by manifest.
978 silly tarball no local data for vite-plugin-commonjs@https://registry.npmjs.org/vite-plugin-commonjs/-/vite-plugin-commonjs-0.10.4.tgz. Extracting by manifest.
979 silly tarball no local data for unicode-trie@https://registry.npmjs.org/unicode-trie/-/unicode-trie-2.0.0.tgz. Extracting by manifest.
980 silly tarball no local data for unpic@https://registry.npmjs.org/unpic/-/unpic-4.2.2.tgz. Extracting by manifest.
981 silly tarball no local data for unenv@https://registry.npmjs.org/unenv/-/unenv-2.0.0-rc.24.tgz. Extracting by manifest.
982 silly tarball no local data for undici@https://registry.npmjs.org/undici/-/undici-7.24.8.tgz. Extracting by manifest.
983 silly tarball no local data for tsx@https://registry.npmjs.org/tsx/-/tsx-4.22.1.tgz. Extracting by manifest.
984 silly tarball no local data for typescript-eslint@https://registry.npmjs.org/typescript-eslint/-/typescript-eslint-8.59.3.tgz. Extracting by manifest.
985 silly tarball no local data for terser-webpack-plugin@https://registry.npmjs.org/terser-webpack-plugin/-/terser-webpack-plugin-5.6.0.tgz. Extracting by manifest.
986 silly tarball no local data for tsconfck@https://registry.npmjs.org/tsconfck/-/tsconfck-3.1.6.tgz. Extracting by manifest.
987 silly tarball no local data for tiny-inflate@https://registry.npmjs.org/tiny-inflate/-/tiny-inflate-1.0.3.tgz. Extracting by manifest.
988 silly tarball no local data for turbo-stream@https://registry.npmjs.org/turbo-stream/-/turbo-stream-3.2.0.tgz. Extracting by manifest.
989 silly tarball no local data for terser@https://registry.npmjs.org/terser/-/terser-5.47.1.tgz. Extracting by manifest.
990 silly tarball no local data for tailwindcss@https://registry.npmjs.org/tailwindcss/-/tailwindcss-4.2.1.tgz. Extracting by manifest.
991 silly tarball no local data for string.prototype.codepointat@https://registry.npmjs.org/string.prototype.codepointat/-/string.prototype.codepointat-0.2.1.tgz. Extracting by manifest.
992 silly tarball no local data for strip-literal@https://registry.npmjs.org/strip-literal/-/strip-literal-3.1.0.tgz. Extracting by manifest.
993 silly tarball no local data for schema-utils@https://registry.npmjs.org/schema-utils/-/schema-utils-4.3.3.tgz. Extracting by manifest.
994 silly tarball no local data for satori@https://registry.npmjs.org/satori/-/satori-0.16.0.tgz. Extracting by manifest.
995 silly tarball no local data for rolldown@https://registry.npmjs.org/rolldown/-/rolldown-1.0.1.tgz. Extracting by manifest.
996 silly tarball no local data for react-server-dom-webpack@https://registry.npmjs.org/react-server-dom-webpack/-/react-server-dom-webpack-19.2.6.tgz. Extracting by manifest.
997 silly tarball no local data for srvx@https://registry.npmjs.org/srvx/-/srvx-0.11.15.tgz. Extracting by manifest.
998 silly tarball no local data for parse-css-color@https://registry.npmjs.org/parse-css-color/-/parse-css-color-0.2.1.tgz. Extracting by manifest.
999 silly tarball no local data for resolve@https://registry.npmjs.org/resolve/-/resolve-2.0.0-next.7.tgz. Extracting by manifest.
1000 silly tarball no local data for pako@https://registry.npmjs.org/pako/-/pako-0.2.9.tgz. Extracting by manifest.
1001 silly tarball no local data for node-releases@https://registry.npmjs.org/node-releases/-/node-releases-2.0.44.tgz. Extracting by manifest.
1002 silly tarball no local data for miniflare@https://registry.npmjs.org/miniflare/-/miniflare-4.20260515.0.tgz. Extracting by manifest.
1003 silly tarball no local data for next@https://registry.npmjs.org/next/-/next-16.2.6.tgz. Extracting by manifest.
1004 silly tarball no local data for loader-runner@https://registry.npmjs.org/loader-runner/-/loader-runner-4.3.2.tgz. Extracting by manifest.
1005 silly tarball no local data for lightningcss@https://registry.npmjs.org/lightningcss/-/lightningcss-1.31.1.tgz. Extracting by manifest.
1006 silly tarball no local data for ipaddr.js@https://registry.npmjs.org/ipaddr.js/-/ipaddr.js-2.4.0.tgz. Extracting by manifest.
1007 silly tarball no local data for lightningcss-win32-x64-msvc@https://registry.npmjs.org/lightningcss-win32-x64-msvc/-/lightningcss-win32-x64-msvc-1.31.1.tgz. Extracting by manifest.
1008 silly tarball no local data for linebreak@https://registry.npmjs.org/linebreak/-/linebreak-1.1.0.tgz. Extracting by manifest.
1009 silly tarball no local data for estree-walker@https://registry.npmjs.org/estree-walker/-/estree-walker-3.0.3.tgz. Extracting by manifest.
1010 silly tarball no local data for image-size@https://registry.npmjs.org/image-size/-/image-size-2.0.2.tgz. Extracting by manifest.
1011 silly tarball no local data for hex-rgb@https://registry.npmjs.org/hex-rgb/-/hex-rgb-4.3.0.tgz. Extracting by manifest.
1012 silly tarball no local data for globrex@https://registry.npmjs.org/globrex/-/globrex-0.1.2.tgz. Extracting by manifest.
1013 silly tarball no local data for eslint-config-next@https://registry.npmjs.org/eslint-config-next/-/eslint-config-next-16.2.6.tgz. Extracting by manifest.
1014 silly tarball no local data for fflate@https://registry.npmjs.org/fflate/-/fflate-0.7.4.tgz. Extracting by manifest.
1015 silly tarball no local data for es-module-lexer@https://registry.npmjs.org/es-module-lexer/-/es-module-lexer-2.1.0.tgz. Extracting by manifest.
1016 silly tarball no local data for enhanced-resolve@https://registry.npmjs.org/enhanced-resolve/-/enhanced-resolve-5.21.3.tgz. Extracting by manifest.
1017 silly tarball no local data for electron-to-chromium@https://registry.npmjs.org/electron-to-chromium/-/electron-to-chromium-1.5.358.tgz. Extracting by manifest.
1018 silly tarball no local data for emoji-regex-xs@https://registry.npmjs.org/emoji-regex-xs/-/emoji-regex-xs-2.0.1.tgz. Extracting by manifest.
1019 silly tarball no local data for error-stack-parser-es@https://registry.npmjs.org/error-stack-parser-es/-/error-stack-parser-es-1.0.5.tgz. Extracting by manifest.
1020 silly tarball no local data for drizzle-orm@https://registry.npmjs.org/drizzle-orm/-/drizzle-orm-0.45.2.tgz. Extracting by manifest.
1021 silly tarball no local data for css-box-shadow@https://registry.npmjs.org/css-box-shadow/-/css-box-shadow-1.0.0-3.tgz. Extracting by manifest.
1022 silly tarball no local data for drizzle-kit@https://registry.npmjs.org/drizzle-kit/-/drizzle-kit-0.31.10.tgz. Extracting by manifest.
1023 silly tarball no local data for css-gradient-parser@https://registry.npmjs.org/css-gradient-parser/-/css-gradient-parser-0.0.16.tgz. Extracting by manifest.
1024 silly tarball no local data for css-background-parser@https://registry.npmjs.org/css-background-parser/-/css-background-parser-0.1.0.tgz. Extracting by manifest.
1025 silly tarball no local data for base64-js@https://registry.npmjs.org/base64-js/-/base64-js-0.0.8.tgz. Extracting by manifest.
1026 silly tarball no local data for baseline-browser-mapping@https://registry.npmjs.org/baseline-browser-mapping/-/baseline-browser-mapping-2.10.30.tgz. Extracting by manifest.
1027 silly tarball no local data for caniuse-lite@https://registry.npmjs.org/caniuse-lite/-/caniuse-lite-1.0.30001793.tgz. Extracting by manifest.
1028 silly tarball no local data for blake3-wasm@https://registry.npmjs.org/blake3-wasm/-/blake3-wasm-2.1.5.tgz. Extracting by manifest.
1029 silly tarball no local data for semver@https://registry.npmjs.org/semver/-/semver-7.8.0.tgz. Extracting by manifest.
1030 silly tarball no local data for json5@https://registry.npmjs.org/json5/-/json5-1.0.2.tgz. Extracting by manifest.
1031 silly tarball no local data for acorn-import-phases@https://registry.npmjs.org/acorn-import-phases/-/acorn-import-phases-1.0.4.tgz. Extracting by manifest.
1032 silly tarball no local data for esbuild@https://registry.npmjs.org/esbuild/-/esbuild-0.18.20.tgz. Extracting by manifest.
1033 silly tarball no local data for semver@https://registry.npmjs.org/semver/-/semver-7.8.0.tgz. Extracting by manifest.
1034 silly tarball no local data for acorn-loose@https://registry.npmjs.org/acorn-loose/-/acorn-loose-8.5.2.tgz. Extracting by manifest.
1035 silly tarball no local data for @rolldown/pluginutils@https://registry.npmjs.org/@rolldown/pluginutils/-/pluginutils-1.0.0-rc.18.tgz. Extracting by manifest.
1036 silly tarball no local data for ignore@https://registry.npmjs.org/ignore/-/ignore-7.0.5.tgz. Extracting by manifest.
1037 silly tarball no local data for minimatch@https://registry.npmjs.org/minimatch/-/minimatch-10.2.5.tgz. Extracting by manifest.
1038 silly tarball no local data for brace-expansion@https://registry.npmjs.org/brace-expansion/-/brace-expansion-5.0.6.tgz. Extracting by manifest.
1039 silly tarball no local data for balanced-match@https://registry.npmjs.org/balanced-match/-/balanced-match-4.0.4.tgz. Extracting by manifest.
1040 silly tarball no local data for eslint-visitor-keys@https://registry.npmjs.org/eslint-visitor-keys/-/eslint-visitor-keys-5.0.1.tgz. Extracting by manifest.
1041 silly tarball no local data for semver@https://registry.npmjs.org/semver/-/semver-7.8.0.tgz. Extracting by manifest.
1042 silly tarball no local data for @napi-rs/wasm-runtime@https://registry.npmjs.org/@napi-rs/wasm-runtime/-/wasm-runtime-1.1.4.tgz. Extracting by manifest.
1043 silly tarball no local data for supports-color@https://registry.npmjs.org/supports-color/-/supports-color-10.2.2.tgz. Extracting by manifest.
1044 silly tarball no local data for esbuild@https://registry.npmjs.org/esbuild/-/esbuild-0.27.3.tgz. Extracting by manifest.
1045 silly tarball no local data for @esbuild/win32-x64@https://registry.npmjs.org/@esbuild/win32-x64/-/win32-x64-0.27.3.tgz. Extracting by manifest.
1046 silly tarball no local data for @jridgewell/trace-mapping@https://registry.npmjs.org/@jridgewell/trace-mapping/-/trace-mapping-0.3.9.tgz. Extracting by manifest.
1047 silly tarball no local data for eslint-scope@https://registry.npmjs.org/eslint-scope/-/eslint-scope-5.1.1.tgz. Extracting by manifest.
1048 silly tarball no local data for fast-glob@https://registry.npmjs.org/fast-glob/-/fast-glob-3.3.3.tgz. Extracting by manifest.
1049 silly tarball no local data for estraverse@https://registry.npmjs.org/estraverse/-/estraverse-4.3.0.tgz. Extracting by manifest.
1050 silly tarball no local data for picomatch@https://registry.npmjs.org/picomatch/-/picomatch-4.0.4.tgz. Extracting by manifest.
1051 silly tarball no local data for ajv-keywords@https://registry.npmjs.org/ajv-keywords/-/ajv-keywords-5.1.0.tgz. Extracting by manifest.
1052 silly tarball no local data for glob-parent@https://registry.npmjs.org/glob-parent/-/glob-parent-5.1.2.tgz. Extracting by manifest.
1053 silly tarball no local data for es-module-lexer@https://registry.npmjs.org/es-module-lexer/-/es-module-lexer-1.7.0.tgz. Extracting by manifest.
1054 silly tarball no local data for js-tokens@https://registry.npmjs.org/js-tokens/-/js-tokens-9.0.1.tgz. Extracting by manifest.
1055 silly tarball no local data for postcss@https://registry.npmjs.org/postcss/-/postcss-8.4.31.tgz. Extracting by manifest.
1056 silly tarball no local data for json-schema-traverse@https://registry.npmjs.org/json-schema-traverse/-/json-schema-traverse-1.0.0.tgz. Extracting by manifest.
1057 silly tarball no local data for lightningcss@https://registry.npmjs.org/lightningcss/-/lightningcss-1.32.0.tgz. Extracting by manifest.
1058 silly tarball no local data for lightningcss-win32-x64-msvc@https://registry.npmjs.org/lightningcss-win32-x64-msvc/-/lightningcss-win32-x64-msvc-1.32.0.tgz. Extracting by manifest.
1059 silly tarball no local data for globals@https://registry.npmjs.org/globals/-/globals-16.4.0.tgz. Extracting by manifest.
1060 silly tarball no local data for ajv@https://registry.npmjs.org/ajv/-/ajv-8.20.0.tgz. Extracting by manifest.
1061 silly tarball no local data for esbuild@https://registry.npmjs.org/esbuild/-/esbuild-0.25.12.tgz. Extracting by manifest.
1062 silly tarball no local data for @esbuild/win32-x64@https://registry.npmjs.org/@esbuild/win32-x64/-/win32-x64-0.25.12.tgz. Extracting by manifest.
1063 verbose audit error FetchError: request to https://registry.npmjs.org/-/npm/v1/security/audits/quick failed, reason: 
1063 verbose audit error     at ClientRequest.<anonymous> (C:\Users\mathe\AppData\Roaming\npm\node_modules\npm\node_modules\minipass-fetch\lib\index.js:130:14)
1063 verbose audit error     at ClientRequest.emit (node:events:509:28)
1063 verbose audit error     at emitErrorEvent (node:_http_client:109:11)
1063 verbose audit error     at _destroy (node:_http_client:993:9)
1063 verbose audit error     at onSocketNT (node:_http_client:1013:5)
1063 verbose audit error     at process.processTicksAndRejections (node:internal/process/task_queues:91:21) {
1063 verbose audit error   code: 'EACCES',
1063 verbose audit error   errno: 'EACCES',
1063 verbose audit error   type: 'system'
1063 verbose audit error }
1064 silly audit error undefined
1065 timing auditReport:getReport Completed in 556ms
1066 silly audit report null
1067 timing reify:audit Completed in 556ms
1068 timing npm Completed in 78045ms
1069 verbose unfinished npm timer command:install 1785434932448
1070 verbose unfinished npm timer reify 1785434932455
1071 verbose unfinished npm timer reify:unpack 1785434938519
1072 verbose unfinished npm timer reifyNode:node_modules/@babel/parser 1785434938519
1073 verbose unfinished npm timer reifyNode:node_modules/@esbuild-kit/core-utils/node_modules/esbuild 1785434938519
1074 verbose unfinished npm timer reifyNode:node_modules/which 1785434938520
1075 verbose unfinished npm timer reifyNode:node_modules/esbuild 1785434938520
1076 verbose unfinished npm timer reifyNode:node_modules/typescript 1785434938520
1077 verbose unfinished npm timer reifyNode:node_modules/update-browserslist-db 1785434938520
1078 verbose unfinished npm timer reifyNode:node_modules/tsconfig-paths/node_modules/json5 1785434938520
1079 verbose unfinished npm timer reifyNode:node_modules/semver 1785434938520
1080 verbose unfinished npm timer reifyNode:node_modules/sharp/node_modules/semver 1785434938520
1081 verbose unfinished npm timer reifyNode:node_modules/napi-postinstall 1785434938520
1082 verbose unfinished npm timer reifyNode:node_modules/nanoid 1785434938520
1083 verbose unfinished npm timer reifyNode:node_modules/loose-envify 1785434938520
1084 verbose unfinished npm timer reifyNode:node_modules/json5 1785434938520
1085 verbose unfinished npm timer reifyNode:node_modules/js-yaml 1785434938521
1086 verbose unfinished npm timer reifyNode:node_modules/jiti 1785434938521
1087 verbose unfinished npm timer reifyNode:node_modules/jsesc 1785434938521
1088 verbose unfinished npm timer reifyNode:node_modules/is-bun-module/node_modules/semver 1785434938521
1089 verbose unfinished npm timer reifyNode:node_modules/eslint 1785434938521
1090 verbose unfinished npm timer reifyNode:node_modules/browserslist 1785434938521
1091 verbose unfinished npm timer reifyNode:node_modules/acorn 1785434938521
1092 verbose unfinished npm timer reifyNode:node_modules/@vercel/og 1785434938521
1093 verbose unfinished npm timer reifyNode:node_modules/@vitejs/plugin-react 1785434938521
1094 verbose unfinished npm timer reifyNode:node_modules/@vitejs/plugin-rsc 1785434938521
1095 verbose unfinished npm timer reifyNode:node_modules/@vitejs/plugin-rsc/node_modules/@rolldown/pluginutils 1785434938521
1096 verbose unfinished npm timer reifyNode:node_modules/@typescript-eslint/typescript-estree 1785434938521
1097 verbose unfinished npm timer reifyNode:node_modules/@typescript-eslint/typescript-estree/node_modules/minimatch 1785434938521
1098 verbose unfinished npm timer reifyNode:node_modules/@typescript-eslint/typescript-estree/node_modules/brace-expansion 1785434938521
1099 verbose unfinished npm timer reifyNode:node_modules/@typescript-eslint/typescript-estree/node_modules/balanced-match 1785434938521
1100 verbose unfinished npm timer reifyNode:node_modules/@typescript-eslint/typescript-estree/node_modules/semver 1785434938521
1101 verbose unfinished npm timer reifyNode:node_modules/@typescript-eslint/utils 1785434938521
1102 verbose unfinished npm timer reifyNode:node_modules/@typescript-eslint/visitor-keys 1785434938521
1103 verbose unfinished npm timer reifyNode:node_modules/@typescript-eslint/visitor-keys/node_modules/eslint-visitor-keys 1785434938521
1104 verbose unfinished npm timer reifyNode:node_modules/@typescript-eslint/type-utils 1785434938521
1105 verbose unfinished npm timer reifyNode:node_modules/@typescript-eslint/types 1785434938521
1106 verbose unfinished npm timer reifyNode:node_modules/@typescript-eslint/scope-manager 1785434938521
1107 verbose unfinished npm timer reifyNode:node_modules/@typescript-eslint/tsconfig-utils 1785434938521
1108 verbose unfinished npm timer reifyNode:node_modules/@typescript-eslint/project-service 1785434938521
1109 verbose unfinished npm timer reifyNode:node_modules/@typescript-eslint/eslint-plugin 1785434938521
1110 verbose unfinished npm timer reifyNode:node_modules/@typescript-eslint/eslint-plugin/node_modules/ignore 1785434938521
1111 verbose unfinished npm timer reifyNode:node_modules/@typescript-eslint/parser 1785434938521
1112 verbose unfinished npm timer reifyNode:node_modules/@unpic/react 1785434938521
1113 verbose unfinished npm timer reifyNode:node_modules/@unpic/core 1785434938521
1114 verbose unfinished npm timer reifyNode:node_modules/@types/node 1785434938521
1115 verbose unfinished npm timer reifyNode:node_modules/@tailwindcss/oxide-win32-x64-msvc 1785434938521
1116 verbose unfinished npm timer reifyNode:node_modules/@tailwindcss/postcss 1785434938522
1117 verbose unfinished npm timer reifyNode:node_modules/@tailwindcss/oxide 1785434938522
1118 verbose unfinished npm timer reifyNode:node_modules/@tailwindcss/node 1785434938522
1119 verbose unfinished npm timer reifyNode:node_modules/@sindresorhus/is 1785434938522
1120 verbose unfinished npm timer reifyNode:node_modules/@rolldown/binding-win32-x64-msvc 1785434938522
1121 verbose unfinished npm timer reifyNode:node_modules/@speed-highlight/core 1785434938522
1122 verbose unfinished npm timer reifyNode:node_modules/@rolldown/pluginutils 1785434938522
1123 verbose unfinished npm timer reifyNode:node_modules/@shuding/opentype.js 1785434938522
1124 verbose unfinished npm timer reifyNode:node_modules/@rolldown/binding-wasm32-wasi/node_modules/@napi-rs/wasm-runtime 1785434938522
1125 verbose unfinished npm timer reifyNode:node_modules/@resvg/resvg-wasm 1785434938522
1126 verbose unfinished npm timer reifyNode:node_modules/@poppinss/exception 1785434938522
1127 verbose unfinished npm timer reifyNode:node_modules/@poppinss/dumper 1785434938522
1128 verbose unfinished npm timer reifyNode:node_modules/@poppinss/dumper/node_modules/supports-color 1785434938522
1129 verbose unfinished npm timer reifyNode:node_modules/@poppinss/colors 1785434938522
1130 verbose unfinished npm timer reifyNode:node_modules/@oxc-project/types 1785434938522
1131 verbose unfinished npm timer reifyNode:node_modules/@next/eslint-plugin-next 1785434938523
1132 verbose unfinished npm timer reifyNode:node_modules/@next/swc-win32-x64-msvc 1785434938523
1133 verbose unfinished npm timer reifyNode:node_modules/@next/env 1785434938523
1134 verbose unfinished npm timer reifyNode:node_modules/@cspotcode/source-map-support 1785434938524
1135 verbose unfinished npm timer reifyNode:node_modules/@cspotcode/source-map-support/node_modules/@jridgewell/trace-mapping 1785434938524
1136 verbose unfinished npm timer reifyNode:node_modules/@cloudflare/workerd-windows-64 1785434938524
1137 verbose unfinished npm timer reifyNode:node_modules/@cloudflare/vite-plugin 1785434938524
1138 verbose unfinished npm timer reifyNode:node_modules/@cloudflare/kv-asset-handler 1785434938524
1139 verbose unfinished npm timer reifyNode:node_modules/@cloudflare/unenv-preset 1785434938524
1140 verbose unfinished npm timer reifyNode:node_modules/youch 1785434938524
1141 verbose unfinished npm timer reifyNode:node_modules/youch-core 1785434938524
1142 verbose unfinished npm timer reifyNode:node_modules/yoga-layout 1785434938524
1143 verbose unfinished npm timer reifyNode:node_modules/ws 1785434938524
1144 verbose unfinished npm timer reifyNode:node_modules/wrangler 1785434938524
1145 verbose unfinished npm timer reifyNode:node_modules/wrangler/node_modules/@esbuild/win32-x64 1785434938524
1146 verbose unfinished npm timer reifyNode:node_modules/wrangler/node_modules/esbuild 1785434938525
1147 verbose unfinished npm timer reifyNode:node_modules/workerd 1785434938525
1148 verbose unfinished npm timer reifyNode:node_modules/webpack 1785434938525
1149 verbose unfinished npm timer reifyNode:node_modules/webpack/node_modules/estraverse 1785434938525
1150 verbose unfinished npm timer reifyNode:node_modules/webpack/node_modules/eslint-scope 1785434938525
1151 verbose unfinished npm timer reifyNode:node_modules/webpack-sources 1785434938525
1152 verbose unfinished npm timer reifyNode:node_modules/watchpack 1785434938525
1153 verbose unfinished npm timer reifyNode:node_modules/web-vitals 1785434938525
1154 verbose unfinished npm timer reifyNode:node_modules/vite-tsconfig-paths 1785434938525
1155 verbose unfinished npm timer reifyNode:node_modules/vitefu 1785434938525
1156 verbose unfinished npm timer reifyNode:node_modules/vite-plugin-dynamic-import 1785434938526
1157 verbose unfinished npm timer reifyNode:node_modules/vite-plugin-dynamic-import/node_modules/glob-parent 1785434938526
1158 verbose unfinished npm timer reifyNode:node_modules/vite-plugin-dynamic-import/node_modules/fast-glob 1785434938527
1159 verbose unfinished npm timer reifyNode:node_modules/vite-plugin-dynamic-import/node_modules/es-module-lexer 1785434938527
1160 verbose unfinished npm timer reifyNode:node_modules/vite-plugin-commonjs 1785434938527
1161 verbose unfinished npm timer reifyNode:node_modules/vite 1785434938527
1162 verbose unfinished npm timer reifyNode:node_modules/vite/node_modules/picomatch 1785434938527
1163 verbose unfinished npm timer reifyNode:node_modules/vite/node_modules/lightningcss-win32-x64-msvc 1785434938527
1164 verbose unfinished npm timer reifyNode:node_modules/vite/node_modules/lightningcss 1785434938527
1165 verbose unfinished npm timer reifyNode:node_modules/vinext 1785434938527
1166 verbose unfinished npm timer reifyNode:node_modules/unpic 1785434938527
1167 verbose unfinished npm timer reifyNode:node_modules/unicode-trie 1785434938527
1168 verbose unfinished npm timer reifyNode:node_modules/unenv 1785434938527
1169 verbose unfinished npm timer reifyNode:node_modules/undici 1785434938527
1170 verbose unfinished npm timer reifyNode:node_modules/typescript-eslint 1785434938527
1171 verbose unfinished npm timer reifyNode:node_modules/turbo-stream 1785434938527
1172 verbose unfinished npm timer reifyNode:node_modules/tsx 1785434938527
1173 verbose unfinished npm timer reifyNode:node_modules/tsconfck 1785434938527
1174 verbose unfinished npm timer reifyNode:node_modules/tiny-inflate 1785434938527
1175 verbose unfinished npm timer reifyNode:node_modules/terser-webpack-plugin 1785434938527
1176 verbose unfinished npm timer reifyNode:node_modules/tailwindcss 1785434938527
1177 verbose unfinished npm timer reifyNode:node_modules/terser 1785434938527
1178 verbose unfinished npm timer reifyNode:node_modules/strip-literal 1785434938527
1179 verbose unfinished npm timer reifyNode:node_modules/strip-literal/node_modules/js-tokens 1785434938527
1180 verbose unfinished npm timer reifyNode:node_modules/string.prototype.codepointat 1785434938527
1181 verbose unfinished npm timer reifyNode:node_modules/srvx 1785434938527
1182 verbose unfinished npm timer reifyNode:node_modules/schema-utils 1785434938527
1183 verbose unfinished npm timer reifyNode:node_modules/schema-utils/node_modules/json-schema-traverse 1785434938527
1184 verbose unfinished npm timer reifyNode:node_modules/schema-utils/node_modules/ajv-keywords 1785434938527
1185 verbose unfinished npm timer reifyNode:node_modules/schema-utils/node_modules/ajv 1785434938528
1186 verbose unfinished npm timer reifyNode:node_modules/satori 1785434938528
1187 verbose unfinished npm timer reifyNode:node_modules/rolldown 1785434938528
1188 verbose unfinished npm timer reifyNode:node_modules/resolve 1785434938528
1189 verbose unfinished npm timer reifyNode:node_modules/react-server-dom-webpack 1785434938528
1190 verbose unfinished npm timer reifyNode:node_modules/parse-css-color 1785434938528
1191 verbose unfinished npm timer reifyNode:node_modules/pako 1785434938528
1192 verbose unfinished npm timer reifyNode:node_modules/next 1785434938528
1193 verbose unfinished npm timer reifyNode:node_modules/next/node_modules/postcss 1785434938528
1194 verbose unfinished npm timer reifyNode:node_modules/node-releases 1785434938528
1195 verbose unfinished npm timer reifyNode:node_modules/miniflare 1785434938528
1196 verbose unfinished npm timer reifyNode:node_modules/loader-runner 1785434938528
1197 verbose unfinished npm timer reifyNode:node_modules/linebreak 1785434938528
1198 verbose unfinished npm timer reifyNode:node_modules/lightningcss-win32-x64-msvc 1785434938528
1199 verbose unfinished npm timer reifyNode:node_modules/lightningcss 1785434938528
1200 verbose unfinished npm timer reifyNode:node_modules/ipaddr.js 1785434938528
1201 verbose unfinished npm timer reifyNode:node_modules/image-size 1785434938528
1202 verbose unfinished npm timer reifyNode:node_modules/hex-rgb 1785434938528
1203 verbose unfinished npm timer reifyNode:node_modules/globrex 1785434938528
1204 verbose unfinished npm timer reifyNode:node_modules/fflate 1785434938528
1205 verbose unfinished npm timer reifyNode:node_modules/estree-walker 1785434938528
1206 verbose unfinished npm timer reifyNode:node_modules/eslint-config-next 1785434938528
1207 verbose unfinished npm timer reifyNode:node_modules/eslint-config-next/node_modules/globals 1785434938528
1208 verbose unfinished npm timer reifyNode:node_modules/es-module-lexer 1785434938528
1209 verbose unfinished npm timer reifyNode:node_modules/error-stack-parser-es 1785434938528
1210 verbose unfinished npm timer reifyNode:node_modules/enhanced-resolve 1785434938529
1211 verbose unfinished npm timer reifyNode:node_modules/drizzle-orm 1785434938529
1212 verbose unfinished npm timer reifyNode:node_modules/emoji-regex-xs 1785434938529
1213 verbose unfinished npm timer reifyNode:node_modules/electron-to-chromium 1785434938529
1214 verbose unfinished npm timer reifyNode:node_modules/drizzle-kit 1785434938529
1215 verbose unfinished npm timer reifyNode:node_modules/drizzle-kit/node_modules/@esbuild/win32-x64 1785434938529
1216 verbose unfinished npm timer reifyNode:node_modules/drizzle-kit/node_modules/esbuild 1785434938529
1217 verbose unfinished npm timer reifyNode:node_modules/css-gradient-parser 1785434938529
1218 verbose unfinished npm timer reifyNode:node_modules/css-box-shadow 1785434938529
1219 verbose unfinished npm timer reifyNode:node_modules/css-background-parser 1785434938529
1220 verbose unfinished npm timer reifyNode:node_modules/caniuse-lite 1785434938529
1221 verbose unfinished npm timer reifyNode:node_modules/baseline-browser-mapping 1785434938529
1222 verbose unfinished npm timer reifyNode:node_modules/blake3-wasm 1785434938530
1223 verbose unfinished npm timer reifyNode:node_modules/base64-js 1785434938530
1224 verbose unfinished npm timer reifyNode:node_modules/acorn-loose 1785434938530
1225 verbose unfinished npm timer reifyNode:node_modules/acorn-import-phases 1785434938530
1226 info ok
1227 error Exit handler never called!
1228 error This is an error with npm itself. Please report this error at:
1229 error     <https://github.com/npm/cli/issues>
1230 error A complete log of this run can be found in: D:\programas\Projetos de programação\Afiliados Netbox\Site institucional - Netbox\.npm-cache\_logs\2026-07-30T18_08_51_284Z-debug-0.log
